koerperschaft_id;koerperschaft_name;koerperschaft_name_gnd;gnd_sachgruppe;name_flag;literaturfern_status;bemerkung;website;updated_at
K2767;Undercoverbooks;;;;false;;;2026-04-12 19:24:36.816104
K2749;Typo.M;;;;false;Typografie, Satz, Gestaltung und der Herstellung hochwertiger Druckerzeugnisse;https://www.typo-m.de/unternehmen2;2026-04-12 16:34:48.658505
K54;Adonia;Adonia (Körperschaft);Gruppe, Organisationssoziologie, Interaktion;;true;christlicher Verein;;2026-04-12 16:34:48.658505
K25;AB, TravenBooks;;;;false;;;2026-04-12 19:24:36.816104
K3489;vomhörensehen medienagentur;;;;true;medienagentur;;2026-04-12 16:34:48.658505
K115;Anderland Books;;;;false;Mini-Verlag;https://anderlandbooks.com/home;2026-04-12 19:24:36.816104
K3498;wespen-kontor;;;;unklar;unklar;;2026-04-12 16:34:48.658505
K3502;worttransport.de;;;;unklar;unklar;;2026-04-12 16:34:48.658505
K3207;Wydawnictwo Tadeusz Serocki;;;;unklar;unklar;;2026-04-12 16:34:48.658505
K56;Adwork Köln - Halven Hahn Produktion;;;;false;verlag;;2026-04-12 16:34:48.658505
K323;Bibliogr. Inst.;;;;false;;;2026-04-12 19:24:36.816104
K2139;Paarl Rock Publishers;;;;false;;;2026-04-12 19:24:36.816104
K2068;Nikol;Arbeitsgruppe NIKOL;;Gemeinschaft;false;Verlag;;2026-04-12 16:34:48.658505
K2092;Oberschlesisches Eichendorff-Kultur- und Begegnungszentrum;Górnośla̜skie Centrum Kultury i Spotkań Im. Eichendorffa w Łubowicach;;;true;Kultur- und Begegnungszentrum;;2026-04-12 16:34:48.658505
K18;A.E. Johann-Gesellschaft e.V.;;;Verein;false;;;2026-04-12 16:34:48.658505
K30;AIKA Consulting GmbH;;;Unternehmen;true;unternehmensberatung;https://www.northdata.de/AIKA%20Consulting%20GmbH,%20Ahnatal/Amtsgericht%20Kassel%20HRB%2016864;2026-04-12 16:34:48.658505
K15;A. Hennig;;;;unklar;Person;;2026-04-12 16:34:48.658505
K153;Arkade;;;;unklar;unklar;;2026-04-12 16:34:48.658505
K155;Armin-T-Wegner-Ges.;Armin-T.-Wegner-Gesellschaft;;Gemeinschaft;false;Autorengesellschaft;https://armin-t-wegner.de/die-gesellschaft/;2026-04-12 16:34:48.658505
K227;B.R. Filtec GmbH c/o Tahja Bennet;;;Unternehmen;unklar;unklar;;2026-04-12 16:34:48.658505
K175;Asmussen;;;;unklar;unklar;;2026-04-12 16:34:48.658505
K176;Asoka;;;;unklar;unklar;;2026-04-12 16:34:48.658505
K3;/;;;;unklar;leer;;2026-04-12 16:34:48.658505
K12;A. Agic;;;;unklar;Person;;2026-04-12 16:34:48.658505
K121;Andres;;;;unklar;unklar;;2026-04-12 16:34:48.658505
K122;Andresen;;;;unklar;unklar;;2026-04-12 16:34:48.658505
K6;27amigos;;;;false;verlag;;2026-04-12 16:34:48.658505
K8;3. Oktober – Deutschland singt und klingt;;;;true;initiative;;2026-04-12 16:34:48.658505
K21;A7L Thrilling Books Limited;;;;false;;;2026-04-12 19:24:36.816104
K451;C & N;;;;unklar;unklar;;2026-04-12 16:34:48.658505
K3338;enPunto;;;;unklar;unklar;;2026-04-12 16:34:48.658505
K1766;Lesewuth;;;;false;verlag;;2026-04-12 16:34:48.658505
K123;Angele;Angele-Sippe;;;true;Genealogie;http://www.angele-sippe.org/;2026-04-12 16:34:48.658505
K129;Ansichtssache - Agentur für Gestaltung;;;;true;Kommunikationsdesign Agentur;https://www.ansichtssache.de/?srsltid=AfmBOor4x4zICWZoOQahBC5nbVAhISR7Z0sOyo5Q3hejTB7hFj8m_1KY;2026-04-12 16:34:48.658505
K13;A. Delon;;;;unklar;unklar;;2026-04-12 16:34:48.658505
K139;April G. Dark c/o Gabriela Schmid;;;;unklar;Person;;2026-04-12 16:34:48.658505
K140;Aquensis;Cappella Aquensis;Musik (Allgemeines), Musikgeschichte;;false;Verlag;https://www.aquensis-verlag.de/;2026-04-12 16:34:48.658505
K142;Arbeitsgemeinschaft Selbstständiger Migranten e.V.;Arbeitsgemeinschaft Selbstständiger Migranten e.V.;"Bevölkerung, Sozialstruktur, Soziale Situation, Soziale Bewegungen; Arbeit";Verein;true;Verein;https://www.asm-hh.de/;2026-04-12 16:34:48.658505
K143;Arbeitskreis der Gleichstellungsbeauftragten des Märkischen Kreises, Arbeitskreis der Gleichstellungsbeauftragten des Märkischen;;;Gemeinschaft;true;Arbeitskreis;;2026-04-12 16:34:48.658505
K144;Arbeitskreis für Dorfentwicklung und Heimatpflege;Arbeitskreis für Dorfentwicklung und Heimatpflege;;Gemeinschaft;true;Arbeitskreis;;2026-04-12 16:34:48.658505
K2013;Mosers Büro GmbH;;;Unternehmen;true;Mediencoachings, Wirkungstrainings, Personal Branding;https://www.mosers.cc/;2026-04-12 16:34:48.658505
K2015;MuSingal;;;;false;verlag;;2026-04-12 16:34:48.658505
K2318;Reimer;;;;unklar;unklar;;2026-04-12 16:34:48.658505
K2500;Schwarzer Drachen;;;;unklar;unklar;;2026-04-12 16:34:48.658505
K2402;SCM;SCM;;;unklar;unklar;;2026-04-12 16:34:48.658505
K2513;Scribitur;;;;false;Schreibprojekte, Bücher, Storytelling;https://www.facebook.com/scribitur/;2026-04-12 16:34:48.658505
K2516;Seeling;Galerie Seeling;Einzelne Branchen der Industrie und des Handwerks;;unklar;unklar;;2026-04-12 16:34:48.658505
K2405;SE Stengel;;;;unklar;unklar;;2026-04-12 16:34:48.658505
K2544;Shakti & Sargam;;;;unklar;"Indische Kultur und mehr
Entertainer in Schwäbisch Hall
";http://www.shakti-sargam.de/;2026-04-12 16:34:48.658505
K2574;Soli Netz;;;;true;Netzwerk von Menschen, die gesellschaftsveränderndes Handeln aktiv unterstützen wollen;https://soli-netz.blog/veraenderung-lebt-vom-tun-wer-wir-sind-und-was-wir-wollen/;2026-04-12 16:34:48.658505
K2581;Sonnenberg;;;;unklar;unklar;;2026-04-12 16:34:48.658505
K2585;Specht, Ulrich;;;;unklar;person;;2026-04-12 16:34:48.658505
K2589;Sphinx Agency;;;;false;Literaturagentur und Verlag;https://sphinxagency.com/;2026-04-12 16:34:48.658505
K2411;SPRACHFLECHTWERK;;;;false;literarisches Integrationsprojekt;;2026-04-12 16:34:48.658505
K2594;Springer;Springer;Musik (Allgemeines), Musikgeschichte;;unklar;unklar;;2026-04-12 16:34:48.658505
K2595;Sprudelkiste.com Gleißner;;;;true;Werbeagentur;https://sprudelkiste.com/ueber-uns/;2026-04-12 16:34:48.658505
K2615;Steinmann;;;;unklar;verlag;https://www.steinmannverlag.de/wordpress/;2026-04-12 16:34:48.658505
K2621;Stephenson, C;S. & C. Stephenson (London);;;unklar;unklar;;2026-04-12 16:34:48.658505
K2626;Stocker;;;;unklar;unklar;;2026-04-12 16:34:48.658505
K2638;Strozpress;;;;unklar;unklar;;2026-04-12 16:34:48.658505
K2642;Studio Raster;;;;unklar;unklar;;2026-04-12 16:34:48.658505
K2643;Stumpp;;;;unklar;unklar;;2026-04-12 16:34:48.658505
K2661;Süddt. Zeitung GmbH;Süddeutsche Zeitung GmbH;"Presse; Einzelne Branchen der Industrie und des Handwerks";Unternehmen;unklar;Herausgabe, Verlag und Vertrieb von Presse- und sonstigen Verlagserzeugnissen;https://www.northdata.de/S%C3%BCddeutsche%20Zeitung%20GmbH,%20M%C3%BCnchen/HRB%2073315;2026-04-12 16:34:48.658505
K2664;Südwest;;;;unklar;unklar;;2026-04-12 16:34:48.658505
K2658;Sylcho Studio;;;;unklar;unklar;;2026-04-12 16:34:48.658505
K2687;Telesma;;;;false;verlag;;2026-04-12 16:34:48.658505
K2750;Typostudio Schumacher-Gebler;Schumacher-Gebler;;;false;Druck, Typografie;http://www.schumachergebler.com/;2026-04-12 16:34:48.658505
K2759;Ulisses Spiele;;;;unklar;Comics, E-Books, Phantastische Brett-, Karten-, Rollen- und Tabletopspiele;https://www.ulisses-ebooks.de/de/;2026-04-12 16:34:48.658505
K2780;Universo;Grupo Universo;;;unklar;unklar;;2026-04-12 16:34:48.658505
K2773;Univ. Palackého;Univerzita Palackého v Olomouci;Hochschule;;true;universität;;2026-04-12 16:34:48.658505
K2806;Vallentin;;;;unklar;unklar;;2026-04-12 16:34:48.658505
K55;Advent-Wohlfahrtswerk Seniorenheim Neandertal gmbH;;;Unternehmen;true;seniorenheim;https://www.google.com/search?q=Advent-Wohlfahrtswerk+Seniorenheim+Neandertal+gmbH&client=firefox-b-e&hs=dZM&sca_esv=aad768131f77519f&channel=entpr&sxsrf=ANbL-n46Bo0diTYDdLLNJxQGt62h7AEwcw%3A1776021894256&ei=hvHbabCpD9aoi-gPr5it2Qk&biw=1280&bih=559&ved=0ahUKEwiwhPuQhemTAxVW1AIHHS9MK5sQ4dUDCBE&uact=5&oq=Advent-Wohlfahrtswerk+Seniorenheim+Neandertal+gmbH&gs_lp=Egxnd3Mtd2l6LXNlcnAiMkFkdmVudC1Xb2hsZmFocnRzd2VyayBTZW5pb3JlbmhlaW0gTmVhbmRlcnRhbCBnbWJIMgYQABgWGB4yBhAAGBYYHjIGEAAYFhgeMgUQABjvBTIFEAAY7wUyBRAAGO8FMgUQABjvBUipBFC1Ali1AnABeAGQAQCYAW6gAW6qAQMwLjG4AQPIAQD4AQL4AQGYAgKgAoYBwgIKEAAYsAMY1gQYR8ICDRAAGIAEGLADGEMYigXCAg4QABiwAxjkAhjWBNgBAcICExAuGIAEGLADGEMYyAMYigXYAQGYAwCIBgGQBhG6BgYIARABGAmSBwMxLjGgB8cGsgcDMC4xuAd0wgcFMi0xLjHIBxGACAA&sclient=gws-wiz-serp;2026-04-12 16:34:48.658505
K195;Audio-To-Go Publishing Ltd.;;;;false;;;2026-04-12 19:24:36.816104
K2790;VEG;;;;unklar;unklar;;2026-04-12 16:34:48.658505
K2817;Verein Frauenhäuser Steiermark, Verein Frauenhäuser;Frauenhäuser Steiermark - Verein zur Soforthilfe für Bedrohte und Misshandelte Frauen und Deren Kinder;;Verein;true;Frauenhäuser Verein;https://www.frauenhaeuser.at/;2026-04-12 16:34:48.658505
K2818;Verein Glitter;Verein Glitter;;Verein;false;Herausgabe queere Literaturzeitschrift;https://www.glitter-online.org/;2026-04-12 16:34:48.658505
K2819;Verein Gruppe Wespennest;Verein Gruppe Wespennest;;Verein;false;Herausgabe Literaturzeitschrift;https://wespennest.at/w.php?impressum;2026-04-12 16:34:48.658505
K2822;Verein Zeitschrift delirium;Verein Delirium;;Verein;false;Herausgabe Literaturzeitschrift;;2026-04-12 16:34:48.658505
K206;Autoren Netzwerk;;;Gemeinschaft;false;;;2026-04-12 19:24:36.816104
K73;Albatros;;;;unklar;unklar;;2026-04-12 16:34:48.658505
K77;Alexander, Darleen;;;;unklar;person;;2026-04-12 16:34:48.658505
K80;Ali Hensel;;;;unklar;person;;2026-04-12 16:34:48.658505
K85;Almadinah gUG;;;;true;humanitäre Einrichtung;https://www.almadinah.de/uber-uns;2026-04-12 16:34:48.658505
K92;Alphabeta;AlphaBeta;;;true;Content Marketing-Agentur;https://www.alphabeta.de/;2026-04-12 16:34:48.658505
K91;Alpha Litart;;;;false; Die Produktion, der Vertrieb, die Vermittlung sowie Verlagstätigkeiten von Kunst und Literatur und die Betreuung von Autoren und Künstlern. ;https://www.northdata.de/Alpha-LitArt%20GmbH,%20Bonn/HRB%2022536;2026-04-12 16:34:48.658505
K93;Altan;Altan;Musik (Allgemeines), Musikgeschichte;;unklar;unklar;;2026-04-12 16:34:48.658505
K36;APRYCOT;;;;false;verlag;https://aprycot.media/;2026-04-12 16:34:48.658505
K166;Artemis und Winkler;Artemis & Winkler;;;false;verlag;;2026-04-12 16:34:48.658505
K165;Artemis & Winkler;Artemis & Winkler;;;false;verlag;;2026-04-12 16:34:48.658505
K168;Artpress;;;;true;kommunikationsberatung;https://www.artpress-uteweingarten.de/;2026-04-12 16:34:48.658505
K436;Bächtold;;;;unklar;unklar;;2026-04-12 16:34:48.658505
K382;Brighton GROUP GmbH;;;Unternehmen;false;Veranstaltungen von Events, Lesungen, Ausstellungen/Vernissagen, Präsentation auf Messen, Mediendesign, SEO und Influencer-Tätigkeiten, Mechandising, Hostessenservice, die Konzipierung von Brandings, von Marken bis zur Anmeldung beim Markenanwalt und von Designerroben, die Konzipierung, Lektorierung und Korrektorat von Medien aller Art wie Videos, Bücher, Hörbücher, E-Books, Malbücher in limitierter Auflage, Illustrationen und Gemälde digital und physisch sowie deren Vertrieb. ;;2026-04-12 16:34:48.658505
K500;Ch. Möllmann;;;;unklar;person;;2026-04-12 16:34:48.658505
K393;Brückenschreiber Koblenz;Brückenschreiber Koblenz;;;false;autorengruppe;;2026-04-12 16:34:48.658505
K421;Budde-Haus – Soziokulturelles Zentrum Leipzig-Gohlis;Heinrich-Budde-Haus Leipzig;Ortsgebundene Bauwerke;;true;soziokulturelles Zentrum;https://www.budde-haus.de/;2026-04-12 16:34:48.658505
K423;Bundesverb. Alphabetisierung und Grundbildung;Bundesverband Alphabetisierung und Grundbildung;;Verband;true;bundesweite Fach-, Service- und Lobbyeinrichtung;https://alphabetisierung.de/;2026-04-12 16:34:48.658505
K426;Bundeswettbewerbe der Berliner Festspiele;;;;false;;https://www.berlinerfestspiele.de/treffen-junge-szene/die-treffen/die-vier-treffen;2026-04-12 16:34:48.658505
K1747;Leim;;;;unklar;unklar;;2026-04-12 16:34:48.658505
K422;Bund für Dt. Schrift und Sprache;Bund für Deutsche Schrift und Sprache;;;unklar;Verein für Schrift- und Sprachkultur;;2026-04-12 16:34:48.658505
K449;Bürgerstiftung Düren;Bürgerstiftung Düren;;;true;Bürgerstiftung ;https://buergerstiftung-dueren.de/;2026-04-12 16:34:48.658505
K1746;Lehr, Jennifer;;;;unklar;Person;;2026-04-12 16:34:48.658505
K212;Autorenquelle Limburg;;;;false;;;2026-04-12 19:24:36.816104
K364;Bookmundo Osiander;;;;false;;;2026-04-12 19:24:36.816104
K448;Bürger- und Heimatverein Barßel e.V.;Bürger- und Heimatverein Barßel;;Verein;true;Bürger- und Heimatverein;https://bhv-barssel.com/;2026-04-12 16:34:48.658505
K516;CiTi;;;;unklar;unklar;;2026-04-12 16:34:48.658505
K521;Claudius;;;;unklar;unklar;;2026-04-12 16:34:48.658505
K522;Cleya;;;;unklar;unklar;;2026-04-12 16:34:48.658505
K466;CLIO;Clio;Musik (Allgemeines), Musikgeschichte;;unklar;unklar;;2026-04-12 16:34:48.658505
K539;ContraPunkt;Contrapunkt;Musik (Allgemeines), Musikgeschichte;;unklar;Kulturkollektiv ;https://www.contrapunkt.net/;2026-04-12 16:34:48.658505
K456;C.-P. Peters;;;;unklar;person;;2026-04-12 16:34:48.658505
K551;Crearta;;;;unklar;unklar;;2026-04-12 16:34:48.658505
K555;Crespo Foundation;Crespo Foundation;Kultur, Künste allgemein;;unklar;Kunst und Kulturförderung;https://www.crespo-foundation.de/;2026-04-12 16:34:48.658505
K455;C. Simon;;;;unklar;person;;2026-04-12 16:34:48.658505
K473;CTM Lesekultur, Christine Reiter;;;;false;sprachliche und literarische bildung;https://lese-kultur.de/;2026-04-12 16:34:48.658505
K558;CulturTainment;;;;false;multimediale Tummelplatz ;https://culturtainment.info/;2026-04-12 16:34:48.658505
K564;DAS GRAMM e.K.;;;Unternehmen;false;verlag/zeitschrift;https://www.dasgramm.de/;2026-04-12 16:34:48.658505
K566;DCS;DCS;Musik (Allgemeines), Musikgeschichte;;unklar;unklar;;2026-04-12 16:34:48.658505
K563;D. Sargon;;;;unklar;unklar;;2026-04-12 16:34:48.658505
K2322;Reinhardt;;;;unklar;unklar;;2026-04-12 16:34:48.658505
K2823;Verein zur Förderung der Raumfahrt e.V.;Verein zur Förderung der Raumfahrt;;Verein;true;Verein zur Förderung der Raumfahrt;https://vfr.de/;2026-04-12 16:34:48.658505
K2825;Verein zur Förderung und Vernetzung von Jugendkultur;;;Verein;true;Jugendkulturverein und Umweltbildung;https://vfju.de/;2026-04-12 16:34:48.658505
K3060;Vesi;;;;unklar;unklar;;2026-04-12 16:34:48.658505
K2794;VF Die Fontäne;;;;false;verlag;https://www.friederzirkler.de/ueber-mich/der-verlag;2026-04-12 16:34:48.658505
K2786;V. F. Sammler;;;;false;verlag;https://www.vfsammler.com/;2026-04-12 16:34:48.658505
K3487;via Pho.to-Tool/ Made by Photo Lab, Fritz;;;;true;Fotobearbeitungstool;https://pho.to/;2026-04-12 16:34:48.658505
K3069;Violet Truelove;;;;unklar;person;;2026-04-12 16:34:48.658505
K3072;Vja;;;;unklar;unklar;;2026-04-12 16:34:48.658505
K2797;VNA;VNA;Musik (Allgemeines), Musikgeschichte;;unklar;unklar;;2026-04-12 16:34:48.658505
K3084;Vögel;;;;unklar;unklar;;2026-04-12 16:34:48.658505
K2800;VS;;;;unklar;unklar;;2026-04-12 16:34:48.658505
K2803;VTA;;;;unklar;unklar;;2026-04-12 16:34:48.658505
K3158;WeyTeCon Förlag (WF);;;;false;verlag (schwedisch);https://verlag.weytecon.com/wf-de.html;2026-04-12 16:34:48.658505
K3174;Windspiel;Windspiel;Musik (Allgemeines), Musikgeschichte;;unklar;unklar;;2026-04-12 16:34:48.658505
K3171;Wind und Sterne;;;;unklar;unklar;;2026-04-12 16:34:48.658505
K3175;WirFinden.Es Naß und Hellie GbR;;;Unternehmen;false;Startup bietet Leistungen für Autor:innen im Selfpublishing;https://wirfinden.es/;2026-04-12 16:34:48.658505
K3187;Wolf;;;;unklar;unklar;;2026-04-12 16:34:48.658505
K3199;Wortspieler;Die Wortspieler;;;unklar;unklar;;2026-04-12 16:34:48.658505
K3509;xlibri;xlibri.de (Firma);;Unternehmen;false;Bildungseinrichtung zu Literatur und Autoren;;2026-04-12 16:34:48.658505
K3215;Yellow King Productions;;;;false;Multimediaagentur sowie eine unabhängige Produktionsstätte für Hörspiele;https://www.yellow-king-productions.de/;2026-04-12 16:34:48.658505
K3218;Young Stories, Frankfurt;;;;false;Anthologie der Longlist des gleichnamigen Schreibwettbewerbs zur Frankfurter Buchmesse 2019.;https://buchshop.bod.de/frankfurt-young-stories-frankfurter-buchmesse-9783750404564;2026-04-12 16:34:48.658505
K677;Draconis Books;;;;false;;;2026-04-12 19:24:36.816104
K582;Daphne Bühner c/o Autorenbetreuung Carole Minn;;;;false;;;2026-04-12 19:24:36.816104
K584;Das Entlebucher Medienhaus;;;;false;;;2026-04-12 19:24:36.816104
K638;Die2 Verlag;Die2, Verein für Theater- und Konzertaufführungen und Verbreitung Europäischer Kultur;;Verein;false;;;2026-04-12 19:24:36.816104
K653;Dokumentationsstelle für Neuere Österr. Literatur;;;;false;;;2026-04-12 19:24:36.816104
K667;Dover Publications, Inc.;Dover Publications;;;false;;;2026-04-12 19:24:36.816104
K731;EROSTEPOST- Verein für Literatur und Literaturzeitschrift;;;Verein;false;;;2026-04-12 19:24:36.816104
K748;Eckhart Schmidt Publishing;;;;false;;;2026-04-12 19:24:36.816104
K785;Ed. Gelsen;Edita Gelsen, Verlegender Literaturverein;;Verein;false;;;2026-04-12 19:24:36.816104
K875;Edita Gelsen;Edita Gelsen, Verlegender Literaturverein;;Verein;false;;;2026-04-12 19:24:36.816104
K902;Edition Dichtungsring;Dichtungsring e.V.;;Verein;false;;;2026-04-12 19:24:36.816104
K174;Askan - Familienforschung & Heimatkunde, Bärbel und Beatrice Barnehl GbR;;;Unternehmen;unklar;unklar;;2026-04-12 16:34:48.658505
K40;ATE;Ate;;;unklar;unklar;;2026-04-12 16:34:48.658505
K181;Atelier Coaching & Training;;;;true;coaching;;2026-04-12 16:34:48.658505
K182;Atelier Colorwaves;;;;unklar;unklar;;2026-04-12 16:34:48.658505
K183;Atelier Margits Art;;;;true;atelier;;2026-04-12 16:34:48.658505
K184;Atelier Monika Stocker;;;;unklar;person;;2026-04-12 16:34:48.658505
K190;Aton;Aton-Saxophonquartett;Musik (Allgemeines), Musikgeschichte;;unklar;unklar;;2026-04-12 16:34:48.658505
K193;Attenkofer;Cl. Attenkofer (Straubing);;;false;verlag;;2026-04-12 16:34:48.658505
K215;Ave;;;;unklar;unklar;;2026-04-12 16:34:48.658505
K220;Axon;Axon;Musik (Allgemeines), Musikgeschichte;;unklar;unklar;;2026-04-12 16:34:48.658505
K222;Ayurveda-Verein Nexenhof;;;Verein;true;verein;;2026-04-12 16:34:48.658505
K223;Azur;;;;unklar;unklar;;2026-04-12 16:34:48.658505
K250;Baar;;;;unklar;unklar;;2026-04-12 16:34:48.658505
K251;Bachem;;;;unklar;unklar;;2026-04-12 16:34:48.658505
K1050;Erika Hörzer;;;;unklar;Person;;2026-04-12 16:34:48.658505
K252;Bachem, J P;J. P. Bachem (Köln);;;unklar;unklar;;2026-04-12 16:34:48.658505
K259;Baier;;;;unklar;unklar;;2026-04-12 16:34:48.658505
K262;BaltArtGmbH Switzerland;;;Unternehmen;false;verlag;;2026-04-12 16:34:48.658505
K1118;Fondation Servais pour la littérature luxembourgeoise;Fondation Servais pour la Littérature Luxembourgeoise;;;false;Stiftung für Literatur;https://fondationservais.lu/;2026-04-12 16:34:48.658505
K1120;Fontana Edizioni;Fontana edizioni;;;false;Verlag;https://www.fontanaedizioni.ch/;2026-04-12 16:34:48.658505
K1121;Fontis;Fontis AG;;;false;Verlag;https://www.fontis-shop.ch/;2026-04-12 16:34:48.658505
K1124;Forum Gundernhausen;Forum Gundernhausen;;Gemeinschaft;true;Kulturverein;https://www.nachhaltig-zusammen-leben.jetzt/gemeinsam-gestalten/kunst-und-kultur-leben/;2026-04-12 16:34:48.658505
K1125;Forum Stadtkirche Wunstorf;Forum Stadtkirche Wunstorf;;Gemeinschaft;false;Verein (Kirche) ;https://www.forum-stadtkirche.de/verein/;2026-04-12 16:34:48.658505
K1126;Forumhelden GmbH;;;Gemeinschaft;true;Forennetzwerk;https://www.forumhelden.de/ueber-uns/;2026-04-12 16:34:48.658505
K1129;Francke;;;;unklar;unklar;;2026-04-12 16:34:48.658505
K1014;ElIbiary;;;;unklar;unklar;;2026-04-12 16:34:48.658505
K1108;Fischer Digital;;;;unklar;unklar;;2026-04-12 16:34:48.658505
K1114;Fischern;;;;unklar;unklar;;2026-04-12 16:34:48.658505
K1115;Flying Grandpa;;;;unklar;unklar;;2026-04-12 16:34:48.658505
K980;Edition fabrik.transit;Literatur- und Kunstverein fabrik.transit;;Verein;false;;;2026-04-12 19:24:36.816104
K2050;Neopubli;;;;false;;;2026-04-12 19:24:36.816104
K275;Bautz;Bautz (Saulgau);;;unklar;unklar;;2026-04-12 16:34:48.658505
K279;Be + Be;;;;unklar;unklar;;2026-04-12 16:34:48.658505
K284;Beck, C H;H. W. Beck (C. Tappen) (Firma);;Unternehmen;unklar;unklar;;2026-04-12 16:34:48.658505
K290;Beltz;;;;unklar;unklar;;2026-04-12 16:34:48.658505
K299;Berger;;;;unklar;unklar;;2026-04-12 16:34:48.658505
K303;Bergverein zu Hüttenrode e.V.;Bergverein (Hüttenrode);;Verein;true;bergverein;;2026-04-12 16:34:48.658505
K813;Ed. M&S;Associazione commercianti ed esercenti Brione s/M;;;unklar;unklar;;2026-04-12 16:34:48.658505
K722;EDUTAINMENT GmbH, VISUAL;;;Unternehmen;unklar;unklar;;2026-04-12 16:34:48.658505
K2632;Storyvents;;;;false;Literaturagentur, Redneragentur, Publishing;https://storyvents.com/;2026-04-12 16:34:48.658505
K1236;Goldstadt-Autoren e. V., Verein;;;Verein;false;;;2026-04-12 19:24:36.816104
K1253;Grass Publishers;;;;false;;;2026-04-12 19:24:36.816104
K1281;Günther Emigs Literatur-Betrieb;;;;false;;;2026-04-12 19:24:36.816104
K1308;Hanno Herbst Musik & Buch;;;;false;;;2026-04-12 19:24:36.816104
K1309;Hans-Werner Kulinna c/o Autorenglück.de;;;;false;;;2026-04-12 19:24:36.816104
K1350;Hellinger Publ.;;;;false;;;2026-04-12 19:24:36.816104
K1351;Hellinger Publications;;;;false;;;2026-04-12 19:24:36.816104
K1369;Herta Ahrenzmann c/o AutorenServices.de;;;;false;;;2026-04-12 19:24:36.816104
K1377;HeuwägelchenBücher;;;;false;;;2026-04-12 19:24:36.816104
K2;#BerlinAuthors;;;;false;Autor*innen-Netzwerk;https://berlinauthors.de/;2026-04-12 16:34:48.658505
K306;Berliner Kreis;Berliner Kreis;;Gemeinschaft;unklar;unklar;;2026-04-12 16:34:48.658505
K311;Bernewitz, Paul;;;;unklar;person;;2026-04-12 16:34:48.658505
K315;Bertram;;;;unklar;unklar;;2026-04-12 16:34:48.658505
K3250;beTHRILLED;;;;false;verlag;https://bastei-luebbe.de/unternehmen/unsere-verlage/bethrilled?srsltid=AfmBOor2p8jn-hEN0Pg0LeJVY8g9ahlwyZecOsVDS3OQKFDkfSNE-fdS;2026-04-12 16:34:48.658505
K318;Betz;;;;unklar;unklar;;2026-04-12 16:34:48.658505
K326;BildSpracheWortLaut;;;;unklar;unklar;;2026-04-12 16:34:48.658505
K236;BLB;;;;unklar;unklar;;2026-04-12 16:34:48.658505
K343;Blitz;;;;unklar;unklar;;2026-04-12 16:34:48.658505
K346;Blohn;;;;unklar;unklar;;2026-04-12 16:34:48.658505
K225;B. Mastori;;;;unklar;person;;2026-04-12 16:34:48.658505
K226;B. Montua;;;;unklar;person;;2026-04-12 16:34:48.658505
K353;Bodan;Bodan Werft;"Fahrzeugbau, Fördertechnik, Raumfahrttechnik; Einzelne Branchen der Industrie und des Handwerks";;unklar;unklar;;2026-04-12 16:34:48.658505
K354;Boder;boeder AG;Handel allgemein, Dienstleistung allgemein;;unklar;unklar;;2026-04-12 16:34:48.658505
K357;Boesche;;;;unklar;unklar;;2026-04-12 16:34:48.658505
K440;Böhme;;;;unklar;unklar;;2026-04-12 16:34:48.658505
K376;Braun;;;;unklar;unklar;;2026-04-12 16:34:48.658505
K379;Brendel;Brendel und Brendel;Musik (Allgemeines), Musikgeschichte;;unklar;unklar;;2026-04-12 16:34:48.658505
K3510;zebra bw;Zentrale Beratungsstelle für Weltanschauungsfragen BW;;;true;Zentrale Beratungsstelle für Weltanschauungsfragen BW;https://zebra-bw.com/;2026-04-12 16:34:48.658505
K2441;Satz und Druck Herrmann AG;Herrmann AG;;;false;;;2026-04-12 19:24:36.816104
K2442;SatzZeichen, Autorengruppe;;;Gemeinschaft;false;;;2026-04-12 19:24:36.816104
K3130;Weisz auf Schwarz – Literatuzeitschrift;;;;false;;;2026-04-12 19:24:36.816104
K2312;Regina Mars c/o Block Services;;;;unklar;person;https://www.reginamars.de/impressum/;2026-04-12 16:34:48.658505
K1160;Förderverein Amtliche Vermessung im Kanton Bern;Förderverein 100 Jahre Amtliche Vermessung im Kanton Bern;;Verein;true;Verein Vermessung;https://www.gr.ch/DE/Medien/Mitteilungen/MMStaka/2012/Seiten/2012011902.aspx;2026-04-12 16:34:48.658505
K1162;Förderverein für das Erich-Kästner-Museum;Förderverein für das Erich Kästner Museum;;Verein;false;Literaturmuseum Förderverein;;2026-04-12 16:34:48.658505
K2331;Renáta Baumann-Chybová;;;;unklar;person;;2026-04-12 16:34:48.658505
K1233;Goldmacher;;;;unklar;unklar;;2026-04-12 16:34:48.658505
K1234;Goldmann;;;;unklar;unklar;;2026-04-12 16:34:48.658505
K1235;Goldschmidt GmbH;;;Unternehmen;false;Druck und Medien;https://goldschmidt-druck.de/;2026-04-12 16:34:48.658505
K1242;Golos-Press;;;;unklar;unklar;;2026-04-12 16:34:48.658505
K1246;Grafische Anstalten Hassa & Karl GbR;;;Unternehmen;true;Comic-Schilder;https://www.comic-schilder.de/i/ueber-uns;2026-04-12 16:34:48.658505
K1248;Grafotlac Soltys;;;;unklar;unklar;;2026-04-12 16:34:48.658505
K1249;Grafotlač Šoltys;;;;unklar;unklar;;2026-04-12 16:34:48.658505
K1252;Graphiti;GRAPHITI;;;unklar;unklar;;2026-04-12 16:34:48.658505
K1256;Grenda;;;;unklar;unklar;;2026-04-12 16:34:48.658505
K1258;Greven;;;;unklar;unklar;;2026-04-12 16:34:48.658505
K1260;Grolitsch;;;;unklar;unklar;;2026-04-12 16:34:48.658505
K1261;Grote;;;;unklar;unklar;;2026-04-12 16:34:48.658505
K1264;Gruber;;;;unklar;unklar;;2026-04-12 16:34:48.658505
K1271;Grünberg;;;;unklar;unklar;;2026-04-12 16:34:48.658505
K1272;Grüne Aue;Kleingartenverein Grüne Aue (Leipzig);;Verein;unklar;unklar;;2026-04-12 16:34:48.658505
K1274;Gudruns Töchter;;;;unklar;unklar;;2026-04-12 16:34:48.658505
K1277;Gunda-Werner-Institut;Gunda-Werner-Institut;"Wissenschaft; Sozialpolitik, Entwicklungshilfe";Institut;true;Institut;https://www.gwi-boell.de/de;2026-04-12 16:34:48.658505
K1279;Górnośląskie Centrum Kultury i Spotkań im. Eichendorffa;;;;true;Kultur- und Begegnungszentrum;https://eichendorff.pl/;2026-04-12 16:34:48.658505
K1284;H. Weisenfeld;;;;unklar;unklar;;2026-04-12 16:34:48.658505
K1296;Hager;;;;unklar;unklar;;2026-04-12 16:34:48.658505
K1304;Hammer;;;;unklar;unklar;;2026-04-12 16:34:48.658505
K1307;Hands Art, Four;;;;unklar;unklar;;2026-04-12 16:34:48.658505
K1326;Haus für Poesie;Haus für Poesie;;;false;Literaturhaus;https://www.hausfuerpoesie.org/de;2026-04-12 16:34:48.658505
K1332;Heike Rosa Maria Gaudenti;;;;unklar;Person;;2026-04-12 16:34:48.658505
K1333;Heimann-Stiftung, für Völkerverständigung;Heimann Stiftung für Völkerverständigung;;;true;Stiftung;;2026-04-12 16:34:48.658505
K1334;Heimat- u. Geschichtsverein;;;Verein;true;Heimatverein;;2026-04-12 16:34:48.658505
K1335;Heimat- und Kulturverein Dahme;Heimat- und Kulturverein Dahme;;Verein;true;Heimatverein;;2026-04-12 16:34:48.658505
K1336;Heimat- und Museumsverein Thayaland;Heimat- und Museumsverein Thayaland;;Verein;true;Heimatverein;;2026-04-12 16:34:48.658505
K1337;Heimat- und Verschönerungsverein Bad Salzuflen e.V.;Heimat- und Verschönerungsverein Bad Salzuflen;"Brauchtum, Volksglaube; Geografie, Heimat- und Länderkunde (Allgemeines); Raumordnung, Stadtplanung, Landschaftsgestaltung; Gruppe, Organisationssoziologie, Interaktion; Architektur";Verein;true;Heimatverein;;2026-04-12 16:34:48.658505
K1338;Heimatbote Schwalmtal;;;;true;Heimatverein;;2026-04-12 16:34:48.658505
K1339;Heimatfreunde Winterbach;Heimatfreunde Winterbach;;;true;Heimatverein;;2026-04-12 16:34:48.658505
K1340;Heimatkundlicher Verein für Südböhmen e.V.;;;Verein;true;Heimatverein;;2026-04-12 16:34:48.658505
K1348;Heinz-Willi Dammers;;;;true;Bumerang Entertainment;http://www.hwd-bumerang.de/de/04-kontakt-00.html;2026-04-12 16:34:48.658505
K1363;HerausgeberInnengemeinschaft Irrliche;;;Gemeinschaft;false;HerausgeberInnengemeinschaft ;http://irrliche.org/linkirrliche.htm;2026-04-12 16:34:48.658505
K1364;Herbst Medien;;;;unklar;unklar;;2026-04-12 16:34:48.658505
K1644;Krebs;;;;unklar;unklar;;2026-04-12 16:34:48.658505
K1648;Kreuz;;;;unklar;unklar;;2026-04-12 16:34:48.658505
K1649;Kruse;;;;unklar;unklar;;2026-04-12 16:34:48.658505
K1655;Kulturland Niederösterreich;;;;true;Kulturverein;;2026-04-12 16:34:48.658505
K1663;Kulturzone e.V.;;;Verein;false;Kulturverein;;2026-04-12 16:34:48.658505
K1658;Kulturstammtisch;Kulturstammtisch Kirchstetten;Kultur, Künste allgemein;;true;Kulturverein;;2026-04-12 16:34:48.658505
K1659;Kulturverein Möhnsee e.V.;;;Verein;true;Kulturverein;;2026-04-12 16:34:48.658505
K1660;Kulturverein Schloss Homburg am Main e.V.;Kulturverein Schloss Homburg am Main;Kultur, Künste allgemein;Verein;true;Kulturverein;;2026-04-12 16:34:48.658505
K3258;brennt! GmbH;;;Unternehmen;false;Zweck der Gesellschaft ist die Förderung von Kunst und Kultur. Der Unternehmensgegenstand wird verwirklicht insbesondere durch die Planung, Organisation und Durchführung von öffentlichen Kulturveranstaltungen, wie z.B. Klassikkonzerte, Literaturveranstaltungen und Literaturwettbewerbe für junge Zielgruppen;;2026-04-12 16:34:48.658505
K1464;Initiative DarkSky Nord;;;;true;Initiative für nachhaltige Außenbeleuchtung;https://www.darksky-nord.de/;2026-04-12 16:34:48.658505
K1465;Inkitt Inc.;;;;false;reader-powered publisher;https://www.inkitt.com/;2026-04-12 16:34:48.658505
K1473;Institut für Digitale Ethik;Institut für Digitale Ethik;;Institut;true;;;2026-04-12 16:34:48.658505
K1475;Interforum e.V.;Interforum e.V.;;Verein;true;Kunst- und Kulturverein;;2026-04-12 16:34:48.658505
K1484;Izdatelstvo Vesi;;;;unklar;unklar;;2026-04-12 16:34:48.658505
K2508;Schöler;;;;unklar;unklar;;2026-04-12 16:34:48.658505
K476;Calderan;;;;false;verlag;;2026-04-12 16:34:48.658505
K1491;JFF;;;;unklar;unklar;;2026-04-12 16:34:48.658505
K479;Cameo;Cameo;Musik (Allgemeines), Musikgeschichte;;unklar;unklar;;2026-04-12 16:34:48.658505
K480;Candela;Candela;Musik (Allgemeines), Musikgeschichte;;unklar;unklar;;2026-04-12 16:34:48.658505
K1493;JOJO;Jojo;Musik (Allgemeines), Musikgeschichte;;unklar;unklar;;2026-04-12 16:34:48.658505
K461;CARE Deutschland e.V;CARE Deutschland e.V.;Sozialarbeit, Sozialhilfe;Verein;true;sozialhilfeverein;https://www.care.de/;2026-04-12 16:34:48.658505
K491;Carla Eisfeldt c/o Block Services;;;;unklar;person;;2026-04-12 16:34:48.658505
K494;CarpeGusta;;;;false;offenes Forum für Schriftsteller, Autoren und Literaten,;https://carpegusta-literatur.de/;2026-04-12 16:34:48.658505
K1497;JVA Hannover;Justizvollzugsanstalt (Hannover);;;true;Justizvollzugsanstalt;https://www.justizvollzugsanstalt-hannover.niedersachsen.de/startseite/;2026-04-12 16:34:48.658505
K3523;Österreichische Literaturgesellschaft;Österreichische Literaturgesellschaft;;Gemeinschaft;false;;;2026-04-12 19:24:36.816104
K1063;Europa Buch;;;;false;Verlag;https://www.europabuchladen.com/;2026-04-12 19:24:36.816104
K1144;Freunde der Literatur in Bayern e.V.;Verein der Freunde der Literatur in Bayern e.V.;;Verein;false;Verein;https://www.literaturinbayern.de/verein/;2026-04-12 19:24:36.816104
K1155;Friesische Philologie/Nordfriesische Wörterbuchstelle, Christian-Albrechts-Universität zu Kiel;;;Bildungseinrichtung;false;Universität;;2026-04-12 19:24:36.816104
K109;Amonja Publishing;;;;false;unklar;;2026-04-12 19:24:36.816104
K495;Cartagena;;;;unklar;unklar;;2026-04-12 16:34:48.658505
K1145;Freundeskreis des Literaturhauses Schleswig-Holstein;;;Gemeinschaft;false;Literaturhaus;;2026-04-12 19:24:36.816104
K1498;JWV Wiemann;;;;false;Verlag;https://www.wiemannverlag.de/;2026-04-12 16:34:48.658505
K3222;Zenker, Jan M.;;;;unklar;person;;2026-04-12 16:34:48.658505
K3223;Zenkert;;;;unklar;unklar;;2026-04-12 16:34:48.658505
K3227;Ziethen;Grube Ziethen;Bergbau, Hüttentechnik;;unklar;unklar;;2026-04-12 16:34:48.658505
K3512;zocher & peter;;;;false;verlag;;2026-04-12 16:34:48.658505
K3232;Zürcher Kantonalbank;Zürcher Kantonalbank;"Bank; Einzelne Branchen der Industrie und des Handwerks";;true;Bank;https://www.zkb.ch/de/private.html;2026-04-12 16:34:48.658505
K1505;Janson;;;;unklar;unklar;;2026-04-12 16:34:48.658505
K1392;Hinterländer Geschichtsverein;Hinterländer Geschichtsverein;"Gruppe, Organisationssoziologie, Interaktion; Geografie, Heimat- und Länderkunde (Allgemeines); Geschichte (Allgemeines)";Verein;true;Geschichtsverein;;2026-04-12 16:34:48.658505
K1395;Hirn Kastl & Herz;;;;false;Verlag;;2026-04-12 16:34:48.658505
K1396;Hirnkost KG;Hirnkost KG;;;false;Verlag;https://www.shop-hirnkost.de/;2026-04-12 16:34:48.658505
K1397;Hirschberger;Hirschberger Musikanten;Musik (Allgemeines), Musikgeschichte;;unklar;unklar;;2026-04-12 16:34:48.658505
K1398;Hirt;;;;unklar;unklar;;2026-04-12 16:34:48.658505
K1401;Hoermann;;;;unklar;unklar;;2026-04-12 16:34:48.658505
K1405;Hohe-Dorst, Inka Maria;;;;unklar;Person;;2026-04-12 16:34:48.658505
K1407;Holder;Hoelder!;;;unklar;unklar;;2026-04-12 16:34:48.658505
K1417;Huber;;;;unklar;unklar;;2026-04-12 16:34:48.658505
K1423;Hydre Éditions;;;;false;Verlag;https://hydreditions.eu/;2026-04-12 16:34:48.658505
K1424;Hydre éditions;;;;false;Verlag;https://hydreditions.eu/;2026-04-12 16:34:48.658505
K1426;Höchlerbach;;;;unklar;unklar;;2026-04-12 16:34:48.658505
K1429;I. Reen Bow;;;;unklar;unklar;;2026-04-12 16:34:48.658505
K1431;IDEA;IDEA;Militär;;true;Evangelische Nachrichtenagentur IDEA;https://www.idea.de/;2026-04-12 16:34:48.658505
K1432;IDV AG;;;;true;Software­entwicklung;https://www.idv-ag.de/;2026-04-12 16:34:48.658505
K1439;INKAS;Ecuador Inkas;Musik (Allgemeines), Musikgeschichte;;unklar;unklar;;2026-04-12 16:34:48.658505
K1445;Ida Universum;;;;unklar;Person;;2026-04-12 16:34:48.658505
K1453;Ilona Bürgel;Bürgel, Ilona;;;unklar;Person;;2026-04-12 16:34:48.658505
K1517;Jokers;Great Jokers;Musik (Allgemeines), Musikgeschichte;;false;Verlags-, Versand- und Buchhandelsunternehmen;;2026-04-12 16:34:48.658505
K1521;Jud;JUD;Musik (Allgemeines), Musikgeschichte;;unklar;unklar;;2026-04-12 16:34:48.658505
K1532;K & S;;;;unklar;unklar;;2026-04-12 16:34:48.658505
K399;Buch und Ich Tara Dierck;;;;false;;;2026-04-12 19:24:36.816104
K463;CBK-Productions;;;;unklar;unklar;;2026-04-12 16:34:48.658505
K452;C&C - Contact & Creation;;;;true;PR-Agentur;https://www.consense-communications.de/?gad_source=1;2026-04-12 16:34:48.658505
K496;CeS V;;;;unklar;unklar;;2026-04-12 16:34:48.658505
K505;Chat Noir;Chat-Noir;Kabarett, Zirkus, Varieté;;unklar;unklar;;2026-04-12 16:34:48.658505
K509;Chill Media;;;;true;Journalistin;https://chillmedia.at/;2026-04-12 16:34:48.658505
K464;CHORA;CHORA;;;unklar;unklar;;2026-04-12 16:34:48.658505
K1619;Kolchis Belletristik;;;;false;verlag;;2026-04-12 16:34:48.658505
K2605;Stadt Vechta;Vechta;;;true;;;2026-04-13 09:31:54.785989
K1656;Kulturleben Marktgemeinde Grassau;;;;true;Kulturverein;;2026-04-13 09:31:54.785989
K1670;Kunsthochschule für Medien Köln;Kunsthochschule für Medien Köln;"Neue Formen der Kunst; Hochschule";Bildungseinrichtung;true;;;2026-04-13 09:31:54.785989
K1715;Landkreis Barnim;Landkreis Barnim. Kreistag;;Gemeinschaft;true;;;2026-04-13 09:31:54.785989
K1198;Gemeinde Kemmern;;;;true;Gemeinde;;2026-04-13 09:31:54.785989
K1995;Mohorjeva Hermagoras;Private Volksschule Hermagoras-Mohorjeva;Schule;Bildungseinrichtung;true;;;2026-04-13 09:31:54.785989
K2260;Pädagogische Forschungsstelle beim Bund der Freien Waldorfschulen;Pädagogische Forschungsstelle beim Bund der Freien Waldorfschulen;;Bildungseinrichtung;true;;;2026-04-13 09:31:54.785989
K1858;Lysandra Books;;;;false;;;2026-04-12 19:24:36.816104
K3280;danube books;;;;false;;;2026-04-12 19:24:36.816104
K603;Der Doppeldaumenmann c/o Block Services;;;;unklar;unklar;;2026-04-12 16:34:48.658505
K594;DeWinter Waldorf Glass;;;;false;verlag;;2026-04-12 16:34:48.658505
K1702;LVZ;LVZ-Bäckerei;;;unklar;unklar;;2026-04-12 16:34:48.658505
K1728;Laufen;Papiermühle Laufen (Laufen, Eyach);"Einzelne Branchen der Industrie und des Handwerks; Papierherstellung, Grafische Technik";;unklar;unklar;;2026-04-12 16:34:48.658505
K1853;Lux, Christian;;;;unklar;Person;;2026-04-12 16:34:48.658505
K1734;Lava;Lava;Musik (Allgemeines), Musikgeschichte;;unklar;unklar;;2026-04-12 16:34:48.658505
K1757;Lentner;;;;unklar;unklar;;2026-04-12 16:34:48.658505
K1784;Liebe;;;;unklar;unklar;;2026-04-12 16:34:48.658505
K1792;Lindemanns;;;;false;Verlag;;2026-04-12 16:34:48.658505
K1797;Lit;Lit;Musik (Allgemeines), Musikgeschichte;;unklar;unklar;;2026-04-12 16:34:48.658505
K1934;Mayer;;;;unklar;unklar;;2026-04-12 16:34:48.658505
K1960;Meyer & Meyer;Meyer & Meyer;;;unklar;unklar;;2026-04-12 16:34:48.658505
K1962;Michael Düthorn;;;;unklar;Person;;2026-04-12 16:34:48.658505
K1867;M. K. E. Brandl;;;;unklar;Person;;2026-04-12 16:34:48.658505
K1868;M. Porta;;;;unklar;Person;;2026-04-12 16:34:48.658505
K1869;M. Schreckenberg, K. @Völlmicke und M. @Lamprecht;;;;unklar;Person;;2026-04-12 16:34:48.658505
K1870;M. Zaffarana;;;;unklar;Person;;2026-04-12 16:34:48.658505
K1973;Milke, Natalie;;;;unklar;Person;;2026-04-12 16:34:48.658505
K1963;Michael, Schneider;;;;unklar;Person;;2026-04-12 16:34:48.658505
K1695;LHDL Self Publ.;;;;false;;;2026-04-12 19:24:36.816104
K1800;Litera Eurasia;;;;false;;;2026-04-12 19:24:36.816104
K1801;LiteraFreakPress;;;;false;;;2026-04-12 19:24:36.816104
K1802;Literareon;;;;false;;;2026-04-12 19:24:36.816104
K1803;Literaricum GmbH;;;Unternehmen;false;;;2026-04-12 19:24:36.816104
K1829;Litopian e.V., Literarischer Förderverein;;;Verein;false;;;2026-04-12 19:24:36.816104
K628;Dichterwettstreit deluxe;;;;false;Independent-Verlag mit angeschlossener Event- und Künstleragentur;https://www.dichterwettstreit-deluxe.de/?srsltid=AfmBOop-Q-lze3m7eXhC98BrI6zvjZ2FYTkIQu90pTadchs2X82DsHD8;2026-04-12 16:34:48.658505
K626;DichtFest GbR;;;Unternehmen;false;Literaturevents;https://dichtfest.de/;2026-04-12 16:34:48.658505
K629;Die 7 Zwerge e.V.;;;Verein;true;Elterninitiative;https://siebenzwerge-haidhausen.de/;2026-04-12 16:34:48.658505
K631;Die Geschichtenfabrik;;;;false;geschichtenerzähler;https://geschichtenfabrik.eu/;2026-04-12 16:34:48.658505
K632;Die Glücksoase;;;;false;;;2026-04-12 16:34:48.658505
K633;Die Gruppe 48 e.V.;Die Gruppe 48;;Gemeinschaft;false;;;2026-04-12 16:34:48.658505
K634;Die Phantasten;Die Chromatischen Phantasten;Musik (Allgemeines), Musikgeschichte;;false;literarischer Stammtisch;https://www.die-phantasten.de/;2026-04-12 16:34:48.658505
K636;Die Schatzkiste;;;;unklar;unklar;;2026-04-12 16:34:48.658505
K1677;Kuschelgang;Kuschelgang (Körperschaft);;;false;Gemeinschaftsprojekt verschiedener Autoren;;2026-04-12 16:34:48.658505
K1705;Lago Imago;;;;unklar;unklar;;2026-04-12 16:34:48.658505
K1691;LAHA-Dr.;;;;unklar;unklar;;2026-04-12 16:34:48.658505
K2568;Smart & Nett;;;;false;Produkte und Dienstleistungen aus der Kreativwirtschaft.  Kombination der einzelnen Bereiche Marketing, Künstlervermittlung, Label, Verlag und Office ;https://smart-und-nett.de/preview-smart-nett/;2026-04-12 16:34:48.658505
K3170;Wind Child Publishing;;;;false;;;2026-04-12 19:24:36.816104
K3217;Youcanprint;;;;false;;;2026-04-12 19:24:36.816104
K3238;alit - Verein Literaturstiftung;alit - Verein Literaturstiftung;;Verein;false;;;2026-04-12 19:24:36.816104
K3239;alit - Verein Literaturstiftung Zürich;;;Verein;false;;;2026-04-12 19:24:36.816104
K1712;Landeshauptstadt Klagenfurt;Handelsgenossenschaft der Landeshauptstadt Klagenfurt;;;true;;;2026-04-13 09:31:54.785989
K2025;Möcker;Voigt & Mocker;;;unklar;unklar;;2026-04-12 16:34:48.658505
K2224;Preface Book;;;;false;;;2026-04-12 19:24:36.816104
K2257;Puput Books;;;;false;;;2026-04-12 19:24:36.816104
K2289;Raiffeisenbank Baden;Raiffeisenbank (Sandweier, Baden-Baden);Einzelne Branchen der Industrie und des Handwerks;;true;bank;;2026-04-12 16:34:48.658505
K641;Dieselstrasse, Kulturzentrum;Kultur- und Kommunikationszentrum (Esslingen am Neckar);;;unklar;kulturzentrum;;2026-04-12 16:34:48.658505
K2028;Mösche;Kölsche Mösche;Musik (Allgemeines), Musikgeschichte;;unklar;unklar;;2026-04-12 16:34:48.658505
K2030;Müller;;;;unklar;unklar;;2026-04-12 16:34:48.658505
K2032;N. Mayr;;;;unklar;Person;;2026-04-12 16:34:48.658505
K2037;NWM;;;;unklar;unklar;;2026-04-12 16:34:48.658505
K2038;Nacke;Hof Nacke;"Rechtsgeschichte, Verfassungsgeschichte: Mittelalter; Landwirtschaft allgemein";;unklar;unklar;;2026-04-12 16:34:48.658505
K1990;Moerser Gesellschaft zur Förderung des literarischen Lebens e.V.;;;Verein;false;;;2026-04-12 19:24:36.816104
K1647;Kremser Literaturforum;;;Gemeinschaft;false;;;2026-04-12 19:24:36.816104
K2060;Neumann-Neudamm;Neumann - Neudamm gmbh (Melsungen);;Unternehmen;unklar;unklar;;2026-04-12 16:34:48.658505
K642;Dietrich, Gabriella;;;;unklar;person;;2026-04-12 16:34:48.658505
K643;Dietschi;Dietschi AG;"Einzelne Branchen der Industrie und des Handwerks; Presse";;unklar;unklar;;2026-04-12 16:34:48.658505
K572;DNMP, Daniel Neumann Medienproduktion;;;;unklar;unklar;;2026-04-12 16:34:48.658505
K652;Doering;;;;unklar;unklar;;2026-04-12 16:34:48.658505
K654;Dominikanerkloster Prenzlau;Dominikanerkloster Prenzlau - Kulturzentrum und Museum;Liturgik, Frömmigkeit;;true;kirche;;2026-04-12 16:34:48.658505
K662;Dorferneuerungsverein Prigglitz;;;Verein;true;heimatverein;;2026-04-12 16:34:48.658505
K1981;Mission Ost-West;Mission Ost-West e.V.;;Verein;true;missionsgemeinschaft (kirche);;2026-04-12 16:34:48.658505
K2018;Muravidék Baráti Kör Kulturális Egyesület;Muravidék Baráti Kör Kulturális Egyesület;;;unklar;unklar;;2026-04-12 16:34:48.658505
K1701;LV-Buch;;;;false;;;2026-04-12 19:24:36.816104
K1721;Language Practice Publishing;;;;false;;;2026-04-12 19:24:36.816104
K2020;Museum.BL;Museum.BL;Archiv, Museum;;true;museum;;2026-04-12 16:34:48.658505
K2023;Mymorawa von Morawa Lesezirkel GmbH;myMorawa;;;unklar;Selfpublishing-Partner;https://www.buchschmiede.at/;2026-04-12 16:34:48.658505
K2066;Niedersachsen-Dr.;;;;unklar;unklar;;2026-04-12 16:34:48.658505
K2152;Papermoon;Papermoon;Musik (Allgemeines), Musikgeschichte;;unklar;unklar;;2026-04-12 16:34:48.658505
K2159;Parlez;;;;unklar;unklar;;2026-04-12 16:34:48.658505
K2127;P & B;;;;false;Fachhändler für Zeitungen, Zeitschriften und Bücher;https://pressbooks.de/de/;2026-04-12 16:34:48.658505
K2175;Pectus;;;;unklar;unklar;;2026-04-12 16:34:48.658505
K2179;Pendragon;Pendragon;Musik (Allgemeines), Musikgeschichte;;false;verlag;https://www.pendragon.de/;2026-04-12 16:34:48.658505
K2182;Pensieri&Confronti Editore;;;;unklar;unklar;;2026-04-12 16:34:48.658505
K2261;Péter Pál Meleghy;;;;unklar;person;;2026-04-12 16:34:48.658505
K2192;Petri;Petri-Presse;;;unklar;unklar;;2026-04-12 16:34:48.658505
K2193;Petrus;;;;unklar;unklar;;2026-04-12 16:34:48.658505
K2130;PIDAX;;;;unklar;Pidax Film- und Hörspielverlag;;2026-04-12 16:34:48.658505
K2208;Plan9;;;;unklar;unklar;;2026-04-12 16:34:48.658505
K2210;Plaza;;;;unklar;unklar;;2026-04-12 16:34:48.658505
K2211;Plöchl;;;;unklar;unklar;;2026-04-12 16:34:48.658505
K2216;Polarise;;;;false;Verlag;;2026-04-12 16:34:48.658505
K2220;Portmann;;;;unklar;unklar;;2026-04-12 16:34:48.658505
K2226;Pressel;Pressel & Kusch;;;unklar;unklar;;2026-04-12 16:34:48.658505
K2243;Progressing-Your-Ideas-GmbH;;;Unternehmen;true;Unternehmensberatung;;2026-04-12 16:34:48.658505
K2299;Raum Italic;RAUM Italic | SPAZIO Corsivo;;;false;verlag (italienisch);https://www.raumitalic.com/de/;2026-04-12 16:34:48.658505
K2303;Reche;Reche & Recall;Musik (Allgemeines), Musikgeschichte;;false;verlag;https://www.verlag-thomas-reche.de/;2026-04-12 16:34:48.658505
K2306;Redaktion Phantastik;;;;false;verlag;https://www.redaktion-phantastik.de/;2026-04-12 16:34:48.658505
K2307;Redieck & Schade;Redieck & Schade GbR (Rostock);Einzelne Branchen der Industrie und des Handwerks;Unternehmen;false;Regionalia-Verlag;https://www.boersenblatt.net/news/verlage-news/rostocker-redieck-schade-verlag-schliesst-215837;2026-04-12 16:34:48.658505
K2282;REGIA-CO-WORK;;;;false;verlag;https://www.regia-verlag.de/;2026-04-12 16:34:48.658505
K2313;Regio Energie Solothurn;Regio Energie Solothurn;"Energie- und Wasserwirtschaft; Öffentliche Wirtschaft, Abfallwirtschaft, Gesundheitsökonomie";;true;Energieanbieter;;2026-04-12 16:34:48.658505
K2277;R. Hartmann;Rudolph Hartmann (Leipzig);;;unklar;Person;;2026-04-12 16:34:48.658505
K2278;R. Schley;;;;unklar;unklar;;2026-04-12 16:34:48.658505
K2708;Thomas Mann-Gesellschaft Hamburg;Thomas Mann-Gesellschaft Hamburg;;Gemeinschaft;false;Literaturgesellschaft;https://www.thomasmann-hamburg.de/wir-%C3%BCber-uns/;2026-04-12 16:34:48.658505
K2711;Thon;;;;unklar;unklar;;2026-04-12 16:34:48.658505
K2669;THW Österreich;;;;true;Technische Hilfswerk;;2026-04-12 16:34:48.658505
K2718;ToMa;;;;unklar;unklar;;2026-04-12 16:34:48.658505
K2725;Totechöpfli;;;;false;Schreibgruppe?`;https://www.totechöpfli.ch/home.htm;2026-04-12 16:34:48.658505
K2730;Trautmann;;;;unklar;unklar;;2026-04-12 16:34:48.658505
K2733;Treibhaus e.V.;Treibhaus e.V.;;Verein;unklar;Kulturverein: Soziokultur in Döbeln. Als gemeinnütziger Verein liegen unsere Arbeitsschwerpunkte in der Kultur- und Jugendarbeit, der politischen und historisch-politischen Bildung sowie in der interkulturellen Arbeit.;https://treibhaus-doebeln.de/;2026-04-12 16:34:48.658505
K2739;Trottoir Noir;;;;false;verlag;https://www.trottoirnoir.de/?page_id=134;2026-04-12 16:34:48.658505
K2671;TRUANT UG;;;;unklar;unklar;;2026-04-12 16:34:48.658505
K2673;TWENTYSIX;;;;false;Selfpublishing-Imprint - eine Marke von BoD;https://www.bod.de/twentysix;2026-04-12 16:34:48.658505
K2607;Stadtgemeinde Perg;Perg;;;true;;;2026-04-13 09:31:54.785989
K2430;Samples;Samples;Musik (Allgemeines), Musikgeschichte;;unklar;unklar;;2026-04-12 16:34:48.658505
K2431;Sand;;;;unklar;unklar;;2026-04-12 16:34:48.658505
K2506;Schäfer;;;;unklar;unklar;;2026-04-12 16:34:48.658505
K2452;Scherz;;;;unklar;unklar;;2026-04-12 16:34:48.658505
K2467;Schmid;;;;unklar;unklar;;2026-04-12 16:34:48.658505
K2469;Schmidt;;;;unklar;unklar;;2026-04-12 16:34:48.658505
K535;Concept Leben, Werbe- und Einkaufsgesellschaft für den konfessionellen Buchhandel mbH;;;Gemeinschaft;false;;;2026-04-12 19:24:36.816104
K553;CreateSpace Independent Publishing Platform;;;;false;;;2026-04-12 19:24:36.816104
K554;Creativo, Initiationgruppe für Literatur, Wissenschaft und KUnst;;;Gemeinschaft;false;;;2026-04-12 19:24:36.816104
K2472;Schmitz;;;;unklar;unklar;;2026-04-12 16:34:48.658505
K2475;Schneider;;;;unklar;unklar;;2026-04-12 16:34:48.658505
K2477;Schneider, Nadine;;;;unklar;person;;2026-04-12 16:34:48.658505
K2479;Schnider;;;;unklar;unklar;;2026-04-12 16:34:48.658505
K2481;Scholz;;;;unklar;unklar;;2026-04-12 16:34:48.658505
K2494;Schuster;;;;unklar;unklar;;2026-04-12 16:34:48.658505
K574;DREIERLEI;;;;unklar;unklar;;2026-04-12 16:34:48.658505
K670;Dr. Jürgen Oberle;;;;unklar;person;;2026-04-12 16:34:48.658505
K671;Dr. Martin Bethke Storyvents;;;;false;Literaturagentur ;;2026-04-12 16:34:48.658505
K696;Droste;Droste;Musik (Allgemeines), Musikgeschichte;;unklar;unklar;;2026-04-12 16:34:48.658505
K704;Dt. Rotes Kreuz, Ortsverein Hameln;;;Verein;true;DRK-Kreisverband;;2026-04-12 16:34:48.658505
K736;Easy Readers;;;;unklar;unklar;;2026-04-12 16:34:48.658505
K739;Eberl;;;;unklar;unklar;;2026-04-12 16:34:48.658505
K740;Ebersbach & Simon;;;;false;verlag;;2026-04-12 16:34:48.658505
K741;Ebner;;;;unklar;unklar;;2026-04-12 16:34:48.658505
K2350;Ritter;;;;unklar;unklar;;2026-04-12 16:34:48.658505
K2369;Rosspoint;;;;unklar;unklar;;2026-04-12 16:34:48.658505
K2418;SadWolf;;;;false;verlag;;2026-04-12 16:34:48.658505
K2425;SalonPresse;;;;unklar;unklar;;2026-04-12 16:34:48.658505
K2455;Schiler;Schiler & Mücke;;;false;verlag;https://schiler-muecke.de/;2026-04-12 16:34:48.658505
K2456;Schiler & Mücke;Schiler & Mücke;;;false;verlag;https://schiler-muecke.de/;2026-04-12 16:34:48.658505
K2510;Schönrock & Heikamp;;;;false;verlag;http://www.roki-art.de/;2026-04-12 16:34:48.658505
K2483;Schreibgruppe ausgewundert;;;Gemeinschaft;false;schreibgruppe;;2026-04-12 16:34:48.658505
K2482;SchreibStimme;;;;false;Schreibkurse, Lektorat, Schreibcoaching;;2026-04-12 16:34:48.658505
K2486;Schreibwaren Wegmann Inh. Janos Metz e. K.;;;;false;Bücher- und Schreibwarenladen;;2026-04-12 16:34:48.658505
K2493;SchumacherGebler;;;;false;Drucker und Schriftsetzer;;2026-04-12 16:34:48.658505
K2495;Schwab, Jörg;;;;unklar;person;;2026-04-12 16:34:48.658505
K2497;Schwalbe;;;;unklar;unklar;;2026-04-12 16:34:48.658505
K2547;Shutterstock;Shutterstock, Inc.;Einzelne Branchen der Industrie und des Handwerks;;true;Stockfoto-Anbieter;https://www.shutterstock.com/de/unlimited?pl=PPC_GOO_DE_BD-794785146159&cr=ec&kw=shutterstock&ds_eid=1660525876&utm_source=GOOGLE&utm_campaign=CO%3DDE_LG%3DDE_BU%3DIMG_AD%3DBRAND_TS%3Dlggeneric_RG%3DEUAF_AB%3DACQ_CH%3DSEM_OG%3DCONV_PB%3DGoogle_VarD&ds_cid=23738824267&ds_ag=FF%3DBrand-Shutterstock_Exact_AU%3DProspecting&ds_agid=194831091083&utm_term=shutterstock&utm_medium=cpc&gclsrc=aw.ds&gad_source=1&gad_campaignid=23738824267&gclid=Cj0KCQjwqPLOBhCiARIsAKRMPZrcBIhmGscfeyPVV65ru-p3VlewbHmSj72SX56gszgqhRv0lk9-wwcaAnFeEALw_wcB;2026-04-12 16:34:48.658505
K2550;SiebenSchreiber;SiebenSchreiber;;;false;Autorengruppe;https://www.siebenschreiber.de/;2026-04-12 16:34:48.658505
K2407;SIGNUM e. V. Dresden;;;;false;Herausgabe und Redaktion Literaturzeitschrift;https://zeitschrift-signum.de/herausgeber/;2026-04-12 16:34:48.658505
K2556;SilvForLife Design;;;;true;Design Studio;https://silverlifedesign.com/;2026-04-12 16:34:48.658505
K2559;Simonett & Baer;Simonett & Baer;;;false;verlagshaus;https://www.simonettbaer.com/;2026-04-12 16:34:48.658505
K2573;Solar Plexus;Solar Plexus;Musik (Allgemeines), Musikgeschichte;;unklar;unklar;;2026-04-12 16:34:48.658505
K2184;PerNi Publishing Unlimited;;;;false;;;2026-04-12 19:24:36.816104
K3242;amarto;;;;unklar;unklar;;2026-04-12 16:34:48.658505
K3244;artkonzeptkörner;artkonzeptkörner;;;true;werbeagentur;http://artkonzeptkoerner.de/;2026-04-12 16:34:48.658505
K60;Agade Publ. House;;;;false;;;2026-04-12 19:24:36.816104
K293;Benevento;Benevento Publishing;;;false;;;2026-04-12 19:24:36.816104
K365;Books-and-bytes;;;;false;;;2026-04-12 19:24:36.816104
K3247;aws Literatur;;;;false;;;2026-04-12 19:24:36.816104
K3265;c/o autorenglück.de, Stina Milner;;;;false;;;2026-04-12 19:24:36.816104
K3252;belkastudio;;;;true;design studio;;2026-04-12 16:34:48.658505
K1828;Literaturwerkstatt Berlin;Literaturwerkstatt Berlin;;;false;;;2026-04-12 19:24:36.816104
K2044;Natalie Rabengut, Black Umbrella Publishing;;;;false;;;2026-04-12 19:24:36.816104
K2132;PODIUM – Literaturkreis Schloss Neulengbach;;;Gemeinschaft;false;;;2026-04-12 19:24:36.816104
K2263;Qindie;Qindie (Autorenkollektiv);;Gemeinschaft;false;;;2026-04-12 19:24:36.816104
K432;Busch Books;;;;false;;;2026-04-12 19:24:36.816104
K2283;RISSE e.V.;Risse, Verein zur Förderung Neuer Literatur in Mecklenburg-Vorpommern;;Verein;false;;;2026-04-12 19:24:36.816104
K2752;TösterKultur e.V.;TösterKultur e. V.;;;unklar;Kulturverein;;2026-04-12 16:34:48.658505
K2755;UBV;Unternehmen.Bilden.Vielfalt (UBV) e.V.;;Verein;unklar;unklar;;2026-04-12 16:34:48.658505
K2390;Ruhrliteratur;;;;false;;;2026-04-12 19:24:36.816104
K3267;camino;;;;unklar;unklar;;2026-04-12 16:34:48.658505
K2428;Salzgitter, Print & Lettershop;;;;false;;;2026-04-12 19:24:36.816104
K2252;Publ.-Textgemeinschaft;Textgemeinschaft Publikationen;;Gemeinschaft;false;;;2026-04-12 19:24:36.816104
K2625;Stiftung Kantonsbibliothek Uri;Kantonsbibliothek Uri;Bibliothek, Information und Dokumentation;;false;;;2026-04-12 19:24:36.816104
K3273;comediantes;Comediantes;;;unklar;unklar;;2026-04-12 16:34:48.658505
K3274;container press;;;;false;verlag;https://containerpress.de/Der-Verlag/;2026-04-12 16:34:48.658505
K3275;creomira;;;;false;verlag;;2026-04-12 16:34:48.658505
K872;Edel;Edel AG;Einzelne Branchen der Industrie und des Handwerks;;false;verlag;;2026-04-12 16:34:48.658505
K3234;[kon] Paper e.V.;;;Verein;false;verein literarurzeitschrift;;2026-04-12 16:34:48.658505
K3107;Wallimann;Jodlerfamilie Wallimann;;;unklar;unklar;;2026-04-12 16:34:48.658505
K3113;Wasserburg Rindern;Wasserburg Rindern (Kleve, Kreis Kleve);Ortsgebundene Bauwerke;Gemeinschaft;true;Bildungs- und Tagungshaus;;2026-04-12 16:34:48.658505
K3115;Wattpad corp.;;;;false;Betreiber E-Book-Plattform;;2026-04-12 16:34:48.658505
K3118;Weber;;;;unklar;unklar;;2026-04-12 16:34:48.658505
K3122;Weger;;;;unklar;unklar;;2026-04-12 16:34:48.658505
K3121;Weg und Ziel;;;;false;verlag;https://www.johannische-kirche.org/wir-ueber-uns/verlag-weg-und-ziel;2026-04-12 16:34:48.658505
K3125;WeimarArt;;;;unklar;unklar;;2026-04-12 16:34:48.658505
K3126;Weimarer Schiller-Presse;;;;false;verlag;http://www.weimarer-schiller-presse.de/;2026-04-12 16:34:48.658505
K3131;Weitschat;;;;unklar;unklar;;2026-04-12 16:34:48.658505
K3135;Weltbild;Weltbild (Berlin);;;false;Buchhandelskette;https://www.thalia.de/vorteile/weltbild-umstellung/weltbild;2026-04-12 16:34:48.658505
K3141;Wenner;;;;false;Buchhandlung ;https://www.buecher-wenner.de/;2026-04-12 16:34:48.658505
K3142;Wenng;Gebrüder Wenng;;;false;Druckerei;https://www.wenng.de/;2026-04-12 16:34:48.658505
K3143;Wenz;;;;unklar;unklar;;2026-04-12 16:34:48.658505
K3151;Werner Schüller;;;;unklar;person;;2026-04-12 16:34:48.658505
K3088;WESER-KURIER, Kulturredaktion, Dr. Hendrik Werner;;;;unklar;Zeitungsverlag;https://www.weser-kurier.de/;2026-04-12 16:34:48.658505
K3155;Westfälische Wilhelms-Universität Münster, Zentrale Kustodie;;;Bildungseinrichtung;true;universität;;2026-04-12 16:34:48.658505
K3159;Weyand;;;;false;Verlag+Medienagentur;https://www.shop-weyand.de/;2026-04-12 16:34:48.658505
K3157;WeyTeCon Förlag;;;;false;verlag (schwedisch);https://verlag.weytecon.com/wf-de.html;2026-04-12 16:34:48.658505
K569;DHBW Mannheim;Duale Hochschule Baden-Württemberg Mannheim;"Berufsausbildung; Hochschule";Bildungseinrichtung;true;;;2026-04-13 09:31:54.785989
K2536;Seniorenschreibtisch der Stadt Puchheim;Seniorenschreibtisch der Stadt Puchheim;;;true;;;2026-04-13 09:31:54.785989
K2602;Stadt Hattingen;Hattingen;;;true;;;2026-04-13 09:31:54.785989
K2603;Stadt Hilden;Hilden (Stadt);;;true;;;2026-04-13 09:31:54.785989
K2604;Stadt Ostseebad Rerik;;;;true;;;2026-04-13 09:31:54.785989
K3515;Çizgi Kitabevi;;;;false;verlag (türkisch);https://www.cizgikitabevi.com/;2026-04-12 16:34:48.658505
K3281;de La Porte;;;;unklar;unklar;;2026-04-12 16:34:48.658505
K3465;thrillercriminal.com Community;;;;unklar;unklar;;2026-04-12 16:34:48.658505
K3466;tolino media;;;;unklar;Selfpublishing-Plattform;;2026-04-12 16:34:48.658505
K3285;der blaue reiter;Der Blaue Reiter;"Malerei; Bildende Kunst";;unklar;unklar;;2026-04-12 16:34:48.658505
K3284;der VHS-Baar, Kreative Schreibwerkstatt;;;;false;schreibwerkstatt;;2026-04-12 16:34:48.658505
K3288;dissertation.de;;;;unklar;Verlag im Internet GmbH;;2026-04-12 16:34:48.658505
K3291;duotincta;;;;false;verlag;https://duotincta.de/;2026-04-12 16:34:48.658505
K3296;ebersbach & simon;;;;false;verlag;;2026-04-12 16:34:48.658505
K3471;tunkan;;;;unklar;unklar;;2026-04-12 16:34:48.658505
K3473;uli-jungbluth-press;;;;unklar;unklar;;2026-04-12 16:34:48.658505
K3476;vabaduse.de;;;;unklar;unklar;;2026-04-12 16:34:48.658505
K3501;wortbau e.V.;Schreibende Schüler e.V.;;Verein;false;wortbau e.V. steht bundesweit für die Förderung von kreativem Schreiben;https://wort-bau.de/der-verein/;2026-04-12 16:34:48.658505
K3505;www.hairfashionplus.ch;;;;true;Kosmetiksalon;;2026-04-12 16:34:48.658505
K3506;www.ideenteufel.de;;;;unklar;unklar;;2026-04-12 16:34:48.658505
K3298;echt EMF;;;;false;verlag;;2026-04-12 16:34:48.658505
K874;Edika;;;;unklar;unklar;;2026-04-12 16:34:48.658505
K3516;Èditions à la Carte;Éditions à la Carte;;;false;verlag;;2026-04-12 16:34:48.658505
K2630;Story Town - Derek Meister & Marion Meister GbR c/o Papyrus Autoren-Club;;;Gemeinschaft;false;;;2026-04-12 19:24:36.816104
K2665;TAK - Tiroler Autorinnen und Autoren Kooperative;;;;false;;;2026-04-12 19:24:36.816104
K2742;Trägerverein Werkraum Abersee und Kulturhauptstadt 2024 Salzkammergut;;;Verein;true;;;2026-04-13 09:31:54.785989
K2813;Verband deutscher Schriftstellerinnen und Schriftsteller in ver.di – Landesverband Bayern, Verband deutscher Schriftstellerinnen und Schriftsteller in ver.di –. Landesverband;;;Verband;false;;;2026-04-12 19:24:36.816104
K2815;Verein ALSO (Anno Literatur Sonntag);Verein ALSO - Anno Literatur SOnntag;;Verein;false;;;2026-04-12 19:24:36.816104
K3148;Werkkreis Literatur der Arbeitswelt - Werkstatt Wien;Werkkreis Literatur der Arbeitswelt (Wien);;Gemeinschaft;false;;;2026-04-12 19:24:36.816104
K3524;Österreichischer Schriftsteller/innenverband;Österreichischer Schriftsteller/Innenverband;;Verband;false;;;2026-04-12 19:24:36.816104
K3383;literatur:vorarlberg;;;;false;;;2026-04-12 19:24:36.816104
K3464;telegonos-publishing;;;;false;;;2026-04-12 19:24:36.816104
K987;Editora Girabrasil;;;;unklar;verlag;;2026-04-12 16:34:48.658505
K3336;editum;;;;unklar;unklar;;2026-04-12 16:34:48.658505
K3518;Éd. Saint-Paul;;;;unklar;verlag;;2026-04-12 16:34:48.658505
K3350;fortfolgendes;;;;unklar;verlag;https://www.thelem.de/fortfolgendes/;2026-04-12 16:34:48.658505
K3353;für neues bewusst-sein;;;;unklar;unklar;;2026-04-12 16:34:48.658505
K3355;guhl glaser, st.;;;;unklar;unklar;;2026-04-12 16:34:48.658505
K100;Amazon Distribution;;;;true;Logistikunternehmen;https://www.northdata.de/Amazon%20Distribution%20GmbH,%20Leipzig/HRB%2022572;2026-04-12 16:34:48.658505
K3357;hkk Krankenkasse;hkk;Einzelne Branchen der Industrie und des Handwerks;;true;krankenkasse;;2026-04-12 16:34:48.658505
K1031;Em Huisken Musik und Wort;;;;false;Firma Em Huisken Musik und Wort;https://emhuisken.de/wordpress/agb/;2026-04-12 16:34:48.658505
K1;Grüne Aue;;;;unklar;unklar;;2026-04-12 16:34:48.658505
K3360;holapress;;;;unklar;unklar;;2026-04-12 16:34:48.658505
K3363;ib-lyric, artfactory;;;;unklar;unklar;;2026-04-12 16:34:48.658505
K3365;ideaFactory Geiler, Thiessen & Uhlig GbR;;;Unternehmen;false;Entwickler und Betreiber von Fanfiction-Plattform;;2026-04-12 16:34:48.658505
K3520;Írott Szó Alapítvány;;;;unklar;unklar;;2026-04-12 16:34:48.658505
K3379;lebema.ch;;;;unklar;unklar;;2026-04-12 16:34:48.658505
K3394;maudrich;Wilhelm Maudrich (Wien);;;unklar;unklar;;2026-04-12 16:34:48.658505
K3395;mbassador GmbH;;;Unternehmen;false;mbassador übernimmt für Zeitschriften- und Buchverlage die Herstellung, den Vertrieb und die Vermarktung ihrer gedruckten Titel als E-Books und E-Paper;https://www.startup.ch/mbassador;2026-04-12 16:34:48.658505
K3398;meinbesteller.de;;;;false;unklar;;2026-04-12 16:34:48.658505
K3399;menani GmbH;;;Unternehmen;false;verlag;https://www.menani.de/ueber-uns/;2026-04-12 16:34:48.658505
K3402;modo;Modo;Musik (Allgemeines), Musikgeschichte;;unklar;unklar;;2026-04-12 16:34:48.658505
K3409;münstermann;;;;unklar;unklar;;2026-04-12 16:34:48.658505
K3407;myMorawa;myMorawa;;;unklar;Selfpublishing-Partner;https://www.buchschmiede.at/;2026-04-12 16:34:48.658505
K3521;ÖBB Personenverkehr AG, Personalmanagement Kärnten;;;;true;verkehrsbetrieb;;2026-04-12 16:34:48.658505
K3415;octOpus;;;;unklar;unklar;;2026-04-12 16:34:48.658505
K3422;parasitenpresse;;;;false;verlag;https://parasitenpresse.wordpress.com/;2026-04-12 16:34:48.658505
K3425;peppair GmbH;;;Unternehmen;true;Die Veranstaltung und die Vermittlung von Reisen und die Vermittlung von Charterflügen sowie die Beratung von Industrieunternehmen und Dienstleistern, sowie die Durchführung aller Geschäfte, die mit dem Gegenstand des Unternehmens zusammenhängen oder dem Gesellschaftszweck zu dienen geeignet erscheinen;;2026-04-12 16:34:48.658505
K3441;rbb;RBB & Cie;;;unklar;unklar;;2026-04-12 16:34:48.658505
K3443;read4joy;;;;false;Autorenverlag;;2026-04-12 16:34:48.658505
K3446;rohumedia;;;;unklar;unklar;;2026-04-12 16:34:48.658505
K3450;scius;;;;unklar;unklar;;2026-04-12 16:34:48.658505
K3451;scribaria;Scribaria (Körperschaft);;;false;autorinnenverein;;2026-04-12 16:34:48.658505
K3452;scridelio;;;;false;verlag;https://scridelio.de/;2026-04-12 16:34:48.658505
K3460;story.one;;;;false;story.one formt vorhandenes Wissen zu einem fertigen Buch;https://www.story.one/de/;2026-04-12 16:34:48.658505
K3462;swiboo.ch;swiboo.ch;;;false;Verlag;;2026-04-12 16:34:48.658505
K3164;Wiener Volkshochsch.;Die Wiener Volkshochschulen;Schule;Bildungseinrichtung;true;;;2026-04-13 09:31:54.785989
K101;Amazon Media EU S.à r.l.;;;;unklar;Abonnementdienste, Digitalvertrieb;https://www.northdata.de/Amazon%20Media%20EU%20S%C3%A0rl,%20Luxembourg/B112767;2026-04-12 16:34:48.658505
K3517;Éd. L'Oreille du Loup;;;;unklar;unklar;;2026-04-12 16:34:48.658505
K1058;Esslinger;;;;false;Verlag;https://www.thienemann.de/unsere-verlage/esslinger-verlag?srsltid=AfmBOoqvbJfMIPtvuDRuFHkVOqRQufcds62vO52PRVDLaH_zZdk_YqX4;2026-04-12 16:34:48.658505
K2691;Text-Atelier Leipzig;Text-Atelier Leipzig;;;false;Autorinnengruppe;https://text-atelier-leipzig.clubdesk.com/hauptseite;2026-04-12 16:34:48.658505
K1068;Evang. Ges.;;;;true;Kirche;;2026-04-12 16:34:48.658505
K1071;Even Terms Press;;;;false;Autorverlag;https://www.eventermspress.de/;2026-04-12 16:34:48.658505
K1072;Exchange and Dialogue;;;;unklar;unbekannt;;2026-04-12 16:34:48.658505
K1076;FELiCiTARiS;FELiCiTARiS;;;unklar;Person;;2026-04-12 16:34:48.658505
K1088;Fakriro GbR;;;Unternehmen;false;Self-Publishing-Agentur;https://fakriro.de/;2026-04-12 16:34:48.658505
K2695;Textgemeinschaft, Anthologie;;;Gemeinschaft;false;Autorinnengruppe;;2026-04-12 16:34:48.658505
K1106;Fireflies Press;;;;false;independent publisher of books on contemporary cinema.;https://firefliespress.com/About;2026-04-12 16:34:48.658505
K1127;Fotolia;Fotolia Deutschland;Einzelne Branchen der Industrie und des Handwerks;;true;Bildagentur;https://stock.adobe.com/de/promo/firstmonthfree?ef_id=CjwKCAjwhe3OBhABEiwA6392zI1SIy8lbgQ5Vxdh3g3hwPYZj2BTo7ZwAJsKLZFCdKdob4fmXE9DKRoCbA8QAvD_BwE:G:s&s_kwcid=AL!3085!3!730295003225!e!!g!!fotolia!746492092!44660863892&as_channel=sem&as_campclass=nonbrand&as_campaign=DE_CPRO_STOCK_NONBRAND_ROI_CORE_Fotolia_STOCK_EXACT_CROSS_SEARCH_na_GG_DE&as_source=google&mv=search&mv2=paidsearch&as_camptype=acquisition&sdid=BRLW318L&as_audience=core&gad_source=1&gad_campaignid=746492092&gclid=CjwKCAjwhe3OBhABEiwA6392zI1SIy8lbgQ5Vxdh3g3hwPYZj2BTo7ZwAJsKLZFCdKdob4fmXE9DKRoCbA8QAvD_BwE;2026-04-12 16:34:48.658505
K1130;Frank;;;;unklar;unklar;;2026-04-12 16:34:48.658505
K1138;Frauenmuseum;Frauenmuseum Bonn;"Gruppe, Organisationssoziologie, Interaktion; Kunstgeschichte; Archiv, Museum";;true;Museum;https://frauenmuseum.de/;2026-04-12 16:34:48.658505
K1142;Freiwillige Feuerwehr Haiterbach, Abt. Haiterbach;Freiwillige Feuerwehr Haiterbach. Abteilung Haiterbach;Öffentliche Verwaltung, Öffentlicher Dienst;;true;Feuerwehr;https://www.haiterbach.de/leben-wohnen/feuerwehr;2026-04-12 16:34:48.658505
K2667;TEXT/RAHMEN e.U.;;;;false;Buchverlag;;2026-04-12 16:34:48.658505
K2700;The Dandy is Dead;;;;false;Verlag;https://thedandyisdead.de/;2026-04-12 16:34:48.658505
K1146;Freundeskreis, Botanischer Garten;;;Gemeinschaft;true;Verein;;2026-04-12 16:34:48.658505
K1149;Friedenauer Presse;Friedenauer Presse;Presse;;false;Verlag;https://www.matthes-seitz-berlin.de/friedenauer-presse.html;2026-04-12 16:34:48.658505
K1150;Friedmann;;;;unklar;unklar;;2026-04-12 16:34:48.658505
K1151;Friedrich;;;;unklar;unklar;;2026-04-12 16:34:48.658505
K1153;Friedrich-Bödecker-Kreis in Sachsen-Anhalt;Friedrich-Bödecker-Kreis in Sachsen-Anhalt;;Gemeinschaft;false;Verein für Leseförderung und Literaturvermittlung;https://www.fbk-lsa.de/;2026-04-12 16:34:48.658505
K1156;Fritzsche;;;;unklar;unklar;;2026-04-12 16:34:48.658505
K1157;Fuchs;;;;unklar;unklar;;2026-04-12 16:34:48.658505
K10;3VerSchreiber;;;;unklar;unklar;;2026-04-12 16:34:48.658505
K1024;Ellie Harding c/o Steffen TextArt;;;;unklar;unklar;;2026-04-12 16:34:48.658505
K1040;Entenpress;;;;unklar;unklar;;2026-04-12 16:34:48.658505
K105;Amicus;Amicus;;;unklar;unklar;;2026-04-12 16:34:48.658505
K1052;Ernst-Moritz-Arndt-Gymnasium;Ernst-Moritz-Arndt-Gymnasium Bergen;Schule;Bildungseinrichtung;true;Schule;;2026-04-12 16:34:48.658505
K1077;FH Joanneum, Studiengang Informationsdesign;FH JOANNEUM Gesellschaft. Studiengang Informationsdesign;;Gemeinschaft;true;unklar;https://www.fh-joanneum.at/informationsdesign/bachelor/;2026-04-12 16:34:48.658505
K1084;Factum Coloniae;;;;unklar;unklar;;2026-04-12 16:34:48.658505
K1098;Feiyr;;;;false;internationaler Digitalvertrieb, der sich seit 2005 als einer der führenden Vertriebe für Musik, eBooks und Hörbücher weltweit etabliert hat. ;https://www.feiyr.com/de/ueber-uns/;2026-04-12 16:34:48.658505
K1099;Fel!x;FEL;;;unklar;unklar;;2026-04-12 16:34:48.658505
K1101;Feldmann;;;;unklar;unklar;;2026-04-12 16:34:48.658505
K1148;Frick;;;;unklar;unklar;https://www.freunde-bot-garten-muenchen.de/;2026-04-12 16:34:48.658505
K1161;Förderverein Stadtmuseum Hattingen;;;Verein;true;Museum Förderverein;https://www.hattingen.de/stadt_hattingen/Bildung%20und%20Kultur/Stadtmuseum/F%C3%B6rderverein/;2026-04-12 16:34:48.658505
K1163;Förderwerk Elbinseln;;;;true;Verein für Stadtteilentwicklung, Integrations- und Bildungsförderung;https://www.foerderwerk-elbinseln.de/verein/;2026-04-12 16:34:48.658505
K1169;GEROJOKO;;;;unklar;unklar;;2026-04-12 16:34:48.658505
K1170;GEV;;;;unklar;unklar;;2026-04-12 16:34:48.658505
K1171;GGSV;;;;unklar;unklar;;2026-04-12 16:34:48.658505
K1173;GOYA;;;;unklar;unklar;;2026-04-12 16:34:48.658505
K1176;GUC;;;;unklar;unklar;;2026-04-12 16:34:48.658505
K1189;Garnies;;;;false;Verlag;https://www.vlg.de/;2026-04-12 16:34:48.658505
K1191;Gebr. Nadelmann;;;;false;Verlag;https://nadelmannverlag.de/;2026-04-12 16:34:48.658505
K1192;GedankenReich;;;;false;Verlag;https://www.gedankenreich-verlag.de/;2026-04-12 16:34:48.658505
K1202;Genniges;;;;unklar;Person;;2026-04-12 16:34:48.658505
K1207;Gerhard, Johanna;;;;unklar;Person;;2026-04-12 16:34:48.658505
K1209;Gerlinger, Stefan;;;;unklar;Person;;2026-04-12 16:34:48.658505
K3499;wir sind lesenswert – Verein für Literatur;;;Verein;false;;;2026-04-12 19:24:36.816104
K3500;wirschreibenfürahrweiler, Autorengemeinschaft;;;Gemeinschaft;false;;;2026-04-12 19:24:36.816104
K1327;Hawkify Books;;;;false;Verlag;https://www.talawah-verlag.de/;2026-04-12 19:24:36.816104
K1200;Gemeinnütziger Verein zur Förderung des Literaturschaffens und des kulturellen Austauschs zwischen Deutschen und Polen e.V.;;;Verein;false;Verein;;2026-04-12 19:24:36.816104
K208;Autorenforum Köln e.V., Autorenforum Köln e.V.;AutorenForum Köln;;Gemeinschaft;false;;;2026-04-12 19:24:36.816104
K404;BuchHandelsGesellschaft;Buchhandelsgesellschaft;;Gemeinschaft;false;;;2026-04-12 19:24:36.816104
K409;Buchet Chastel;;;;false;;;2026-04-12 19:24:36.816104
K415;Buchschmiede von Dataform Media GmbH;;;Unternehmen;false;;;2026-04-12 19:24:36.816104
K441;BördeAutoren e.V.;BördeAutoren;;;false;;;2026-04-12 19:24:36.816104
K444;Bücherplantage UG;;;;false;;;2026-04-12 19:24:36.816104
K1615;Kobold Books;;;;false;;;2026-04-12 19:24:36.816104
K1210;Gernot Kröger;;;;unklar;Person;;2026-04-12 16:34:48.658505
K1213;Gietl;Geschwister Gietl;Musik (Allgemeines), Musikgeschichte;;unklar;unklar;;2026-04-12 16:34:48.658505
K1218;Gisler Medien, Gisler 1843 AG;Gisler 1843 AG;;;false;Medienhaus für Drucksachen, Text, Gestaltung und Werbung;https://www.gisler1843.ch/;2026-04-12 16:34:48.658505
K1225;Goa Kana & Waratfy Ztaia;;;;unklar;unklar;;2026-04-12 16:34:48.658505
K1226;Goedeke;;;;unklar;unklar;;2026-04-12 16:34:48.658505
K1227;Goethe Universität Frankfurt;Goethe-Universität Frankfurt am Main;Hochschule;Bildungseinrichtung;true;Universität;;2026-04-12 16:34:48.658505
K1624;Komplett-Media;Komplett-Media GmbH;;Unternehmen;false;verlag;;2026-04-12 16:34:48.658505
K1626;Kontrasp;;;;unklar;unklar;;2026-04-12 16:34:48.658505
K1631;Kopf & Kragen;;;;false;verlag;;2026-04-12 16:34:48.658505
K1636;Kovar, R;;;;unklar;unklar;;2026-04-12 16:34:48.658505
K1643;Kreativrat der Schreibwerkstatt Feldkirch;;;;false;schreibwerkstatt;;2026-04-12 16:34:48.658505
K3374;kuk;KUK Electronic;;;unklar;unklar;;2026-04-12 16:34:48.658505
K3375;kukma - Kunst- und Kulturverein;;;Verein;unklar;kunst und kultuverein;;2026-04-12 16:34:48.658505
K1668;Kunstforum Salzkammergut;;;Gemeinschaft;true;kunstforum;https://www.kunstforumsalzkammergut.com/;2026-04-12 16:34:48.658505
K1685;Künstler-Gilde e.V.;Are-Künstler-Gilde;Bildende Kunst;;false;Verband der Heimatvertriebenen Kulturschaffenden für Bildende Kunst, Literatur & Musik;https://www.kuenstlergilde.eu/;2026-04-12 16:34:48.658505
K1673;Kunze;;;;unklar;unklar;;2026-04-12 16:34:48.658505
K1674;Kuqi-Institut für Sprachwissenschaft, Adrian Kuqi;;;Institut;true;Sprachinstitut;https://albanisch-lernen.com/;2026-04-12 16:34:48.658505
K1723;Lardon Media;;;;unklar;unklar;;2026-04-12 16:34:48.658505
K1736;Laßleben;Laßleben;;;unklar;unklar;;2026-04-12 16:34:48.658505
K1692;LAUNENWEBER;;;;unklar;unklar;;2026-04-12 16:34:48.658505
K1693;LCERC;;;;unklar;unklar;;2026-04-12 16:34:48.658505
K1738;Lebenshilfe Bremen e.V.;Lebenshilfe Bremen;Sozialarbeit, Sozialhilfe;;true;Verein Lebenshilfe;;2026-04-12 16:34:48.658505
K1741;Leffotraks Labyrinthe;;;;unklar;unklar;;2026-04-12 16:34:48.658505
K1742;Legionarion;;;;false;verlag;;2026-04-12 16:34:48.658505
K1762;Lese-Zeichen e.V.;Lese-Zeichen e.V.;;Verein;false;literaturverein;;2026-04-12 16:34:48.658505
K1767;Lesezeichen, Schreibzirkel;;;;unklar;unklar;;2026-04-12 16:34:48.658505
K1768;Letterotik;;;;false;erotikbuchverlag;;2026-04-12 16:34:48.658505
K485;Carin Müller c/o Die Bücherfee Karina Reiß;;;;false;;;2026-04-12 19:24:36.816104
K486;Carinus Rotlinde c/o autorenglück.de;;;;false;;;2026-04-12 19:24:36.816104
K526;Coburger Autorengemeinschaft Schreibsand;Autorengemeinschaft Schreibsand;;Gemeinschaft;false;;;2026-04-12 19:24:36.816104
K565;DAS SYNDIKAT – Autorengruppe deutschsprachige Kriminalliteratur A.I.E.P.;;;Gemeinschaft;false;;;2026-04-12 19:24:36.816104
K1393;Hippomonte Publishing e.K.;;;Unternehmen;false;;;2026-04-12 19:24:36.816104
K1404;Hofmann-Buch;;;;false;;;2026-04-12 19:24:36.816104
K2606;Stadtbibliothek Prenzlau;;;;false;;;2026-04-12 19:24:36.816104
K2651;Sure-Publishing;Sure-Publishing;;;false;;;2026-04-12 19:24:36.816104
K3152;Westarp BookOnDemand;;;;false;;;2026-04-12 19:24:36.816104
K3268;cap-books;;;;false;;;2026-04-12 19:24:36.816104
K2820;Verein Literaturgruppe Perspektive;Literaturgruppe Perspektive;;Gemeinschaft;false;;;2026-04-12 19:24:36.816104
K3349;fineBooks;;;;false;;;2026-04-12 19:24:36.816104
K2821;Verein Salzburger Literaturforum Leselampe;;;Verein;false;;;2026-04-12 19:24:36.816104
K3389;manitu-books;;;;false;;;2026-04-12 19:24:36.816104
K2824;Verein zur Förderung des Literaturschaffens zwischen Deutschen und Polen;Verein zur Förderung des Literaturschaffens und des Kulturellen Austauschs zwischen Deutschen und Polen;;Verein;false;;;2026-04-12 19:24:36.816104
K3109;WandelWerk Publishing;;;;false;;;2026-04-12 19:24:36.816104
K3418;ostbooks;;;;false;;;2026-04-12 19:24:36.816104
K3110;Wanner Publishing;Wanner Brothers Publishing (Baden, Limmat);Einzelne Branchen der Industrie und des Handwerks;;false;;;2026-04-12 19:24:36.816104
K3457;spree-books (spree-media.net GmbH);;;Unternehmen;false;;;2026-04-12 19:24:36.816104
K3114;WattLiteraten, Autorengemeinschaft;WattLiteraten (Körperschaft);;;false;;;2026-04-12 19:24:36.816104
K1032;Emmerich Books & Media;;;;false;Kleinverlag;https://www.emmerich-books-media.de/;2026-04-12 19:24:36.816104
K3525;Österreichisches Literaturforum;Österreichisches Literaturforum;;Gemeinschaft;false;;;2026-04-12 19:24:36.816104
K1961;Meyer & Meyer Verlag;Meyer & Meyer;;;false;Verlag;;2026-04-12 19:24:36.816104
K3342;fabrik.transit;Literatur- und Kunstverein fabrik.transit;;Verein;false;;;2026-04-12 19:24:36.816104
K3390;manuskripte-Literaturverein;;;Verein;false;;;2026-04-12 19:24:36.816104
K3412;netzbuchladen.de;;;;false;;;2026-04-12 19:24:36.816104
K3454;smp, swb media publishing;;;;false;;;2026-04-12 19:24:36.816104
K1221;Glossabooks;;;;false;unklar;;2026-04-12 19:24:36.816104
K1739;Lebenskind Publishing;;;;false;;;2026-04-12 19:24:36.816104
K1771;Levia Ortega c/o Papyrus Autoren-Club;;;Gemeinschaft;false;;;2026-04-12 19:24:36.816104
K1782;Lichtungen – Verein für Literatur & Kunst;;;Verein;false;;;2026-04-12 19:24:36.816104
K1789;Lilly M. Beck c/o Autorenglück.de;;;;false;;;2026-04-12 19:24:36.816104
K1810;Literatur Verein e.V., Linzgau;Linzgau Literatur Verein;;Verein;false;;;2026-04-12 19:24:36.816104
K1812;Literatur und Bildende Kunst Bad Salzdetfurth und Umgebung e.V.;Literatur und Bildende Kunst Bad Salzdetfurth und Umgebung e.V.;;Verein;false;;;2026-04-12 19:24:36.816104
K1814;LiteraturWissenschaft.de;;;;false;;;2026-04-12 19:24:36.816104
K1817;Literaturhaus  und  Museumsges.;;;;false;;;2026-04-12 19:24:36.816104
K1820;Literaturhaus Salzburg;Literaturhaus (Salzburg);;;false;;;2026-04-12 19:24:36.816104
K1822;Literaturhaus e.V;;;;false;;;2026-04-12 19:24:36.816104
K1824;Literaturkreis PromOtheus;Literaturkreis PromOtheus;;Gemeinschaft;false;;;2026-04-12 19:24:36.816104
K1825;Literaturpodium;Literaturpodium;Einzelne Branchen der Industrie und des Handwerks;;false;;;2026-04-12 19:24:36.816104
K1826;Literaturverein EDIT e. V.;Literaturverein Edit;;Verein;false;;;2026-04-12 19:24:36.816104
K2254;Publishing, TORRO Kids;;;;false;;;2026-04-12 19:24:36.816104
K1694;LEU;;;;unklar;unklar;;2026-04-12 16:34:48.658505
K209;Autorengruppe Märkischer Kreis;;;Gemeinschaft;false;;;2026-04-12 19:24:36.816104
K210;Autorenkollektiv Nord c/o Sören Steding;;;Gemeinschaft;false;;;2026-04-12 19:24:36.816104
K1696;LIBRAS Shqipe Sylejmani;;;;unklar;unklar;;2026-04-12 16:34:48.658505
K235;BJ-Autorenservice.de;;;;false;;;2026-04-12 19:24:36.816104
K245;BUCHER;;;;false;;;2026-04-12 19:24:36.816104
K294;Benguela Publ.;;;;false;;;2026-04-12 19:24:36.816104
K327;Bilderstöckchen-Buchvertrieb;;;;false;;;2026-04-12 19:24:36.816104
K328;Birgit Otten c/o Papyrus Autoren-Club;;;Gemeinschaft;false;;;2026-04-12 19:24:36.816104
K332;Black Umbrella Publisching;;;;false;;;2026-04-12 19:24:36.816104
K333;Black Umbrella Publishing;;;;false;;;2026-04-12 19:24:36.816104
K334;Blackelephant Publishing;;;;false;;;2026-04-12 19:24:36.816104
K347;Bloomsbury Taschenbuch;;;;false;;;2026-04-12 19:24:36.816104
K398;Buch Salon Walbach;;;;false;;;2026-04-12 19:24:36.816104
K1776;Libretto;Libretto Antiquariat;;;unklar;unklar;;2026-04-12 16:34:48.658505
K1697;LIJEPA RIJEČ;;;;unklar;unklar;;2026-04-12 16:34:48.658505
K1798;LitArt-World;;;;false;Agentur, Autorenberatung, Literaturagentur;;2026-04-12 16:34:48.658505
K1831;LizzyNet gGmbH;LizzyNet GmbH (Köln);Einzelne Branchen der Industrie und des Handwerks;Unternehmen;unklar;Onlinemagazin für Jugendliche mit Community für Mädchen und junge Frauen;;2026-04-12 16:34:48.658505
K1833;Loeven;;;;unklar;unklar;;2026-04-12 16:34:48.658505
K1839;Lontar;Lontar Foundation;;;unklar;unklar;;2026-04-12 16:34:48.658505
K1863;Lößnitz : GUC;;;;unklar;unklar;;2026-04-12 16:34:48.658505
K1843;Low;;;;unklar;unklar;;2026-04-12 16:34:48.658505
K1689;L.S.D.;;;;unklar;unklar;;2026-04-12 16:34:48.658505
K1872;M.A.C Medien Agentur Czellnik;;;;unklar;MEDIEN AGENTUR;;2026-04-12 16:34:48.658505
K1892;Magazin SchreibRÄUME;;;;false;Magazin im deutschsprachigen Raum zum Thema Journal Writing, Tagebuch & Memoir;;2026-04-12 16:34:48.658505
K1314;Hardt & Wörner;;;;true;Unternehmensberatung;;2026-04-12 16:34:48.658505
K1318;Hartmann;;;;unklar;unklar;;2026-04-12 16:34:48.658505
K1319;Hartmut Krüpe-Silbersiepe;;;;unklar;Person;;2026-04-12 16:34:48.658505
K1322;Hassa & Karl Grafische Anstalten;;;;false;Literaturhaus;https://www.hausfuerpoesie.org/de;2026-04-12 16:34:48.658505
K1365;Herder;;;;false;Verlag;https://www.herder.de/;2026-04-12 16:34:48.658505
K1370;Herzensmenschen;;;;unklar;unklar;;2026-04-12 16:34:48.658505
K1375;Hessel;;;;unklar;unklar;;2026-04-12 16:34:48.658505
K1378;Heydär Äliyev Stiftung;Heydär Äliyev Fondu;;;true;soziale, wirtschaftliche sowie kulturelle Entwicklung des Staates;https://www.azerbaijans.com/content_1451_de.html;2026-04-12 16:34:48.658505
K1381;Heyne, W;;;;unklar;unklar;;2026-04-12 16:34:48.658505
K1386;Hildegard Tölke;Tölke, Hildegard;"Personen zu Malerei, Zeichnung, Grafik; Personen zu Bildungswesen";;unklar;Person;;2026-04-12 16:34:48.658505
K1419;Hunold, Konstanze;;;;unklar;Person;;2026-04-12 16:34:48.658505
K1466;Innerhofer, Agnes;Innerhofer, Agnes;;;unklar;Person;;2026-04-12 16:34:48.658505
K1467;Innings, Ava;Innings, Ava;;;unklar;Person;;2026-04-12 16:34:48.658505
K1485;J. Flume;;;;unklar;Person;;2026-04-12 16:34:48.658505
K1486;J. Kissel;;;;unklar;Person;;2026-04-12 16:34:48.658505
K1487;J. Münch;;;;unklar;Person;;2026-04-12 16:34:48.658505
K1512;Jes Schön  c/o WirFinden.Es Naß und Hellie GbR;;;Unternehmen;unklar;Person;;2026-04-12 16:34:48.658505
K1513;Jes Schön c/o WirFinden.Es Naß und Hellie GbR;;;Unternehmen;unklar;Person;;2026-04-12 16:34:48.658505
K1580;Kempen, Sarah M.;;;;unklar;Person;;2026-04-12 16:34:48.658505
K1597;Klaudia Zotzmann-Koch c/o Bianca Kronsteine, impressumservice.net;;;;unklar;Person;;2026-04-12 16:34:48.658505
K1896;Mainz;;;;true;stadt;;2026-04-12 16:34:48.658505
K1898;Maiwald;;;;unklar;unklar;;2026-04-12 16:34:48.658505
K1877;MAM;Mam;Musik (Allgemeines), Musikgeschichte;;unklar;unklar;;2026-04-12 16:34:48.658505
K1917;Marsam;;;;unklar;unklar;;2026-04-12 16:34:48.658505
K1918;Marsilius;Marsilius-Kolleg;Wissenschaft;;true;interdisziplinärer Forschung an der Universität Heidelberg;;2026-04-12 16:34:48.658505
K1878;MBS (Mijnbestseller Nederland B.V.);;;;false;verlag;;2026-04-12 16:34:48.658505
K1949;Mercator;Mercator-Gesellschaft;"Geografie, Heimat- und Länderkunde (Allgemeines); Brauchtum, Volksglaube; Gruppe, Organisationssoziologie, Interaktion; Geschichte (Allgemeines)";Gemeinschaft;unklar;unklar;;2026-04-12 16:34:48.658505
K1955;Merziger-Pleban;;;;unklar;unklar;;2026-04-12 16:34:48.658505
K1958;Methusalem;Methusalem;Musik (Allgemeines), Musikgeschichte;;unklar;unklar;;2026-04-12 16:34:48.658505
K1977;Ministère de l'education nationale et de la formation professionnelle;Ministère de l'Education Nationale et de la Formation Professionnelle;;;true;Bildungsministerium Frankreich;;2026-04-12 16:34:48.658505
K1984;Mitten im Dorf;;;;unklar;unklar;;2026-04-12 16:34:48.658505
K1987;MobB e.V. c/o Jenaer Sprachverwender;;;Verein;false;autorengruppe;;2026-04-12 16:34:48.658505
K1522;Jumbo;Jumbo;Musik (Allgemeines), Musikgeschichte;;unklar;unklar;;2026-04-12 16:34:48.658505
K1533;K & W;;;;unklar;unklar;;2026-04-12 16:34:48.658505
K1542;KUNTS e.V.;Kunts e.V.;;Verein;false;Literaturverein;https://kliteratur.de/ueber/;2026-04-12 16:34:48.658505
K1544;KVHS;;;;unklar;unklar;;2026-04-12 16:34:48.658505
K1545;KW Thörmer;;;;unklar;Person;;2026-04-12 16:34:48.658505
K1547;Kaden;Kaden + Kaden Holzgestaltung;;;unklar;unklar;;2026-04-12 16:34:48.658505
K1552;Kaltenmeier;H. Kaltenmeier Söhne (Krefeld-Hüls);;;unklar;unklar;;2026-04-12 16:34:48.658505
K1555;Kannemann;Kannemann & Miko;Musik (Allgemeines), Musikgeschichte;;unklar;unklar;;2026-04-12 16:34:48.658505
K1565;Kastner;Kastner AG;;;unklar;unklar;;2026-04-12 16:34:48.658505
K1567;Kath. Akad.;;;;true;Kirche;;2026-04-12 16:34:48.658505
K1570;Kava-Pech;;;;false;Verlag (tschechisch);https://www.kava-pech.cz/#/;2026-04-12 16:34:48.658505
K1581;Kern;;;;unklar;unklar;;2026-04-12 16:34:48.658505
K1582;Ketteler;;;;unklar;unklar;;2026-04-12 16:34:48.658505
K1586;Kidnap Music;;;;true;Musiklabel;https://kidnapmusic.wordpress.com/;2026-04-12 16:34:48.658505
K1600;Klemm + Oelschläger;Klemm+Oelschläger;;;false;Verlag;https://www.klemm-oelschlaeger.de/;2026-04-12 16:34:48.658505
K1606;Klub Ljubitelja Knjiga Majdan;;;;unklar;unklar;;2026-04-12 16:34:48.658505
K1607;Klub Ljubitelja Knjige Majdan;;;;unklar;unklar;;2026-04-12 16:34:48.658505
K1608;Klöpfer;Roland Klöpfer GmbH (Ottersweier);Einzelne Branchen der Industrie und des Handwerks;Unternehmen;unklar;unklar;;2026-04-12 16:34:48.658505
K1614;Knürr;;;;unklar;unklar;;2026-04-12 16:34:48.658505
K1616;Koehler;;;;unklar;unklar;;2026-04-12 16:34:48.658505
K1881;MONS;Mons;;;unklar;unklar;;2026-04-12 16:34:48.658505
K1884;MSC;;;;unklar;unklar;;2026-04-12 16:34:48.658505
K1885;MTA;;;;unklar;unklar;;2026-04-12 16:34:48.658505
K2073;NordStern;;;;unklar;unklar;;2026-04-12 16:34:48.658505
K2076;Not Yet Media LTD;;;;unklar;NOT YET develops and publishes mobile applications and web services - Publisher of Royal Road;;2026-04-12 16:34:48.658505
K2078;Nova MD;Nova Pharmaceutical Corporation (Baltimore, Md.);;;false;Vertriebslösungen für Bücher, Hörbücher und Hörspiele;;2026-04-12 16:34:48.658505
K2082;OCM GmbH;;;Unternehmen;unklar;unklar;;2026-04-12 16:34:48.658505
K1474;Institut für deutsche Sprache und Literatur I, Universität zu Köln;Universität zu Köln. Institut für Deutsche Sprache und Literatur I;;Institut;false;;;2026-04-12 19:24:36.816104
K1504;Jan Deichmohle c/o AutorenServices.de;;;;false;;;2026-04-12 19:24:36.816104
K1508;Jeetzelbuch;;;;false;;;2026-04-12 19:24:36.816104
K1520;JuLl – Junges Literaturlabor;Junges Literaturlabor;;;false;;;2026-04-12 19:24:36.816104
K1527;Juppus Bücher;;;;false;;;2026-04-12 19:24:36.816104
K1560;Karl-May-Bücherei;;;;false;;;2026-04-12 19:24:36.816104
K1621;KommPlot, Autorinnengruppe;KommPlot;;;false;;;2026-04-12 19:24:36.816104
K2093;Oculus Kreativ;;;;false;Galerie und Bucherstellung ;;2026-04-12 16:34:48.658505
K2102;Oldenburg e.V., Leseforum;Leseforum Oldenburg;;Gemeinschaft;false;leseforum;;2026-04-12 16:34:48.658505
K2106;Olms-Weidmann;;;;unklar;PORTAL FÜR BIBLIOTHEKEN UND WISSENSCHAFTLICHE INSTITUTIONEN;https://www.olmsonline.de/;2026-04-12 16:34:48.658505
K2114;Ornament;;;;unklar;unklar;;2026-04-12 16:34:48.658505
K2115;Ortsmuseum Binningen;Ortsmuseum Binningen;;;false;museum;;2026-04-12 16:34:48.658505
K2117;Oschinger, Wolfgang;;;;unklar;person;;2026-04-12 16:34:48.658505
K2122;Osttiroler Bote Medienunternehmen Ges.m.b.H.;Osttiroler Bote;Presse;;true;regionalzeitung;;2026-04-12 16:34:48.658505
K2123;Otto;;;;unklar;unklar;;2026-04-12 16:34:48.658505
K2087;OVIS Deutschland GmbH;;;Unternehmen;unklar;verlag;https://ovis-verlag.de/;2026-04-12 16:34:48.658505
K2142;Pallina, B.;;;;unklar;person;;2026-04-12 16:34:48.658505
K3428;plattform;;;;unklar;unklar;;2026-04-12 16:34:48.658505
K3420;p.l.o.t. e.V.;;;Verein;false;Verein und Herausgeber der Literaturzeitschrift außer.dem;;2026-04-12 16:34:48.658505
K3427;plV-Media;;;;unklar;unklar;;2026-04-12 16:34:48.658505
K2134;PRO LYRICA;Stiftung Pro Lyrica;;;false;Schweizerische Lyrische Gesellschaft;https://prolyrica.ch/;2026-04-12 16:34:48.658505
K2238;Pro Lyrica Grundversorgung;;;;false;Schweizerische Lyrische Gesellschaft;https://prolyrica.ch/;2026-04-12 16:34:48.658505
K2242;ProMÖLLTAL - Initiative für Bildung, Kultur, Wirtschaft und Tourismus;ProMÖLLTAL - Initiative für Bildung, Kultur, Wirtschaft und Tourismus;;;true;Initiative für Bildung, Kultur, Wirtschaft und Tourismus;https://www.promoelltal.net/;2026-04-12 16:34:48.658505
K3430;pro Monstein;pro Monstein;;;true;Heimatverein;https://www.davos-monstein.ch/verein-pro-monstein;2026-04-12 16:34:48.658505
K2135;PRONG PRESS;Prong Press;;;false;verlag;https://prong-press.ch/;2026-04-12 16:34:48.658505
K2256;Puppen und Masken;Puppen und Masken;Einzelne Branchen der Industrie und des Handwerks;;unklar;unklar;;2026-04-12 16:34:48.658505
K3436;pyjamaguerilleros;;;;unklar;unklar;;2026-04-12 16:34:48.658505
K2267;Quartierverein Riesbach;Quartierverein Riesbach;;Verein;true;Heimatverein;https://8008.ch/;2026-04-12 16:34:48.658505
K2275;Quiqueg;;;;false;verlag;;2026-04-12 16:34:48.658505
K3439;radio 3;;;;true;Hörfunksender des Rundfunks Berlin-Brandenburg (rbb);https://www.radiodrei.de/;2026-04-12 16:34:48.658505
K2292;Randexistenz;;;;unklar;unklar;;2026-04-12 16:34:48.658505
K2294;Rasch;;;;unklar;unklar;;2026-04-12 16:34:48.658505
K2295;Rathke;;;;unklar;unklar;;2026-04-12 16:34:48.658505
K2297;Rauch;;;;unklar;unklar;;2026-04-12 16:34:48.658505
K2333;Residenzkaufhaus;;;;unklar;unklar;;2026-04-12 16:34:48.658505
K2337;Rheingauer Mundartverein e. V.;Rheingauer Mundartverein;;Verein;false;Mundartverein: gemeinnütziger Verein, der es sich zur Aufgabe gemacht hat, die hiesige Rheingauer Mundart zu pflegen, sowie der Volkskunst in allen Bereichen und diese somit in ihrer Ursprünglichkeit den Nachkommen weiterzugeben.;https://rheingauermundart.jimdofree.com/%C3%BCber-uns/;2026-04-12 16:34:48.658505
K2344;Ring of light;;;;unklar;unklar;;2026-04-12 16:34:48.658505
K2351;Ritter Klagenfurt;Kunsthalle Ritter (Klagenfurt);Bildende Kunst;;false;verlag;;2026-04-12 16:34:48.658505
K2356;Rodneys Underground Press;;;;false;verlag;https://www.undergroundpress.de/;2026-04-12 16:34:48.658505
K2365;Romowe;;;;unklar;unklar;;2026-04-12 16:34:48.658505
K2353;RoRo Hand & Kopfwerkstatt;;;;false;Schreib- und Handwerkstatt;https://www.roro-altdorf.ch/index.html;2026-04-12 16:34:48.658505
K2368;Rosner;;;;unklar;unklar;;2026-04-12 16:34:48.658505
K2386;Roßdorf : Wolfbach;;;;false;verlag;https://wolfbach-verlag.ch/impressum-kontakt-pm-77.html;2026-04-12 16:34:48.658505
K2370;Rostocker Frauenkulturverein Die Beginen e.V.;Beginen e.V.;;Verein;unklar;Frauenkulturverein: Mit feministischem, interkulturellem und künstlerischem Blick organisieren wir Veranstaltungen, Ausstellungen und Projekte zu aktuellen Themen;https://www.die-beginen-rostock.de/;2026-04-12 16:34:48.658505
K2374;Rotblatt, Kater;;;;unklar;unklar;;2026-04-12 16:34:48.658505
K2387;Rudolph;;;;unklar;unklar;;2026-04-12 16:34:48.658505
K2395;Rüger;;;;unklar;unklar;;2026-04-12 16:34:48.658505
K2391;Ryckschau;;;;unklar;unklar;;2026-04-12 16:34:48.658505
K2417;Sabrina Kossel, Milchbart Company Leipzig;;;;unklar;person;;2026-04-12 16:34:48.658505
