literaturzeitschrift_id;issn;literaturzeitschrift_name;literaturzeitschrift_creator;literaturzeitschriftverlegtvon;erstveroeffentlichung;publikationszyklus;auflagenhoehe;quelle_website;website
LZ1;;& Radieschen;"P13562; P345";K2815;2006;viermal jährlich;;;https://radieschen.at/
LZ39;;Landpartie;P17640;K1823;2005;jährlich;500;"https://zdb-katalog.de/title.xhtml?idn=979312760&view=full; https://de.wikipedia.org/wiki/Landpartie_(Anthologie)";
LZ10;1613-6713;außer.dem;"P12121; P17230; P17231; P17290";K3420;1999;jährlich;;https://portal.issn.org/resource/ISSN/1613-6713;https://www.ausserdem.de/
LZ12;;DAS GRAMM;P16721;K564;2021;alle zwei Monate;;;https://www.dasgramm.de/
LZ13;2409-0222;Das Magazin;;K1676;1924;monatlich;46000;https://www.dasmagazin.de/wp-content/uploads/2023/07/DasMagazin-Mediadaten-2023.pdf;https://www.dasmagazin.de/
LZ16;;Delfi ;"P622; P7814; P15380; P20042";K2761;2023;halbjährlich;;;https://cloud.email.ullstein-news.de/delfi-mag
LZ18;;Der Schnipsel;"P2102; P9307; P9579; P12785; P13120; P19928; P20224; P20191";K3459;2012;jährlich;;;https://derschnipsel.org/
LZ2;0721-0493;[kon]-paper;"P10680; P6800";K3234;2015;jährlich;1000;https://www.lyrik-kabinett.de/bibliothek/kataloge/article/kon-paper-magazin-fuer-literatur-kultur-muc-bln-nr-07/2020-haut-auflage-1000-ex/;https://kon-paper.com/
LZ30;2626-4226;Glitter;"P1691; P20573; P3406; P2024; P11418; P9289";K2818;2017;alle 1 bis 2 Jahre;;https://glitter-online.org/uber-glitter/;https://glitter-online.org/
LZ31;;Jenny: Denken, Glänzen, Text;P17641;K3339;2013;jährlich;;;https://www.dieangewandte.at/publikationen/jenny_ausgabe_09
LZ32;;Johnny ;P17637;K1227;2014;jährlich;2000;https://www.studentischer-projektrat.org/literaturzeitschrift-johnny-zum-100-geburtstag-der-goethe-universitaet/;https://www.starkerstart.uni-frankfurt.de/87649497/Literaturzeitschrift_Johnny
LZ33;2196-3835;kalmenzone;P20531;;2013;halbjährlich;nur online;https://www.kalmenzone.de/wordpress/hefte/;https://www.kalmenzone.de/
LZ34;;kassiber;P7250;;2023;?;;"https://www.liberladen.org/product/kassiber-1/; https://zdb-katalog.de/title.xhtml?idn=1300572140&tab=2&view=full";https://www.kassiber.de/
LZ35;2698-5160;Kliteratur;"P4685; P10632";K1542;2018;ein- bis zweimal jährlich;500;https://kliteratur.de/produkt/kliteratur-7-fehler/#:~:text=Infos%20zu%20Auflage%20und%20Preis:%20Druckkosten%20pro,f%C3%BCr%20das%20Layout%20(%204%20x%2050%2C00%E2%82%AC).;https://kliteratur.de/
LZ36;1560-6775;Kolik;"P4104; P4568";;1997;vierteljährlich;;https://www.kolik.at/impressum.php;https://www.kolik.at/
LZ37;0179-0676;Konzepte;P10131;K425;1987;jährlich;1000;"http://www.konzepte-zeitschrift.de/index.php?id=6; https://www.konzepte-zeitschrift.de/mediadaten";http://www.konzepte-zeitschrift.de
LZ38;0947-0697;Krachkultur;"P2131; P14233";K1637;1993;jährlich;1000;www.krachkultur.de/files/pdf/Krachkultur_Mediadaten.pdf&ved=2ahUKEwiXzfiUmfeTAxWFhv0HHdlwKPcQFnoECBcQAQ&usg=AOvVaw1h7JglOJ3Kb7ZF-MvoFhsr;www.krachkultur.de/
LZ4;2199-6636;Abwärts;"P11829; P13133; P13239; P13615; P14357; P16000; P16113; P18588; P19831; P19554";K269;2014;3-4 mal pro Jahr;;https://zdb-katalog.de/title.xhtml?idn=1050007816&view=brief;https://basisdruck.de/produkt-kategorie/zeitschriften/abwaerts/
LZ40;0945-5167;Lettre International;P1252;K1769;1988;vierteljährlich;22000;https://www.lettre.de/sites/default/files/2023-04/2023-Mediadaten-web_1.pdf;https://www.lettre.de/
LZ41;1012-4705;Lichtungen;"P17412; P9757; P2208";K1782;1979;vierteljährlich;1600;"https://lichtungen.at/impressum/; https://www.literaturportal-bayern.de/werke?task=lpbwork.default&id=34";https://lichtungen.at/
LZ11;1618-1727;BELLA triste ;"P2117; P2338; P2397; P3658; P5068; P6623; P9735; P13398";K232;2001;dreimal jährlich;2400;https://www.kulturium.de/Kulturtreiben/Kulturhandbuch-durchsuchen/BELLA-Triste.php?object=tx,3662.1.1&ModID=9&FID=1878.248.1&NavID=2364.97;https://www.bellatriste.de/
LZ14;nur ISBNs pro Ausgabe;Das Narr;"P4714; P5421";K588;2011;dreimal jährlich;750;https://de.wikipedia.org/wiki/Das_Narr;https://dasnarr.ch/
LZ15;;Das WETTER;P3827;K589;2013;viermal jährlich;6000;https://www.hof-lieferant.com/das-wetter;https://wetter-magazin.com/
LZ17;2624-7372;delirium – Zeitschrift gegen Literatur ;"P876; P13744; P19150; P5744; P20408; P7337; P18468; P5689; P7520";K2822;2013;halbjährlich;1000;"https://zdb-katalog.de/title.xhtml?idn=1072381516&view=full; https://de.wikipedia.org/wiki/Delirium_(Zeitschrift); https://delirium-magazin.ch/section/category/home";https://delirium-magazin.ch/
LZ19;0724-6412;Dichtungsring;P20615;K902;1981;halbjährlich;300;"https://zdb-katalog.de/title.xhtml?idn=013567985&view=full; https://www.autorenwelt.de/organisation/dichtungsring-zeitschrift-fuer-literatur; https://dichtungsring.org/historie/; http://www.dichtungsring-ev.com/historie.html";https://dichtungsring.org/
LZ20;0018-4942;Die Horen;"P4062; P6313; P9606; P17845";K3108;1955;vierteljährlich;4000;"https://zdb-katalog.de/title.xhtml?idn=011252006&view=brief; https://www.wallstein-verlag.de/buecher/die-horen-1.html; https://de.wikipedia.org/wiki/Die_horen";https://www.wallstein-verlag.de/reihen/die-horen-zeitschrift-fuer-literatur-kunst-und-kritik.html
LZ21;1562-8272;Die Rampe;;K50;1975;viermal jährlich;;https://portal.issn.org/resource/ISSN/1562-8272;https://www.stifterhaus.at/stichwoerter/die-rampe
LZ22;1618-8098;dO!PEN;"P17217; P18188";K3006;2000;unregelmäßig;120;https://portal.issn.org/resource/ISSN/1618-8098;http://www.do-pen.de/
LZ23;2195-4410;Drecksack - Lesbare Zeitschrift für Literatur;P6092;K934;2010;vierteljährlich;;;https://www.edition-luekk-noesens.de/drecksack/
LZ24;;DUM;P9933;;1992;vierteljährlich;1000;https://www.dum.at/doc/dumstory.php?nav=ueber;https://www.dum.at/doc/startseite.php
LZ25;0943-8645;Edit;P4398;K1826;1993;dreimal jährlich;2000;https://www.google.com/url?sa=t&source=web&rct=j&opi=89978449&url=https://www.editonline.de/wp-content/uploads/2023/03/edit-mediadaten_2023-24_de.pdf;https://www.editonline.de/
LZ26;;erostepost;"P7369; P9560";K731;1987;halbjährlich;500-800;https://www.erostepost.at/impressum/;https://www.erostepost.at/
LZ27;1682-9107;etcetera;P14455;K1804;1999;vierteljährlich;1500;"https://portal.issn.org/api/search?search%5B%5D=MUST=default=etcetera+st.+pölten&search_id=41618744#; https://de.wikipedia.org/wiki/Etcetera; https://www.litges.at/litges/geschichte";https://www.litges.at/etcetera/
LZ28;1860-675X;Exodus Magazin;"P12013; P19721; P8601";;1975 (Pause von 1980-2003);halbjährlich;;https://www.exodusmagazin.de/exodus-ausgaben.html;https://www.exodusmagazin.de/exodus-ausgaben.html
LZ29;1865-5661;Experimenta;"P366; P6755";K637;2010;monatlich; 22.134 Abonnentinnen;"https://experimenta.de/archiv/2019/experimenta-05_19_Mai_DS.pdf; https://www.autorenwelt.de/organisation/experimenta";https://experimenta.de/
LZ3;1618-1727;[SIC];"P19346; P8671";K3233;2005;unregelmäßig etwa alle drei Jahre;;;https://sicliteratur.wordpress.com/magazin/
LZ42;2700-5399;Literarische Blätter;P1360;P1360;2019;monatlich;;https://portal.issn.org/resource/ISSN/2700-5399;https://www.literarische-blaetter.de/
LZ43;2663-8940;Literarisches Österreich;P20615;K3524;2007;zweimal jährlich;;https://www.oesv.or.at/publikationen.html;https://www.oesv.or.at/publikationen.html
LZ44;0178-6857;Literatur in Bayern;P7410;K1144;1985;vierteljährlich;1400;"https://www.literaturinbayern.de/about/; https://www.literaturportal-bayern.de/werke?task=lpbwork.default&id=32";https://www.literaturinbayern.de/
LZ45;0024-466X;Literatur und Kritik;"P8886; P11331";K2125;1966;fünfmal jährlich;4000 (Stand: 2007);https://www.onb.ac.at/oe-literaturzeitschriften/Literatur_und_Kritik/Literatur_und_Kritik.htm;https://www.omvs.at/literatur-und-kritik/
LZ46;1617-6871;Literaturbote;"P7892; P3364";K1376;1985;zweimal jährlich;500;"https://portal.issn.org/resource/ISSN/1617-6871; https://www.autorenwelt.de/organisation/l-der-literaturbote";https://hlfm.de/de/der-literaturbote
LZ47;0025-2638;manuskripte;P18472;K3390;1960;vierteljährlich;2500;"https://www.manuskripte.at/wordpress/; https://www.zeit.de/2021/06/manuskripte-literaturzeitschrift-60-jahre-oesterreich-graz/seite-2";https://www.manuskripte.at/
LZ48;1861-8006;Matrix;P13666;K2218;2005;vierteljährlich;500;"https://zdb-katalog.de/title.xhtml?idn=978930509&direct=true&view=full; https://www.autorenwelt.de/organisation/matrix";https://www.edition-matrix.com/
LZ49;;MAULhURE (Magazin);"P2500; P6067; P1846";K2356;2010;wechselnd;;https://www.ratriot.de/maulhure/;https://www.ratriot.de/maulhure/
LZ5;0002-3957;Akzente;"P9636; P10373";K1311;1954;vierteljährlich;2000;"https://zdb-katalog.de/title.xhtml?idn=01000193X&view=full; https://www.literaturportal-bayern.de/werke?task=lpbwork.default&id=9";https://akzenteliteratur.de/
LZ50;0941-3138;metamorphosen;"P12348; P19025";K2814;2013;vierteljährlich;1000;"https://www.literaturport.de/literaturzeitschriften/register/zeitschrift/metamorphosen/; https://de.wikipedia.org/wiki/Metamorphosen_(Zeitschrift)";http://metamorphosen-zeitschrift.de/
LZ51;1816-711X;miromente;P12223;K3474;2005;vierteljährlich;800;"https://zdb-katalog.de/title.xhtml?idn=981084915&view=full; https://www.autorenwelt.de/organisation/miromente";https://www.miromente.at/
LZ52;2409-0220;mosaik - Zeitschrift für Literatur und Kultur;P1507;K3318;2012;dreimal jährlich;1500;https://www.mosaikzeitschrift.at/;https://www.mosaikzeitschrift.at/
LZ53;0028-3347;Neue Rundschau;P10358;K2400;1890;vierteljährlich;;https://www.literaturport.de/en/literaturzeitschriften/register/zeitschrift/neue-rundschau/;https://www.fischerverlage.de/verlag/neue-rundschau
LZ54;;Oda - Ort der Augen;K1153;K672;mind. 1999;vierteljährlich;1000;https://www.autorenwelt.de/organisation/oda-ort-der-augen;https://dr-ziethen-verlag.eshop.t-online.de/Sortiment/Ort-der-Augen
LZ55;2752-0697;Open Sewers;"P6782; P15171";;2022;zweimal jährlich;;https://opensewers.com/;https://opensewers.com/
LZ56;;orte;P14018;K137;1974;fünfmal jährlich;1200;"https://www.autorenwelt.de/organisation/orte-schweizer-literaturzeitschrift; http://www.orteverlag.ch";http://www.orteverlag.ch
LZ72;2075-5031;Triedere;;K3455;?;zweimal jährlich;;https://portal.issn.org/resource/ISSN/2075-5031#;https://sonderzahl.at/reihe/triedere/
LZ73;;V: Vorarlberger Zeitschrift für Literatur;;K3383;?;ein bis zweimal jährlich;;https://literatur-vorarlberg.at/v/;https://literatur-vorarlberg.at/v/
LZ74;;VOLLTEXT;"P8679; P12422; P14134";K2799;2002;viermal jährlich;15000;https://volltext.net/mediadaten/;https://volltext.net/
LZ75;1866-8607;Weisz auf Schwarz;P3695;K3130;2007;unregelmäßig;1000;"https://portal.issn.org/resource/ISSN/1866-8607#; https://de.wikipedia.org/wiki/Weisz_auf_Schwarz; https://weisz-auf-schwarz.de/ausgaben/";weisz-auf-schwarz.de/
LZ76;1012-7313;wespennest;"P14602; P20142";K2819;1969;zweimal jährlich;5000;"https://www.chbeck.de/buecher/zeitschriften/wespennest/; https://wespennest.at/w.php?mediadaten";https://wespennest.at/
LZ77;2519-7401;Words and Worlds;"P7585; P8011";;2016;halbjährlich;;https://www.wordsandworldsmagazine.com;https://www.wordsandworldsmagazine.com
LZ78;;WORTSCHAU;"P241; P6381";K3097;2007;dreimal jährlich;300;"https://www.autorenwelt.de/organisation/wortschau; https://wortschau.com/";https://wortschau.com/
LZ79;2365-824X;zugetextet.com;P17479;;2015;jährlich im Print ;200;https://www.zugetextet.com/impressum-und-rechtliches/impressum/;https://www.zugetextet.com/
LZ57;1021-9242;Perspektive;"P9281; P15783";K2820;1979;vierteljährlich;1000;"https://www.literaturport.de/literaturzeitschriften/register/zeitschrift/perspektive/; Paul Pechmann: Die Zeitschrift perspektive im österreichischen Literaturbetrieb. In: reveu nach neunundvierzig nummern perspektive. Wien: Sonderzahl, 2006. S. 12.";https://perspektive.at/
LZ61;0949-7994;Risse;"P1625; P4649; P5974; P10654";K2283;1998;halbjährlich;350;https://www.autorenwelt.de/organisation/risse;https://www.risse-mv.de/redaktion/
LZ62;1682-8992;SALZ;;K2821;1975;viermal jährlich;1500;"https://de.wikipedia.org/wiki/SALZ; https://www.literaturnetz.at/salzburg/Institutionen_71/Institutionen_SALZ---Zeitschrift-fuer-Literatur_166.html";https://www.leselampe-salz.at/salz/
LZ63;2510-4403;Schliff;P16067;K1474;2014;zweimal jährlich;;https://www.literaturport.de/literaturzeitschriften/register/zeitschrift/schliff/;https://idsl1.phil-fak.uni-koeln.de/abteilungen/neuere-literaturwissenschaft/schliff
LZ67;1438-9355;Signum;P19265;K2407;1999;zweimal jährlich;;https://www.literaturport.de/literaturzeitschriften/register/zeitschrift/signum/;https://zeitschrift-signum.de/
LZ58;1616-8437;phantastisch!;P1792;;2001;vierteljährlich;1200;"https://portal.issn.org/resource/ISSN/1616-8437#; https://scifinet.org/scifinetboard/index.php/topic/5934-phantastisch/; https://www.phantastisch.net/";https://www.phantastisch.net/
LZ59;;Podium;P8023;K2132;1971;halbjährlich in zwei Doppelnummern;;https://www.podiumliteratur.at/die-zeitschrift/#gsc.tab=0;https://www.podiumliteratur.at/die-zeitschrift/
LZ6;0720-3098;Allmende – Zeitschrift für Literatur;P15716;K1983;1981;halbjährlich;2000;"https://www.allmende-online.de/; https://allmende-online.de/media/docs/mediadaten.pdf";https://www.allmende-online.de/
LZ60;2791-464X;Process*in;"P3892; P4025; P5488; P8075; P11042; P17983";;2021;jährlich;;"https://www.literaturport.de/literaturzeitschriften/register/zeitschrift/default-22fdd82eb27aa4ab37f3c7ef6d7f05ac/; https://processin-magazine.com/";https://processin-magazine.com/
LZ64;0174-2132;Schreibheft;P19126;;1977;zweimal jährlich;2000;"https://schreibheft.de/service/impressum; https://de.wikipedia.org/wiki/Schreibheft_(Zeitschrift)";https://schreibheft.de/
LZ65;1606-7169;schreibkraft;"P10889; P13317; P6072";K957;1998;zweimal jährlich;500;"https://www.literaturport.de/literaturzeitschriften/register/zeitschrift/schreibkraft/; https://de.wikipedia.org/wiki/Schreibkraft_(Zeitschrift); https://www.edition-schreibkraft.at/";https://www.edition-schreibkraft.at/
LZ66;2567-1138;SCHREIBTISCH;P10775;K3307;2017;jährlich;;"https://portal.issn.org/resource/ISSN/2567-1138#; https://edition-federleicht.de/produkt/schreibtisch-literarisches-journal-2022";https://edition-federleicht.de/produkt/schreibtisch-literarisches-journal-2022
LZ68;0037-5756;Sinn und Form;"P8927; P19140";K68;1949;sechsmal jährlich;3000;"https://portal.issn.org/api/search?search%5B%5D=MUST=default=sinn+und+form&search_id=41622503#; Vgl. Hagenhoff 2025: Lettre International contra Sinn und Form. ";https://sinn-und-form.de/
LZ69;0038-8475;Sprache im technischen Zeitalter (Spr.i.t.Z.);"P5191; P11851; P15189; K1806";K439;1961;viermal jährlich;1500;"https://zdb-katalog.de/title.xhtml?idn=011172622&view=full; https://www.autorenwelt.de/organisation/sprache-im-technischen-zeitalter";https://www.vandenhoeck-ruprecht-verlage.com/journal-spritz?srsltid=AfmBOorg5yI-IvAGR4PfIkO3D6cIGMH4KcZB-rGEqPK9xqL9GJ5qGY8w
LZ7;0721-0493;Am Erker;"P3161; P4346; P4966; P6627; P8021; P10619";K578;1977;halbjährlich;1000;"https://www.literaturport.de/literaturzeitschriften/register/zeitschrift/am-erker/; https://www.am-erker.de/verlag.php; https://www.autorenwelt.de/organisation/am-erker"; https://www.am-erker.de/
LZ70;1869-8301;Streckenläufer;P3623;K2212;1990;etwa jährlich;200;https://www.saarbruecker-zeitung.de/app/consent/?ref=https%3A%2F%2Fwww.saarbruecker-zeitung.de%2Fnachrichten%2Fkultur%2Fschlechte-sprache-wird-nicht-geduldet_aid-17776655;https://pocul.de/streckenlaeufer/
LZ71;2960-5326;Syltse;P18120;;?;ein bis zweimal jährlich;250-500;"https://portal.issn.org/resource/ISSN/2960-5326#; https://syltse.weebly.com/impressum.html";https://syltse.weebly.com/impressum.html
LZ8;2960-4281;apostrophe;"P6851; P465; P966; P20174";K2825;2020;halbjährlich;;https://www.proberaumscheibbs.com/product-page/ausgabe-5;https://www.proberaumscheibbs.com/apostrophe
LZ9;2518-3583;ausreißer - die Grazer Wandzeitung;P15287;;2004;vier bis fünfmal jährlich;1500;https://ausreisser.mur.at/impressum/;https://ausreisser.mur.at/
