literaturwettbewerb_ausgabe_id;literaturwettbewerb_ausgabe_titel;vonliteraturwettbewerb;literaturwettbewerb_id;jahr;gewinner;gewinnertexte;jury;themenvorgabe;preise;quelle_website
LWA1;32. Tage der deutschsprachigen Literatur;Ingeborg-Bachmann-Preis;L13;2008;"P14005; P12973; P4455; P16625; P14005";"Der Kaiser von China; Das Zimmermädchen; Kein schöner Land; Die Waage; Der Kaiser von China";"P17055; P6778; P12190; P11166; P12817; P17577; P17719";;"Ingeborg-Bachmann-Preis; Telekom-Preis; 3sat-Preis; Ernst-Willner-Preis; Automatischer Literaturkritikerpreis";http://archiv.bachmannpreis.orf.at/bachmannpreis.eu/de/archiv/833/
LWA2;33. Tage der deutschsprachigen Literatur;Ingeborg-Bachmann-Preis;L13;2009;"P13336; P2512; P15134; P1860; P9377";"Bis dass der Tod; Der Fotoeffekt; Winterfisch; Fifty Fifty; Heimgehen";"P17055; P4418; P4568; P7937; P8570; P11166; P17719";;"Ingeborg-Bachmann-Preis; KELAG-Preis; 3sat-Preis; Ernst-Willner-Preis; BKS Bank-Publikumspreis";http://archiv.bachmannpreis.orf.at/bachmannpreis.eu/de/archiv/2316/
LWA3;34. Tage der deutschsprachigen Literatur;Ingeborg-Bachmann-Preis;L13;2010;"P19031; P3489; P20103; P15918; P19031";"Rabenliebe; Einladung an die Waghalsigen; Dinge, die wir heute sagten; Google Earth; Rabenliebe";"P17055; P4418; P4568; P7937; P8570; P19647; P17719";;"Ingeborg-Bachmann-Preis; KELAG-Preis; 3sat-Preis; Ernst-Willner-Preis; BKS Bank-Publikumspreis";http://archiv.bachmannpreis.orf.at/bachmannpreis.eu/de/archiv/2900/
LWA4;35. Tage der deutschsprachigen Literatur;Ingeborg-Bachmann-Preis;L13;2011;"P6200; P13674; P2421; P14015; P9008";"Im Kessel; Spur einer Dorfgeschichte; Große Ferien; Schimmernder Dunst über CobyCounty; 9to5 Hardcore";"P17055; P4418; P7937; P8570; P17577; P17719; P19647";;"Ingeborg-Bachmann-Preis; KELAG-Preis; 3sat-Preis; Ernst-Willner-Preis; BKS Bank-Publikumspreis";http://archiv.bachmannpreis.orf.at/bachmannpreis.eu/de/archiv/3654/
LWA5;36. Tage der deutschsprachigen Literatur;Ingeborg-Bachmann-Preis;L13;2012;"P11329; P12456; P9605; P11059; P18234";"Ich werde sagen: ‚Hi!‘; Unternehmer; Willste abhauen; [None]; Junge Hunde";"P17055; P2592; P4418; P7937; P8570; P17577; P19647";;"Ingeborg-Bachmann-Preis; KELAG-Preis; 3sat-Preis; Ernst-Willner-Preis; BKS Bank-Publikumspreis";http://archiv.bachmannpreis.orf.at/bachmannpreis.eu/de/archiv/4154/
LWA6;37. Tage der deutschsprachigen Literatur;Ingeborg-Bachmann-Preis;L13;2013;"P13358; P6101; P11000; P6804; P8533";"Vielleicht Esther; Es bringen; „Wie man einen Käfer richtig fängt“ von Joachim Kaltenbach; Wir sind schön; Scherben schlucken";"P17055; P4418; P7937; P8570; P17283; P17577; P19647";;"Ingeborg-Bachmann-Preis; KELAG-Preis; 3sat-Preis; Ernst-Willner-Preis; BKS Bank-Publikumspreis";http://archiv.bachmannpreis.orf.at/bachmannpreis.eu/de/archiv/4326/
LWA7;38. Tage der deutschsprachigen Literatur;Ingeborg-Bachmann-Preis;L13;2014;"P14834; P4307; P18563; P5265; P8933";"Wir waren niemals hier; Simeliberg (Auszüge); Vor der Zunahme der Zeichen; DOWN DOWN DOWN To The Queen Of Chinatown; Ujjayi";"P8532; P5436; P8463; P4418; P8570; P17283; P19647";;"Ingeborg-Bachmann-Preis; KELAG-Preis; 3sat-Preis; Ernst-Willner-Preis; BKS Bank-Publikumspreis";http://archiv.bachmannpreis.orf.at/bachmannpreis.eu/de/archiv/4859/
LWA8;39. Tage der deutschsprachigen Literatur;Ingeborg-Bachmann-Preis;L13;2015;"P5498; P4856; P5699; P4856";"Recherche; Das Bein; Das primäre Gefühl der Schuldlosigkeit; Das Bein";"P19647; P8463; P8532; P5436; P4418; P17283; P8570";;"Ingeborg-Bachmann-Preis; KELAG-Preis; 3sat-Preis; BKS Bank-Publikumspreis";https://bachmannpreis.orf.at/v3/stories/2760581/
LWA9;40. Tage der deutschsprachigen Literatur;Ingeborg-Bachmann-Preis;L13;2016;"P13015; P20345; P19842; P15183";"Herr Gröttrup setzt sich hin; Los Alamos ist winzig; Walter Nowak bleibt liegen; Penne vom Kika";"P19647; P8463; P8532; P5436; P4418; P17283; P8570";;"Ingeborg-Bachmann-Preis; KELAG-Preis; 3sat-Preis; BKS Bank-Publikumspreis";https://bachmannpreis.orf.at/v3/stories/2783608/
LWA10;41. Tage der deutschsprachigen Literatur;Ingeborg-Bachmann-Preis;L13;2017;"P15588; P19939; P12624; P11952; P13299";"mein lieblingstier heißt winter; Madrigal; Hysteria; Loses Mappe; Wiener Kindl";"P19647; P5436; P4418; P8532; P8463; P8570; P19496";;"Ingeborg-Bachmann-Preis; Deutschlandfunkpreis; KELAG-Preis; 3sat-Preis; BKS Bank-Publikumspreis";https://bachmannpreis.orf.at/v3/stories/2853856/
LWA11;42. Tage der deutschsprachigen Literatur;Ingeborg-Bachmann-Preis;L13;2018;"P11131; P1580; P3688; P17362; P3762";"Frösche im Meer; SERPENTINEN; und ich brenne; Warten auf Ava; Das Loch";"P19647; P5436; P5498; P8463; P8570; P19496; P19572";;"Ingeborg-Bachmann-Preis; Deutschlandfunkpreis; KELAG-Preis; 3sat-Preis; BKS Bank-Publikumspreis";https://bachmannpreis.orf.at/v3/stories/2923361/
LWA12;43. Tage der deutschsprachigen Literatur;Ingeborg-Bachmann-Preis;L13;2019;"P1539; P4514; P8123; P4290; P13014";"Der Schrank; Nymphenverzeichnis Muster Nummer eins Goldkopf; Unweit vom Schakaltal; Kenn ich nicht; Vierundsiebzig";"P19647; P5436; P5498; P8463; P8570; P19496; P19572";;"Ingeborg-Bachmann-Preis; Deutschlandfunkpreis; KELAG-Preis; 3sat-Preis; BKS Bank-Publikumspreis";https://bachmannpreis.orf.at/v3/stories/2991948/
LWA13;44. Tage der deutschsprachigen Literatur;Ingeborg-Bachmann-Preis;L13;2020;"P16058; P9576; P10353; P4749; P6262";"Vom Aufstehen; Für bestimmte Welten kämpfen und gegen andere; Immer im Krieg; Der heißeste Sommer; Der große Gruß";"P19647; P5498; P8463; P16293; P18144; P19496";;"Ingeborg-Bachmann-Preis; Deutschlandfunkpreis; KELAG-Preis; 3sat-Preis; BKS Bank-Publikumspreis";https://bachmannpreis.orf.at/stories/3054216/
LWA14;45. Tage der deutschsprachigen Literatur;Ingeborg-Bachmann-Preis;L13;2021;"P3728; P18777; P20642; P8314; P20642";"Der Cousin; Gewässer im Ziplock; Morgen wache ich auf und dann beginnt das Leben; Mein Freund am See; Morgen wache ich auf und dann beginnt das Leben";"P19572; P3187; P8295; P8463; P16293; P18144; P19496";;"Ingeborg-Bachmann-Preis; Deutschlandfunkpreis; KELAG-Preis; 3sat-Preis; BKS Bank-Publikumspreis";https://bachmannpreis.orf.at/stories/3108821/
LWA15;46. Tage der deutschsprachigen Literatur;Ingeborg-Bachmann-Preis;L13;2022;"P11331; P2340; P5967; P4041; P7192";"Wechselkröte; Einige Landesgrenzen weiter östlich, von hier aus gesehen; Im Falle des Druckabfalls; Liste der Dinge, die nicht so sind, wie sie sein sollten; Staublunge";"P19572; P3187; P8295; P8463; P16293; P18144; P19496";;"Ingeborg-Bachmann-Preis; Deutschlandfunkpreis; KELAG-Preis; 3sat-Preis; BKS Bank-Publikumspreis";https://bachmannpreis.orf.at/stories/3184069/
LWA16;47. Tage der deutschsprachigen Literatur;Ingeborg-Bachmann-Preis;L13;2023;"P5508; P4360; P13483; P10461; P13483";"Er putzt; Fische fangen; Mit Wänden sprechen/Pole sind schwierige Volk; Das Alphabet der sexualisierten Gewalt; Mit Wänden sprechen/Pole sind schwierige Volk";"P19572; P3187; P8463; P15169; P16293; P17617; P18144";;"Ingeborg-Bachmann-Preis; Deutschlandfunkpreis; KELAG-Preis; 3sat-Preis; BKS Bank-Publikumspreis ";https://bachmannpreis.orf.at/stories/3216933/
LWA17;11. Münchner Kurzgeschichtenwettbewerb;Münchner/Deutscher Kurzgeschichtenwettbewerb;L5;2008;"P7446; P3805; P2144; P19074";"Linkes oder rechtes Meer; Das Drehkreuz; Ina; Vom Vergessen der Welt - Fragmente einer polnischen Reise";;Unterwegs;;Otger Holleschek
LWA18;12. Münchner Kurzgeschichtenwettbewerb;Münchner/Deutscher Kurzgeschichtenwettbewerb;L5;2009;"P18911; P17520; P13166; P5460";"Mademoiselle Saphir erwacht; Knospentheater; Kaninchenblues; Um drei am See";;Frühling;;Otger Holleschek
LWA19;13. Münchner Kurzgeschichtenwettbewerb;Münchner/Deutscher Kurzgeschichtenwettbewerb;L5;2009;"P8613; P11108; P9760; P1139";"Und abends auf dem Entenstrich; Heißhunger; Zu wenig zuviel; Gute Hähne";;Hunger;;Otger Holleschek
LWA20;14. Münchner Kurzgeschichtenwettbewerb;Münchner/Deutscher Kurzgeschichtenwettbewerb;L5;2010;"P9425; P9760; P400; P3589";"Juttas Brust; Grünwald; Licht in der Frauenstraße; Wir mögen uns, aber nicht zu oft";;München;;Otger Holleschek
LWA21;15. Münchner Kurzgeschichtenwettbewerb;Münchner/Deutscher Kurzgeschichtenwettbewerb;L5;2010;"P12768; P13999; P7507; P10328";"Monika zwischen 23 und 24 Uhr; Alphatiere; Geschichten von der Straße; Kirschprinzenssin";;Straße;;Otger Holleschek
LWA22;16. Münchner Kurzgeschichtenwettbewerb;Münchner/Deutscher Kurzgeschichtenwettbewerb;L5;2011;"P10328; P9838; P13583; P14058";"Living Landscape; Wir haben Raketen geangelt; Die Korrektur; Selbstversuch";;Endstation Sehnsucht;;https://www.zuendeln.de/?p=82
LWA23;17. Münchner Kurzgeschichtenwettbewerb;Münchner/Deutscher Kurzgeschichtenwettbewerb;L5;2012;"P17759; P7139; P16710; P12253";"Kaspressknödel; Janis Joplin und ich; Drei Minuten; Libellen paar sich im Flug";"P16448; P518; P1648; P2288; P3890";Frei sein;;https://www.zuendeln.de/?p=9
LWA24;18. Münchner Kurzgeschichtenwettbewerb;Münchner/Deutscher Kurzgeschichtenwettbewerb;L5;2013;"P7936; P9780; P8582; P8619";"Tage und Wochen; Vier Sekunden; Ao Por do Sol; Eine Minute 53 Sekunden";;1001 Nacht;;https://www.zuendeln.de/?p=3542
LWA25;19. Münchner Kurzgeschichtenwettbewerb;Münchner/Deutscher Kurzgeschichtenwettbewerb;L5;2014;"P20335; P7805; P15554; P3791";"Krieg; Wände hören; Breuer, Zielke und die Anderen; Der Auftrag";;Ausweitung der Kampfzone;;https://www.zuendeln.de/?p=5009
LWA26;20. Münchner Kurzgeschichtenwettbewerb;Münchner/Deutscher Kurzgeschichtenwettbewerb;L5;2015;"P1427; P13971; P6612; P4867";"Die Reise ins Hoki-Poki-Land; Judith; Am Rand; Halim liegt wach";;Grenzgänger;;https://www.zuendeln.de/?p=6119
LWA27;21. Münchner Kurzgeschichtenwettbewerb;Münchner/Deutscher Kurzgeschichtenwettbewerb;L5;2016;"P3802; P10332; P4569; P10169";"Die Eingeweide meines Sohnes; Wassergeburt, falschrum; Die Tonpuppe; Das Lied der törichten Kinder";"P1648; P6536; P10103; P20646";kaputt;;https://www.zuendeln.de/?p=6682
LWA28;22. Münchner Kurzgeschichtenwettbewerb;Münchner/Deutscher Kurzgeschichtenwettbewerb;L5;2017;"P19579; P9279; P11951";"Aschehäufchen; Wenn du schreist; Wärme deinen Nächsten";;Frontbericht;;https://www.zuendeln.de/?p=7021
LWA29;23. Münchner Kurzgeschichtenwettbewerb;Münchner/Deutscher Kurzgeschichtenwettbewerb;L5;2018;"P6567; P4184; P1470; P17120";"Kim unterm Sofa; Atelier mit fleckigem Sofa; Ezio; Als mein imaginäres Kind der Bananenspinne begegnete";;Nichts ist wahr, alles ist erlaubt;;https://www.zuendeln.de/?p=7266
LWA30;25. Münchner Kurzgeschichtenwettbewerb;Münchner/Deutscher Kurzgeschichtenwettbewerb;L5;2019;"P6166; P15967; P6808; P6193";"#AlsdasPfandverschwand; Leni sieht das Meer; #Satellitenfehler; Kleinstadtnostalgie";;In einem Monat, in einem Jahr;;https://www.zuendeln.de/?p=7415
LWA31;26. Münchner Kurzgeschichtenwettbewerb;Münchner/Deutscher Kurzgeschichtenwettbewerb;L5;2020;"P16039; P141; P6193";"Drei Uhr Fünfzehn; Fliegende Straßenbahn; Im Rücken das Ende";;grenzwertig;;"https://www.zuendeln.de/?p=7645; https://www.zuendeln.de/?p=7642; https://www.zuendeln.de/?p=7640"
LWA32;27. Deutscher Kurzgeschichtenwettbewerb;Münchner/Deutscher Kurzgeschichtenwettbewerb;L5;2021;"P1118; P15554; P17141; P3293";"Schnee von gestern; Test, Test…Cinderella has left the building; Strahlen; Woche zwei";"P1648; P14179; P13723";Schrei endlich! ;;https://www.zuendeln.de/?p=7984
LWA33;Deutscher Kurzgeschichtenwettbewerb 2022;Münchner/Deutscher Kurzgeschichtenwettbewerb;L5;2022;"P19218; P16681; P16257; P12644";"Warmes Fleisch; Bei Kerbers nebenan; 3.000 Meter; Und Zoreh schreit";"P11435; P15544; P1649; P7922";Was für!;;https://www.zuendeln.de/?cat=4&paged=3
LWA34;28. Deutscher Kurzgeschichtenwettbewerb;Münchner/Deutscher Kurzgeschichtenwettbewerb;L5;2023;"P6360; P13338; P3841; P4394";"Was ein schöner Tag; In der Ringbahn; Kranich; Vor dem Ende";;Deine Geschichte;;https://www.zuendeln.de/?p=8195
LWA35;11. Ausschreibung des Moerser-Literaturpreises;Moerser-Literaturpreis;L27;2008;"P9465; P15932; P7170";"Es wird immer wieder still; Small Story; C''est la vie";;;;https://www.moersergesellschaft.de/preistraegerinnen/
LWA36;12. Ausschreibung des Moerser-Literaturpreises;Moerser-Literaturpreis;L27;2009;"P14169; P1941; P15666";"Nach den Sternen greifen; Transit; Lady Warrior";;;;https://www.moersergesellschaft.de/preistraegerinnen/
LWA37;13. Ausschreibung des Moerser-Literaturpreises;Moerser-Literaturpreis;L27;2010;"P14207; P10114; P17216";"Der Faber; Ich war einmal; Spurlos verschwunden";;;;https://www.moersergesellschaft.de/preistraegerinnen/
LWA38;14. Ausschreibung des Moerser-Literaturpreises;Moerser-Literaturpreis;L27;2011;"P8427; P13069; P16391";"Aufstieg; Lockentanz; Septembermädchen";;Dabei sein;;https://www.moersergesellschaft.de/preistraegerinnen/
LWA39;15. Ausschreibung des Moerser-Literaturpreises;Moerser-Literaturpreis;L27;2012;"P10328; P17036; P2194";"Ist es kalt?; Der Morgen danach; Liebe auf Zeit";;Der Morgen danach;;https://www.moersergesellschaft.de/preistraegerinnen/
LWA40;16. Ausschreibung des Moerser-Literaturpreises;Moerser-Literaturpreis;L27;2013;"P2514; P17216; P2557";"Spielzeug aus Amerika; Einmal nicht aufgepasst; Acht Worte, drei Sätze, ein Gefühl …";;Einmal nicht aufgepasst;;https://www.moersergesellschaft.de/preistraegerinnen/
LWA41;17. Ausschreibung des Moerser-Literaturpreises;Moerser-Literaturpreis;L27;2014;"P13646; P17382; P4342";"Janusz; Flugbahn; Der Querschläger";;suchen und finden;;https://www.moersergesellschaft.de/preistraegerinnen/
LWA42;18. Ausschreibung des Moerser-Literaturpreises;Moerser-Literaturpreis;L27;2015;"P15759; P15709; P17459";"Schneewehen; Kopfüber, Hannah; Von unten betrachtet";;Verspielt;;https://www.moersergesellschaft.de/preistraegerinnen/
LWA43;19. Ausschreibung des Moerser-Literaturpreises;Moerser-Literaturpreis;L27;2016;"P8670; P18505; P4660";"Lagerkoller; Der Weg zum Meer; Sand am Meer";;Am Meer;;https://www.moersergesellschaft.de/preistraegerinnen/
LWA44;20. Ausschreibung des Moerser-Literaturpreises;Moerser-Literaturpreis;L27;2017;"P6796; P6021; P13176";"Wie man tausend Kraniche faltet; Stiche; Heimatfreunde";;Unter Freunden ;;https://www.moersergesellschaft.de/preistraegerinnen/
LWA45;21. Ausschreibung des Moerser-Literaturpreises;Moerser-Literaturpreis;L27;2018;"P9358; P12355; P13003";"Centre Court; Namenlos; Like, Neid, Neid";;Im Netz;;https://www.moersergesellschaft.de/preistraegerinnen/
LWA46;22. Ausschreibung des Moerser-Literaturpreises;Moerser-Literaturpreis;L27;2019;"P4660; P17459; P6165";"Die Kopistin; Wenn die Maden kommen; Vollidiot";;Falsche Freunde;;https://www.moersergesellschaft.de/preistraegerinnen/
LWA47;23. Ausschreibung des Moerser-Literaturpreises;Moerser-Literaturpreis;L27;2020;"P20528; P7009; P4257";"Die Prinzessin von Sansibar; Der Ausstieg; Wie die Sterne";;Im Rï¿½ckblick;;https://www.moersergesellschaft.de/preistraegerinnen/
LWA48;24. Ausschreibung des Moerser-Literaturpreises;Moerser-Literaturpreis;L27;2021;"P7978; P19880; P7396";"Das Erbe; Dahinter wird Stille; Ich bin noch da";;Sprachlos;;https://www.moersergesellschaft.de/preistraegerinnen/
LWA49;25. Ausschreibung des Moerser-Literaturpreises;Moerser-Literaturpreis;L27;2022;"P15530; P6903; P9142";"Rote Spuren; Regen im Weltall; Siebzehn Tage";;Versprochen;;https://www.moersergesellschaft.de/preistraegerinnen/
LWA50;26. Ausschreibung des Moerser-Literaturpreises;Moerser-Literaturpreis;L27;2023;"P6360; P14551; P9012";"Wiedersehen; Wolkenschwer; Es ist nur ein Wort";;Wider Willen;;https://www.moersergesellschaft.de/preistraegerinnen/
LWA51;16. open mike;Open Mike ;L30;2008;"P13350; P9786; P18822";"Zitronen; Rückspiegel; Punkte";"P5403; P14526; P20099";;"Erster Preis; Zweiter Preis; Preis der taz-Publikumsjury";https://www.haus-fuer-poesie.org/de/open-mike/archiv/archiv-2008/die-jury/
LWA52;17. open mike;Open Mike ;L30;2009;"P11059; P16611";"3. Kapitel: Potulski I (Auszug); Peng. Peng. Peng. Peng.";"P9447; P14957; P17009";;"Erster Preis; Zweiter Preis & Preis der taz-Publikumsjury";https://www.haus-fuer-poesie.org/de/open-mike/archiv/archiv-2010-2/die-gewinner
LWA53;18. open mike;Open Mike ;L30;2010;"P16890; P11252; P13646";"Milchgesicht; Wir stellen uns nicht dumm; Über Peanuts, mich und andere Sachen";"P12971; P18284; P18507";;"Erster Preis; Zweiter Preis; Preis der taz-Publikumsjury";https://www.haus-fuer-poesie.org/de/open-mike/archiv/archiv-2010/die-gewinner
LWA54;19. open mike;Open Mike ;L30;2011;"P2475; P4106";"Platzanweisung; Dora Diamant";"P7444; P14005; P15673";;"Erster Preis & Preis der taz-Publikumsjury; Zweiter Preis ";https://www.haus-fuer-poesie.org/de/open-mike/archiv/archiv-20/die-gewinner
LWA55;20. open mike;Open Mike ;L30;2012;"P5937; P5967; P8192";"Junge Frau, undatiert; Pelusa; SCHAF e.V.";"P1438; P15427; P20603";;"Erster Preis; Zweiter Preis; Preis der taz-Publikumsjury";https://www.haus-fuer-poesie.org/de/open-mike/archiv/archiv-2012/die-fianalisten-und-gewinner-2012/die-gewinner-2012/
LWA56;21. open mike;Open Mike ;L30;2013;"P5139; P3888";"Schaukelgestühl ganse en bräune; Glück";"P4111; P18493; P13263";;"Erster Preis; Zweiter Preis";https://www.haus-fuer-poesie.org/de/open-mike/archiv/archiv-2012-2/t/die-gewinner-des-21-open-mike/
LWA57;22. open mike;Open Mike ;L30;2014;"P418; P15846; P1144";"Die Krieger des Königs Ying Zheng; Die Holzmieterin; Feierabend";"P9666; P11081; P13685";;"Erster Preis; Zweiter Preis; Preis der taz-Publikumsjury";https://www.haus-fuer-poesie.org/de/open-mike/archiv/open-mike-archiv-2014/teilnehmer-2014/die-preistraeger-des-22-open-mike/
LWA58;23. open mike;Open Mike ;L30;2015;"P10584; P18376; P9616";"Mama; Das pure Leben; der eine der andere";"P1975; P11696; P12004";;"Erster Preis; Zweiter Preis; Preis der taz-Publikumsjury";"https://www.haus-fuer-poesie.org/de/open-mike/archiv/archiv-2015/die-preistraeger-2015/; https://www.openmikederblog.de/2015/11/08/die-preistraeger-des-open-mike-2015/"
LWA59;24. open mike;Open Mike ;L30;2016;"P3317; P13879; P12791";"Von Ajaccio her; Für immer die Alpen; kurze Szenerie mit Loch";"P11059; P16567; P17161";;"Erster Preis; Zweiter Preis; Preis der taz-Publikumsjury";https://www.haus-fuer-poesie.org/de/open-mike/archiv/open-mike-2016/die-preistraeger-2016
LWA60;25. open mike;Open Mike ;L30;2017;"P17982; P7287; P10870";"Das Liebchen; Dorfköter; So kommt''s";"P1650; P5734; P16145";;"Erster Preis; Zweiter Preis; Preis der taz-Publikumsjury";https://www.haus-fuer-poesie.org/de/open-mike/archiv/archiv-2017/die-preistraegerinnen/
LWA61;26. open mike;Open Mike ;L30;2018;P20635;bulimieminiaturen;"P4782; P10121; P13674";;Erster Preis;"https://www.haus-fuer-poesie.org/de/open-mike/archiv/archiv-2018/die-jury; https://www.haus-fuer-poesie.org/de/open-mike/news/yade-yasemin-oender-kyrill-constantinides-tank-lara-rueter-und-caren-jess-gewinnen-den-26-open-mike"
LWA63;28. open mike;Open Mike ;L30;2020;"P5376; P16979";"Hippobosca; MIRMAR";"P1739; P6101; P19015";;"Erster Preis; Zweiter Preis";https://www.haus-fuer-poesie.org/de/open-mike/archiv/archiv-2020/die-preistraegerinnen/
LWA64;29. open mike;Open Mike ;L30;2021;"P3699; P18635; P432";"Urin und Blütenhonig; Cui bono; Holzhausen (Auszug)";"P11329; P18507; P18850";;"Erster Preis; Zweiter Preis; Preis der taz-Publikumsjury";https://www.haus-fuer-poesie.org/de/open-mike/archiv/29/die-preistraegerinnen
LWA66;31. open mike;Open Mike ;L30;2023;"P2599; P9176; P14656";"Marta Dei; Parkbankgroßeltern; Die Heimsuchung";"P1003; P18563; P20091";;"Erster Preis; Zweiter Preis; Preis der taz-Publikumsjury";https://www.haus-fuer-poesie.org/de/open-mike/news/salvatore-calanduccia-kenan-kokic-und-miedya-mahmod-gewinnen-den-31-open-mike
LWA67;Schreibwettbewerb des Literaturhaus Zürich Januar 2008;Schreibwettbewerb des Literaturhaus Zürich;L36;2008;P2314;Ein Buch zum Hineinschreiben;;Jahresthema: Tagebuch, Monatsthema: ---;Text des Monats;https://literaturhaus.ch/schreibwettbwerb-t/ein-buch-zum-hineinschreiben-von-daniel-buess/
LWA68;Schreibwettbewerb des Literaturhaus Zürich Februar 2008;Schreibwettbewerb des Literaturhaus Zürich;L36;2008;P4908;Mutterkind;;Jahresthema: Tagebuch, Monatsthema: ---;Text des Monats;https://literaturhaus.ch/schreibwettbwerb-t/mutterkind-von-katrin-frueh/
LWA69;Schreibwettbewerb des Literaturhaus Zürich März 2008;Schreibwettbewerb des Literaturhaus Zürich;L36;2008;P11017;insomnia;;Jahresthema: Tagebuch, Monatsthema: ---;Text des Monats;https://literaturhaus.ch/schreibwettbwerb-t/insomnia-von-barbara-macek/
LWA70;Schreibwettbewerb des Literaturhaus Zürich April 2008;Schreibwettbewerb des Literaturhaus Zürich;L36;2008;P11773;Hier ist eine Geschichte;;Jahresthema: Tagebuch, Monatsthema: ---;Text des Monats;https://literaturhaus.ch/schreibwettbwerb-t/hier-ist-eine-geschichte-von-daniel-mezger/
LWA71;Schreibwettbewerb des Literaturhaus Zürich Mai 2008;Schreibwettbewerb des Literaturhaus Zürich;L36;2008;P10379;Bistro-Journal;;Jahresthema: Tagebuch, Monatsthema: ---;Text des Monats;https://literaturhaus.ch/schreibwettbwerb-t/bistro-journal-von-luzius-lenherr/
LWA72;Schreibwettbewerb des Literaturhaus Zürich Juni 2008;Schreibwettbewerb des Literaturhaus Zürich;L36;2008;P19994;Tagebuch aus Kenia;;Jahresthema: Tagebuch, Monatsthema: ---;Text des Monats;https://literaturhaus.ch/schreibwettbwerb-t/tagebuch-aus-kenia-von-fabienne-wydler/
LWA62;27. open mike;Open Mike ;L30;2019;P16819;Das ist der Sommer, in dem das Haus einstürzt;"P11576; P11736; P19859";;"Erster Preis; Zweiter Preis & Preis der taz-Publikumsjury";https://www.haus-fuer-poesie.org/de/open-mike/archiv/archiv-2019/die-preistraegerinnen/
LWA73;Schreibwettbewerb des Literaturhaus Zürich Juli 2008;Schreibwettbewerb des Literaturhaus Zürich;L36;2008;P289;Wortlungen;;Jahresthema: Tagebuch, Monatsthema: ---;Text des Monats;https://literaturhaus.ch/schreibwettbwerb-t/wortlungen-von-matthias-amann/
LWA74;Schreibwettbewerb des Literaturhaus Zürich September 2008;Schreibwettbewerb des Literaturhaus Zürich;L36;2008;P15472;Gegenlicht;;Jahresthema: Tagebuch, Monatsthema: ---;Text des Monats;https://literaturhaus.ch/schreibwettbwerb-t/gegenlicht-von-nadja-schiller/
LWA75;Schreibwettbewerb des Literaturhaus Zürich Oktober 2008;Schreibwettbewerb des Literaturhaus Zürich;L36;2008;P16080;Stadtnacht Stadtmorgen;;Jahresthema: Tagebuch, Monatsthema: ---;Text des Monats;https://literaturhaus.ch/schreibwettbwerb-t/stadtnacht-stadtmorgen-von-barbara-schuler/
LWA76;Schreibwettbewerb des Literaturhaus Zürich November 2008;Schreibwettbewerb des Literaturhaus Zürich;L36;2008;P943;Vom Sitzen, vom Stehen, vom Schneien und Gehen;;Jahresthema: Tagebuch, Monatsthema: ---;Text des Monats;https://literaturhaus.ch/schreibwettbwerb-t/vom-sitzen-vom-stehen-vom-schneien-und-gehen-von-simone-baumann/
LWA78;Schreibwettbewerb des Literaturhaus Zürich Januar 2009;Schreibwettbewerb des Literaturhaus Zürich;L36;2009;P4604;Haselborn;;Jahresthema: Kindheit, Monatsthema: ---;Text des Monats;https://literaturhaus.ch/schreibwettbwerb-t/haselborn-von-isabel-flynn/
LWA79;Schreibwettbewerb des Literaturhaus Zürich Februar 2009;Schreibwettbewerb des Literaturhaus Zürich;L36;2009;P12777;Ein rotes Tor;;Jahresthema: Kindheit, Monatsthema: ---;Text des Monats;https://literaturhaus.ch/schreibwettbwerb-t/ein-rotes-tor-von-anamaria-novak/
LWA80;Schreibwettbewerb des Literaturhaus Zürich März 2009;Schreibwettbewerb des Literaturhaus Zürich;L36;2009;P4057;Die Prozession;;Jahresthema: Kindheit, Monatsthema: ---;Text des Monats;https://literaturhaus.ch/schreibwettbwerb-t/die-prozession-von-niklaus-epp/
LWA81;Schreibwettbewerb des Literaturhaus Zürich April 2009;Schreibwettbewerb des Literaturhaus Zürich;L36;2009;P492;Die Krähe;;Jahresthema: Kindheit, Monatsthema: ---;Text des Monats;https://literaturhaus.ch/schreibwettbwerb-t/die-kraehe-von-jan-arn/
LWA82;Schreibwettbewerb des Literaturhaus Zürich Mai 2009;Schreibwettbewerb des Literaturhaus Zürich;L36;2009;P14202;Es wäre schön;;Jahresthema: Kindheit, Monatsthema: ---;Text des Monats;https://literaturhaus.ch/schreibwettbwerb-t/es-waere-schoen-von-jutta-reichelt/
LWA83;Schreibwettbewerb des Literaturhaus Zürich Juni 2009;Schreibwettbewerb des Literaturhaus Zürich;L36;2009;P14601;Kreuzstichordnung;;Jahresthema: Kindheit, Monatsthema: ---;Text des Monats;https://literaturhaus.ch/schreibwettbwerb-t/kreuzstichordnung-von-rita-roedel/
LWA84;Schreibwettbewerb des Literaturhaus Zürich Juli 2009;Schreibwettbewerb des Literaturhaus Zürich;L36;2009;P13310;Ein Brief;;Jahresthema: Kindheit, Monatsthema: ---;Text des Monats;https://literaturhaus.ch/schreibwettbwerb-t/ein-brief-von-maja-peter/
LWA85;Schreibwettbewerb des Literaturhaus Zürich August 2009;Schreibwettbewerb des Literaturhaus Zürich;L36;2009;P13986;Jesus auf der Zunge;;Jahresthema: Kindheit, Monatsthema: ---;Text des Monats;https://literaturhaus.ch/schreibwettbwerb-t/jesus-auf-der-zunge-von-dragica-rajcic/
LWA86;Schreibwettbewerb des Literaturhaus Zürich September 2009;Schreibwettbewerb des Literaturhaus Zürich;L36;2009;P2210;In der Wohnung;;Jahresthema: Kindheit, Monatsthema: ---;Text des Monats;https://literaturhaus.ch/schreibwettbwerb-t/in-der-wohnung-von-katja-brunner/
LWA87;Schreibwettbewerb des Literaturhaus Zürich Oktober 2009;Schreibwettbewerb des Literaturhaus Zürich;L36;2009;P8262;WO LIEGT AFRIKA?;;Jahresthema: Kindheit, Monatsthema: ---;Text des Monats;https://literaturhaus.ch/schreibwettbwerb-t/wo-liegt-afrika-von-thomas-kadelbach/
LWA88;Schreibwettbewerb des Literaturhaus Zürich November 2009;Schreibwettbewerb des Literaturhaus Zürich;L36;2009;P11240;Mio nonno è un astronauta;;Jahresthema: Kindheit, Monatsthema: ---;Text des Monats;https://literaturhaus.ch/schreibwettbwerb-t/mio-nonno-e-un-astronauta-von-patric-marino/
LWA90;Schreibwettbewerb des Literaturhaus Zürich Januar 2010;Schreibwettbewerb des Literaturhaus Zürich;L36;2010;P2392;Abgekartet;"P17456; P4529; P6638; P15883; P5242; P14072; P14182; P14599; P16371; P18643; P19716";Jahresthema: Im Jahr 2050, Monatsthema: ---;Text des Monats;"https://literaturhaus.ch/schreibwettbwerb-t/abgekartet-von-dominik-busch/; https://literaturhaus.ch/event/internetwettbewerb-schlussabend-im-jahr-2050/"
LWA91;Schreibwettbewerb des Literaturhaus Zürich Februar 2010;Schreibwettbewerb des Literaturhaus Zürich;L36;2010;P16993;Leo erwacht 2050;"P17456; P4529; P6638; P15883; P5242; P14072; P14182; P14599; P16371; P18643; P19716";Jahresthema: Im Jahr 2050, Monatsthema: ---;Text des Monats;https://literaturhaus.ch/schreibwettbwerb-t/leo-erwacht-2050-von-susanne-sourlier/
LWA92;Schreibwettbewerb des Literaturhaus Zürich März 2010;Schreibwettbewerb des Literaturhaus Zürich;L36;2010;P9095;When I'm 62;"P17456; P4529; P6638; P15883; P5242; P14072; P14182; P14599; P16371; P18643; P19716";Jahresthema: Im Jahr 2050, Monatsthema: ---;Text des Monats;https://literaturhaus.ch/schreibwettbwerb-t/when-im-62-von-david-koch/
LWA93;Schreibwettbewerb des Literaturhaus Zürich April 2010;Schreibwettbewerb des Literaturhaus Zürich;L36;2010;P10068;Elektra;"P17456; P4529; P6638; P15883; P5242; P14072; P14182; P14599; P16371; P18643; P19716";Jahresthema: Im Jahr 2050, Monatsthema: ---;Text des Monats;https://literaturhaus.ch/schreibwettbwerb-t/elektra-von-katharina-lanfranconi/
LWA94;Schreibwettbewerb des Literaturhaus Zürich Mai 2010;Schreibwettbewerb des Literaturhaus Zürich;L36;2010;P4604;Für immer;"P17456; P4529; P6638; P15883; P5242; P14072; P14182; P14599; P16371; P18643; P19716";Jahresthema: Im Jahr 2050, Monatsthema: ---;Text des Monats;https://literaturhaus.ch/schreibwettbwerb-t/fuer-immer-von-isabel-flynn/
LWA95;Schreibwettbewerb des Literaturhaus Zürich Juni 2010;Schreibwettbewerb des Literaturhaus Zürich;L36;2010;P5810;Raum Nr. 7;"P17456; P4529; P6638; P15883; P5242; P14072; P14182; P14599; P16371; P18643; P19716";Jahresthema: Im Jahr 2050, Monatsthema: ---;Text des Monats;https://literaturhaus.ch/schreibwettbwerb-t/raum-nr-7-von-andreas-gruber/
LWA96;Schreibwettbewerb des Literaturhaus Zürich Juli 2010;Schreibwettbewerb des Literaturhaus Zürich;L36;2010;P18263;Das Experiment;"P17456; P4529; P6638; P15883; P5242; P14072; P14182; P14599; P16371; P18643; P19716";Jahresthema: Im Jahr 2050, Monatsthema: ---;Text des Monats;https://literaturhaus.ch/schreibwettbwerb-t/das-experiment-von-rudolf-treumann/
LWA97;Schreibwettbewerb des Literaturhaus Zürich August 2010;Schreibwettbewerb des Literaturhaus Zürich;L36;2010;P3405;Byron Lotos;"P17456; P4529; P6638; P15883; P5242; P14072; P14182; P14599; P16371; P18643; P19716";Jahresthema: Im Jahr 2050, Monatsthema: ---;Text des Monats;https://literaturhaus.ch/schreibwettbwerb-t/byron-lotos-von-marc-dijzmedjian/
LWA98;Schreibwettbewerb des Literaturhaus Zürich September 2010;Schreibwettbewerb des Literaturhaus Zürich;L36;2010;P19800;Aus der Haut;"P17456; P4529; P6638; P15883; P5242; P14072; P14182; P14599; P16371; P18643; P19716";Jahresthema: Im Jahr 2050, Monatsthema: ---;Text des Monats;https://literaturhaus.ch/schreibwettbwerb-t/aus-der-haut-von-bettina-wohlfender/
LWA99;Schreibwettbewerb des Literaturhaus Zürich Oktober 2010;Schreibwettbewerb des Literaturhaus Zürich;L36;2010;P3805;Ausbrüche;"P17456; P4529; P6638; P15883; P5242; P14072; P14182; P14599; P16371; P18643; P19716";Jahresthema: Im Jahr 2050, Monatsthema: ---;Text des Monats;https://literaturhaus.ch/schreibwettbwerb-t/ausbrueche-von-rene-egger/
LWA100;Schreibwettbewerb des Literaturhaus Zürich November 2010;Schreibwettbewerb des Literaturhaus Zürich;L36;2010;P5916;Zwanzigfünfzig;"P17456; P4529; P6638; P15883; P5242; P14072; P14182; P14599; P16371; P18643; P19716";Jahresthema: Im Jahr 2050, Monatsthema: ---;Text des Monats;https://literaturhaus.ch/schreibwettbwerb-t/zwanzigfuenfzig-von-peter-gschwend/
LWA102;Schreibwettbewerb des Literaturhaus Zürich Januar 2011;Schreibwettbewerb des Literaturhaus Zürich;L36;2011;P12107;Zwölf Krücken;"P17456; P18757; P6638; P2810; P5242; P14072; P14182; P14599; P16371";Jahresthema: Heimat, Monatsthema: ---;Text des Monats;"https://literaturhaus.ch/schreibwettbwerb-t/zwoelf-kruecken-von-iris-muhl/; https://literaturhaus.ch/event/schreibwettbewerb-heimat-schlussabend/"
LWA103;Schreibwettbewerb des Literaturhaus Zürich Februar 2011;Schreibwettbewerb des Literaturhaus Zürich;L36;2011;P10068;Heimat;"P17456; P18757; P6638; P2810; P5242; P14072; P14182; P14599; P16371";Jahresthema: Heimat, Monatsthema: ---;Text des Monats;https://literaturhaus.ch/schreibwettbwerb-t/heimat-von-katharina-lanfranconi/
LWA104;Schreibwettbewerb des Literaturhaus Zürich März 2011;Schreibwettbewerb des Literaturhaus Zürich;L36;2011;P4911;Ami;"P17456; P18757; P6638; P2810; P5242; P14072; P14182; P14599; P16371";Jahresthema: Heimat, Monatsthema: ---;Text des Monats;https://literaturhaus.ch/schreibwettbwerb-t/ami-von-katrin-frueh-hedrich/
LWA106;Schreibwettbewerb des Literaturhaus Zürich Mai 2011;Schreibwettbewerb des Literaturhaus Zürich;L36;2011;P17056;Nachts;"P17456; P18757; P6638; P2810; P5242; P14072; P14182; P14599; P16371";Jahresthema: Heimat, Monatsthema: ---;Text des Monats;https://literaturhaus.ch/schreibwettbwerb-t/nachts-von-esther-spinner/
LWA108;Schreibwettbewerb des Literaturhaus Zürich Juli 2011;Schreibwettbewerb des Literaturhaus Zürich;L36;2011;P15331;Die Fracht des Sommers;"P17456; P18757; P6638; P2810; P5242; P14072; P14182; P14599; P16371";Jahresthema: Heimat, Monatsthema: ---;Text des Monats;https://literaturhaus.ch/schreibwettbwerb-t/die-fracht-des-sommers-von-christian-k-schaub/
LWA109;Schreibwettbewerb des Literaturhaus Zürich August 2011;Schreibwettbewerb des Literaturhaus Zürich;L36;2011;P11362;Die Heimkehr;"P17456; P18757; P6638; P2810; P5242; P14072; P14182; P14599; P16371";Jahresthema: Heimat, Monatsthema: ---;Text des Monats;https://literaturhaus.ch/schreibwettbwerb-t/die-heimkehr-von-susanne-mathies/
LWA110;Schreibwettbewerb des Literaturhaus Zürich September 2011;Schreibwettbewerb des Literaturhaus Zürich;L36;2011;P2575;Südwärts;"P17456; P18757; P6638; P2810; P5242; P14072; P14182; P14599; P16371";Jahresthema: Heimat, Monatsthema: ---;Text des Monats;https://literaturhaus.ch/schreibwettbwerb-t/suedwaerts-von-patricia-buettiker/
LWA111;Schreibwettbewerb des Literaturhaus Zürich Oktober 2011;Schreibwettbewerb des Literaturhaus Zürich;L36;2011;P13744;Die Burgervilla;"P17456; P18757; P6638; P2810; P5242; P14072; P14182; P14599; P16371";Jahresthema: Heimat, Monatsthema: ---;Text des Monats;https://literaturhaus.ch/schreibwettbwerb-t/die-burgervilla-von-samuel-prenner/
LWA112;Schreibwettbewerb des Literaturhaus Zürich November 2011;Schreibwettbewerb des Literaturhaus Zürich;L36;2011;P6178;Die Welt, so klein;"P17456; P18757; P6638; P2810; P5242; P14072; P14182; P14599; P16371";Jahresthema: Heimat, Monatsthema: ---;Text des Monats;https://literaturhaus.ch/schreibwettbwerb-t/die-welt-so-klein-von-lena-hach/
LWA114;Schreibwettbewerb des Literaturhaus Zürich Januar 2012;Schreibwettbewerb des Literaturhaus Zürich;L36;2012;P19725;Mutters Kopf, Vater und ich;"P17456; P18757; P6638; P2810; P5242; P14072; P14182; P14599; P16371";Jahresthema: Familie, Monatsthema: ---;Text des Monats;"https://literaturhaus.ch/schreibwettbwerb-t/mutters-kopf-vater-und-ich-von-doris-wirth/; https://literaturhaus.ch/event/texte-des-monats-2012-schreibwettbewerb-familie-schlussabend/"
LWA115;Schreibwettbewerb des Literaturhaus Zürich Februar 2012;Schreibwettbewerb des Literaturhaus Zürich;L36;2012;P6915;Räuber;"P17456; P18757; P6638; P2810; P5242; P14072; P14182; P14599; P16371";Jahresthema: Familie, Monatsthema: ---;Text des Monats;https://literaturhaus.ch/schreibwettbwerb-t/raeuber-von-heike-henzmann/
LWA116;Schreibwettbewerb des Literaturhaus Zürich März 2012;Schreibwettbewerb des Literaturhaus Zürich;L36;2012;P5637;Grossvater;"P17456; P18757; P6638; P2810; P5242; P14072; P14182; P14599; P16371";Jahresthema: Familie, Monatsthema: ---;Text des Monats;https://literaturhaus.ch/schreibwettbwerb-t/grossvater-von-thomas-greber/
LWA117;Schreibwettbewerb des Literaturhaus Zürich April 2012;Schreibwettbewerb des Literaturhaus Zürich;L36;2012;P3922;Von meinem Vater, seiner Küche und meinen Sorgen;"P17456; P18757; P6638; P2810; P5242; P14072; P14182; P14599; P16371";Jahresthema: Familie, Monatsthema: ---;Text des Monats;https://literaturhaus.ch/schreibwettbwerb-t/von-meinem-vater-seiner-kueche-und-meinen-sorgen-von-samira-el-maawi/
LWA118;Schreibwettbewerb des Literaturhaus Zürich Mai 2012;Schreibwettbewerb des Literaturhaus Zürich;L36;2012;P14762;Stillleben;"P17456; P18757; P6638; P2810; P5242; P14072; P14182; P14599; P16371";Jahresthema: Familie, Monatsthema: ---;Text des Monats;https://literaturhaus.ch/schreibwettbwerb-t/stillleben-von-ingeborg-rotach/
LWA119;Schreibwettbewerb des Literaturhaus Zürich Juni 2012;Schreibwettbewerb des Literaturhaus Zürich;L36;2012;P121;Hin und Herkunkft;"P17456; P18757; P6638; P2810; P5242; P14072; P14182; P14599; P16371";Jahresthema: Familie, Monatsthema: ---;Text des Monats;https://literaturhaus.ch/schreibwettbwerb-t/hin-und-herkunft-von-roland-aegerter/
LWA120;Schreibwettbewerb des Literaturhaus Zürich Juli 2012;Schreibwettbewerb des Literaturhaus Zürich;L36;2012;P5139;Mein Held (Auszug);"P17456; P18757; P6638; P2810; P5242; P14072; P14182; P14599; P16371";Jahresthema: Familie, Monatsthema: ---;Text des Monats;https://literaturhaus.ch/schreibwettbwerb-t/mein-held-auszug-von-dmitrij-gawrisch/
LWA121;Schreibwettbewerb des Literaturhaus Zürich August 2012;Schreibwettbewerb des Literaturhaus Zürich;L36;2012;P9016;Alles ist gut!;"P17456; P18757; P6638; P2810; P5242; P14072; P14182; P14599; P16371";Jahresthema: Familie, Monatsthema: ---;Text des Monats;https://literaturhaus.ch/schreibwettbwerb-t/alles-ist-gut-von-horst-werner-kloeckner/
LWA122;Schreibwettbewerb des Literaturhaus Zürich September 2012;Schreibwettbewerb des Literaturhaus Zürich;L36;2012;P1539;Die Tant';"P17456; P18757; P6638; P2810; P5242; P14072; P14182; P14599; P16371";Jahresthema: Familie, Monatsthema: ---;Text des Monats;https://literaturhaus.ch/schreibwettbwerb-t/die-tant-von-birgit-birnbacher/
LWA123;Schreibwettbewerb des Literaturhaus Zürich Oktober 2012;Schreibwettbewerb des Literaturhaus Zürich;L36;2012;P5087;Die Gewissheit;"P17456; P18757; P6638; P2810; P5242; P14072; P14182; P14599; P16371";Jahresthema: Familie, Monatsthema: ---;Text des Monats;https://literaturhaus.ch/schreibwettbwerb-t/die-gewissheit-von-romana-ganzoni/
LWA125;Schreibwettbewerb des Literaturhaus Zürich Januar 2013;Schreibwettbewerb des Literaturhaus Zürich;L36;2013;P12339;Das Gewicht einer jungen Frau;"P6638; P17456; P15829; P18757; P2810; P4461; P5242; P10909; P14072; P14599";"Jahresthema: Wörter; Monatsthema: Brandwunde, unempfindlich machen, Hügel, die, Bissigkeit";Text des Monats;"https://literaturhaus.ch/schreibwettbwerb-t/das-gewicht-einer-jungen-frau-von-imke-mueller-hellmann/; https://literaturhaus.ch/event/texte-des-monats-2013-abschlusslesung/"
LWA126;Schreibwettbewerb des Literaturhaus Zürich Februar 2013;Schreibwettbewerb des Literaturhaus Zürich;L36;2013;P11855;Hören Sie es auch;"P6638; P17456; P15829; P18757; P2810; P4461; P5242; P10909; P14072; P14599";"Jahresthema: Wörter; Monatsthema: Kartenprüfgerät, klatschsüchtig, Wandschirm, Satz, Schössling";Text des Monats;https://literaturhaus.ch/schreibwettbwerb-t/hoeren-sie-es-auch-von-eva-maria-millius-imboden/
LWA127;Schreibwettbewerb des Literaturhaus Zürich März 2013;Schreibwettbewerb des Literaturhaus Zürich;L36;2013;P2520;Nieselregen;"P6638; P17456; P15829; P18757; P2810; P4461; P5242; P10909; P14072; P14599";"Jahresthema: Wörter; Monatsthema: Flinkheit, Währungseinheit, gesund, Pfeiler einer Brücke, FH";Text des Monats;https://literaturhaus.ch/schreibwettbwerb-t/nieselregen-von-melanie-boesiger/
LWA128;Schreibwettbewerb des Literaturhaus Zürich April 2013;Schreibwettbewerb des Literaturhaus Zürich;L36;2013;P4979;Wörtlich;"P6638; P17456; P15829; P18757; P2810; P4461; P5242; P10909; P14072; P14599";"Jahresthema: Wörter; Monatsthema: Prägnanz, juckend, Gründlichkeit, zweifelhaft, Abriss";Text des Monats;https://literaturhaus.ch/schreibwettbwerb-t/woertlich-von-katrin-furler/
LWA129;Schreibwettbewerb des Literaturhaus Zürich Mai 2013;Schreibwettbewerb des Literaturhaus Zürich;L36;2013;P19150;Eine Chance;"P6638; P17456; P15829; P18757; P2810; P4461; P5242; P10909; P14072; P14599";"Jahresthema: Wörter; Monatsthema: Quartär, unvermeidlich, assistieren, kratzen, anbaggern";Text des Monats;https://literaturhaus.ch/schreibwettbwerb-t/eine-chance-von-cedric-weidmann/
LWA130;Schreibwettbewerb des Literaturhaus Zürich Juni 2013;Schreibwettbewerb des Literaturhaus Zürich;L36;2013;P19064;Prallrote Kirschen;"P6638; P17456; P15829; P18757; P2810; P4461; P5242; P10909; P14072; P14599";"Jahresthema: Wörter; Monatsthema: Opfer, knirschend kauen, Dyspnoe, Punze, versperrt.";Text des Monats;https://literaturhaus.ch/schreibwettbwerb-t/prallrote-kirschen-von-max-weber/
LWA131;Schreibwettbewerb des Literaturhaus Zürich Juli 2013;Schreibwettbewerb des Literaturhaus Zürich;L36;2013;P16321;Was ist;"P6638; P17456; P15829; P18757; P2810; P4461; P5242; P10909; P14072; P14599";"Jahresthema: Wörter; Monatsthema: Leutselig, Verpflanzung, Bruch, Zweckmässigkeit, Unebenheit";Text des Monats;https://literaturhaus.ch/schreibwettbwerb-t/was-ist-von-fabian-schwitter/
LWA132;Schreibwettbewerb des Literaturhaus Zürich August 2013;Schreibwettbewerb des Literaturhaus Zürich;L36;2013;P6549;Fading;"P6638; P17456; P15829; P18757; P2810; P4461; P5242; P10909; P14072; P14599";"Jahresthema: Wörter; Monatsthema: schuldlos, Duplikat, vereinen, Herzrasen, Spalte";Text des Monats;https://literaturhaus.ch/schreibwettbwerb-t/fading-von-sabine-haupt/
LWA133;Schreibwettbewerb des Literaturhaus Zürich September 2013;Schreibwettbewerb des Literaturhaus Zürich;L36;2013;P7826;Schmetterlingsflügel;"P6638; P17456; P15829; P18757; P2810; P4461; P5242; P10909; P14072; P14599";"Jahresthema: Wörter; Monatsthema: versnobt, überholen, ringen, dreist, übereinkommen";Text des Monats;https://literaturhaus.ch/schreibwettbwerb-t/schmetterlingsfluegel-von-irene-dudle/
LWA134;Schreibwettbewerb des Literaturhaus Zürich Oktober 2013;Schreibwettbewerb des Literaturhaus Zürich;L36;2013;P5970;Streichholz, streichle das Holz – Hedwig, meine Schwester;"P6638; P17456; P15829; P18757; P2810; P4461; P5242; P10909; P14072; P14599";"Jahresthema: Wörter; Monatsthema: Leichtes Mädchen, Klappen, Perspiration, Fehlempfindung, Pistill";Text des Monats;https://literaturhaus.ch/schreibwettbwerb-t/streichholz-streichle-das-holz-hedwig-meine-schwester-von-meret-gut/
LWA136;Schreibwettbewerb des Literaturhaus Zürich Dezember 2013;Schreibwettbewerb des Literaturhaus Zürich;L36;2013;P11469;Gegenpart;"P6638; P17456; P15829; P18757; P2810; P4461; P5242; P10909; P14072; P14599";"Jahresthema: Wörter; Monatsthema: kontrollieren, Dickköpfigkeit, Pionier, Genesung, Geiger";Text des Monats;https://literaturhaus.ch/schreibwettbwerb-t/gegenpart-von-karin-mayerhofer-dobler/
LWA137;Schreibwettbewerb des Literaturhaus Zürich Januar 2014;Schreibwettbewerb des Literaturhaus Zürich;L36;2014;P2375;Gekachelt;"P6638; P15829; P18757; P2810; P4461; P10909; P9673; P14072; P14599";"Jahresthema: Wörter; Monatsthema: Landebahn, Fahrgast, Exkurs, ausgesondert, effektiv";Text des Monats;"https://literaturhaus.ch/schreibwettbwerb-t/gekachelt-von-daniel-burkart/; https://dev.literaturhaus.ch/event/schreibwettbewerb-2014-lesung-der-gewinnerinnen/"
LWA140;Schreibwettbewerb des Literaturhaus Zürich April 2014;Schreibwettbewerb des Literaturhaus Zürich;L36;2014;P16691;In Gesellschaft;"P6638; P15829; P18757; P2810; P4461; P10909; P9673; P14072; P14599";"Jahresthema: Wörter; Monatsthema: Gewerbliche Räume, Amnion, Ergänzung, sich (verbreiten), beflecken.";Text des Monats;https://literaturhaus.ch/schreibwettbwerb-t/in-gesellschaft-von-aurel-sieber/
LWA141;Schreibwettbewerb des Literaturhaus Zürich Mai 2014;Schreibwettbewerb des Literaturhaus Zürich;L36;2014;P12636;Sellum Minestik;"P6638; P15829; P18757; P2810; P4461; P10909; P9673; P14072; P14599";"Jahresthema: Wörter; Monatsthema: Beleuchten, beachten, zerfurchen, global, Zuteiler";Text des Monats;https://literaturhaus.ch/schreibwettbwerb-t/sellum-minestik-von-nicolas-mangold/
LWA142;Schreibwettbewerb des Literaturhaus Zürich Juni 2014;Schreibwettbewerb des Literaturhaus Zürich;L36;2014;P10544;Die Sammllung;"P6638; P15829; P18757; P2810; P4461; P10909; P9673; P14072; P14599";"Jahresthema: Wörter; Monatsthema: Vervollständigen, vererben, senden, Therapeutikum, phantasievoll";Text des Monats;https://literaturhaus.ch/schreibwettbwerb-t/die-sammlung-von-demian-lienhard/
LWA143;Schreibwettbewerb des Literaturhaus Zürich Juli 2014;Schreibwettbewerb des Literaturhaus Zürich;L36;2014;P14792;Vorbereitungen;"P6638; P15829; P18757; P2810; P4461; P10909; P9673; P14072; P14599";"Jahresthema: Wörter; Monatsthema: Abstumpfen, Unbeweglichkeit, unübersichtlich, sympathisch, zwecklos";Text des Monats;https://literaturhaus.ch/schreibwettbwerb-t/vorbereitungen-von-christof-rothenberger/
LWA144;Schreibwettbewerb des Literaturhaus Zürich August 2014;Schreibwettbewerb des Literaturhaus Zürich;L36;2014;P5087;Die Katze;"P6638; P15829; P18757; P2810; P4461; P10909; P9673; P14072; P14599";"Jahresthema: Wörter; Monatsthema: Hochschulreife, Knacki, Option, ganz und gar, Konzentrationsausgleich";Text des Monats;https://literaturhaus.ch/schreibwettbwerb-t/die-katze-von-romana-ganzoni/
LWA145;Schreibwettbewerb des Literaturhaus Zürich September 2014;Schreibwettbewerb des Literaturhaus Zürich;L36;2014;P6486;Was vorkommt;"P6638; P15829; P18757; P2810; P4461; P10909; P9673; P14072; P14599";"Jahresthema: Wörter; Monatsthema: Orthonormal, bedeutend, zurückgeblieben, erspähen, aussichtslos";Text des Monats;https://literaturhaus.ch/schreibwettbwerb-t/was-vorkommt-von-susanne-hartmann/
LWA146;Schreibwettbewerb des Literaturhaus Zürich November 2014;Schreibwettbewerb des Literaturhaus Zürich;L36;2014;"P2144; P9790";"Das Haus; Das Wetter Im Weltraum";"P6638; P15829; P18757; P2810; P4461; P10909; P9673; P14072; P14599";"Jahresthema: Wörter; Monatsthema: Wischtuch, Gesetzmässigkeit, Gaumenzäpfchen, vorausahnend, mega…";Text des Monats;https://literaturhaus.ch/schreibwettbwerb-t/das-haus-von-doris-brockmann-und-das-wetter-im-weltraum-von-elisabeth-kuttner/
LWA148;Schreibwettbewerb des Literaturhaus Zürich Januar 2015;Schreibwettbewerb des Literaturhaus Zürich;L36;2015;P5802;schwimmen lernen;"P6638; P15829; P18757; P4461; P10909; P9673; P14072; P14599";"Jahresthema: Zitat; Monatsthema: Der Mensch ist einer, der etwas stattdessen tut. (Odo Marquard)";Text des Monats;"https://literaturhaus.ch/schreibwettbwerb-t/schwimmen-lernen-von-ulf-grossmann/; https://literaturhaus.ch/event/schreibwettbewerb-2015-lesung-der-gewinnerinnen/"
LWA149;Schreibwettbewerb des Literaturhaus Zürich Februar 2015;Schreibwettbewerb des Literaturhaus Zürich;L36;2015;P7361;Schreib mir!;"P6638; P15829; P18757; P4461; P10909; P9673; P14072; P14599";"Jahresthema: Zitat; Monatsthema: Der Mensch ist einer, der etwas stattdessen tut. (Odo Marquard)";Text des Monats;https://literaturhaus.ch/schreibwettbwerb-t/schreib-mir-von-alexandra-holenstein/
LWA150;Schreibwettbewerb des Literaturhaus Zürich März 2015;Schreibwettbewerb des Literaturhaus Zürich;L36;2015;P2045;Blau und Braun;"P6638; P15829; P18757; P4461; P10909; P9673; P14072; P14599";"Jahresthema: Zitat; Monatsthema: Der Mensch ist einer, der etwas stattdessen tut. (Odo Marquard)";Text des Monats;https://literaturhaus.ch/schreibwettbwerb-t/blau-und-braun-von-sabine-breitbach/
LWA151;Schreibwettbewerb des Literaturhaus Zürich April 2015;Schreibwettbewerb des Literaturhaus Zürich;L36;2015;P9514;Die Brut;"P6638; P15829; P18757; P4461; P10909; P9673; P14072; P14599";"Jahresthema: Zitat; Monatsthema: Glotz(t) nicht so romantisch! (Bertolt Brecht)";Text des Monats;https://literaturhaus.ch/schreibwettbwerb-t/die-brut-von-emanuel-a-kriemler/
LWA152;Schreibwettbewerb des Literaturhaus Zürich Mai 2015;Schreibwettbewerb des Literaturhaus Zürich;L36;2015;P12685;Flecken;"P6638; P15829; P18757; P4461; P10909; P9673; P14072; P14599";"Jahresthema: Zitat; Monatsthema: Glotz(t) nicht so romantisch! (Bertolt Brecht)";Text des Monats;https://literaturhaus.ch/schreibwettbwerb-t/flecken-von-mirjam-nievergelt/
LWA153;Schreibwettbewerb des Literaturhaus Zürich Juni 2015;Schreibwettbewerb des Literaturhaus Zürich;L36;2015;P13233;Nur eine Zigarette;"P6638; P15829; P18757; P4461; P10909; P9673; P14072; P14599";"Jahresthema: Zitat; Monatsthema: Glotz(t) nicht so romantisch! (Bertolt Brecht)";Text des Monats;https://literaturhaus.ch/schreibwettbwerb-t/nur-eine-zigarette-von-priska-peci-zurmuehle/
LWA154;Schreibwettbewerb des Literaturhaus Zürich Juli 2015;Schreibwettbewerb des Literaturhaus Zürich;L36;2015;P14144;Das Zimmer;"P6638; P15829; P18757; P4461; P10909; P9673; P14072; P14599";"Jahresthema: Zitat; Monatsthema: Erst die Fremdheit bringt den Kern des Selbst zum Vibrieren. (Martin R. Dean, Verbeugung vor Spiegeln, Jung und Jung 2015";Text des Monats;https://literaturhaus.ch/schreibwettbwerb-t/das-zimmer-von-karsten-redmann/
LWA155;Schreibwettbewerb des Literaturhaus Zürich August 2015;Schreibwettbewerb des Literaturhaus Zürich;L36;2015;P10733;Ein Sommer, der die Hitze zum Vorwand nahm, sich flegelhaft zu benehmen;"P6638; P15829; P18757; P4461; P10909; P9673; P14072; P14599";"Jahresthema: Zitat; Monatsthema: Erst die Fremdheit bringt den Kern des Selbst zum Vibrieren. (Martin R. Dean, Verbeugung vor Spiegeln, Jung und Jung 2015";Text des Monats;https://literaturhaus.ch/schreibwettbwerb-t/ein-sommer-der-die-hitze-zum-vorwand-nahm-sich-flegelhaft-zu-benehmen-von-ruth-loosli/
LWA156;Schreibwettbewerb des Literaturhaus Zürich September 2015;Schreibwettbewerb des Literaturhaus Zürich;L36;2015;P17000;Ballonmädchen;"P6638; P15829; P18757; P4461; P10909; P9673; P14072; P14599";"Jahresthema: Zitat; Monatsthema: Erst die Fremdheit bringt den Kern des Selbst zum Vibrieren. (Martin R. Dean, Verbeugung vor Spiegeln, Jung und Jung 2015";Text des Monats;https://literaturhaus.ch/schreibwettbwerb-t/ballonmaedchen-von-ina-spang/
LWA158;Schreibwettbewerb des Literaturhaus Zürich November 2015;Schreibwettbewerb des Literaturhaus Zürich;L36;2015;P14601;In den Schuhen der Mutter;"P6638; P15829; P18757; P4461; P10909; P9673; P14072; P14599";"Jahresthema: Zitat; Monatsthema: Doch bis dahin leb ich weiterhin im Spannungsfeld, das sich zwischen Bild und Wirklichkeit aufrecht erhält. (aus dem Song Bild von Dagobert)";Text des Monats;https://literaturhaus.ch/schreibwettbwerb-t/in-den-schuhen-der-mutter-von-rita-roedel/
LWA160;Schreibwettbewerb des Literaturhaus Zürich Januar 2016;Schreibwettbewerb des Literaturhaus Zürich;L36;2016;P12900;Todesstille;"P6638; P7782; P15829; P18757; P4461; P10909; P9673; P12666; P14599; P17639";"Jahresthema: Musikstück; Monatsthema: Sigur Rós, Dauðalagið";Text des Monats;"https://literaturhaus.ch/schreibwettbwerb-t/todesstille-von-maya-olah/; https://dev.literaturhaus.ch/event/schreibwettbewerb-2016-lesung-der-gewinnerinnen/"
LWA162;Schreibwettbewerb des Literaturhaus Zürich März 2016;Schreibwettbewerb des Literaturhaus Zürich;L36;2016;P1423;Unerhörtes Gebet;"P6638; P7782; P15829; P18757; P4461; P10909; P9673; P12666; P14599; P17639";"Jahresthema: Musikstück; Monatsthema: Kat Frankie, Please don''t give me what I want, aus dem gleichnahmigen Album von 2012";Text des Monats;https://literaturhaus.ch/schreibwettbwerb-t/unerhoertes-gebet-von-bettina-beutler-prahm/
LWA164;Schreibwettbewerb des Literaturhaus Zürich Mai 2016;Schreibwettbewerb des Literaturhaus Zürich;L36;2016;P15369;Matcha für Lili;"P6638; P7782; P15829; P18757; P4461; P10909; P9673; P12666; P14599; P17639";"Jahresthema: Musikstück; Monatsthema: David Bowie, Crystal Japan, als Single 1980 in Japan veröffentlicht.";Text des Monats;https://literaturhaus.ch/schreibwettbwerb-t/matcha-fuer-lili-von-desiree-scheidegger/
LWA165;Schreibwettbewerb des Literaturhaus Zürich Juni 2016;Schreibwettbewerb des Literaturhaus Zürich;L36;2016;P17000;Es wird morgen;"P6638; P7782; P15829; P18757; P4461; P10909; P9673; P12666; P14599; P17639";"Jahresthema: Musikstück; Monatsthema: David Bowie, Crystal Japan, als Single 1980 in Japan veröffentlicht.";Text des Monats;https://literaturhaus.ch/schreibwettbwerb-t/es-wird-morgen-von-ina-spang/
LWA166;Schreibwettbewerb des Literaturhaus Zürich Juli 2016;Schreibwettbewerb des Literaturhaus Zürich;L36;2016;P5916;Unbekannte Bekannte;"P6638; P7782; P15829; P18757; P4461; P10909; P9673; P12666; P14599; P17639";"Jahresthema: Musikstück; Monatsthema: Astor Piazzolla, Invierno Porteño (Winter in Buenos Aires), geschrieben 1970.";Text des Monats;https://literaturhaus.ch/schreibwettbwerb-t/unbekannte-bekannte-von-peter-gschwend/
LWA168;Schreibwettbewerb des Literaturhaus Zürich September 2016;Schreibwettbewerb des Literaturhaus Zürich;L36;2016;P12343;Waldsommer;"P6638; P7782; P15829; P18757; P4461; P10909; P9673; P12666; P14599; P17639";"Jahresthema: Musikstück; Monatsthema: Them Fleurs, Never Mind von dem ersten Album der Band, welches 2012 erschienen ist.";Text des Monats;https://literaturhaus.ch/schreibwettbwerb-t/waldsommer-von-merle-mueller-knapp/
LWA169;Schreibwettbewerb des Literaturhaus Zürich Oktober 2016;Schreibwettbewerb des Literaturhaus Zürich;L36;2016;P8493;Warum Pinguine gerne zum Himmel schauen;"P6638; P7782; P15829; P18757; P4461; P10909; P9673; P12666; P14599; P17639";"Jahresthema: Musikstück; Monatsthema: Louise Attaque, J''t''emmène au vent, welches 1997 erschienen ist.";Text des Monats;https://literaturhaus.ch/schreibwettbwerb-t/warum-pinguine-gerne-zum-himmel-schauen-von-manuel-kaufmann/
LWA170;Schreibwettbewerb des Literaturhaus Zürich November 2016;Schreibwettbewerb des Literaturhaus Zürich;L36;2016;P16560;Im Nachtzug;"P6638; P7782; P15829; P18757; P4461; P10909; P9673; P12666; P14599; P17639";"Jahresthema: Musikstück; Monatsthema: Frédéric Chopin, Nocturne in e-Moll, Op. 9, No. 2.";Text des Monats;https://literaturhaus.ch/schreibwettbwerb-t/im-nachtzug-von-roman-seifert/
LWA188;Schreibwettbewerb des Literaturhaus Zürich Mai 2018;Schreibwettbewerb des Literaturhaus Zürich;L36;2018;P15116;Bienenelfe;"P8030; P15829; P18757; P1562; P4461; P4923; P9673; P12666; P14599";"Jahresthema: Bilder; Monatsthema: ---";Text des Monats;https://literaturhaus.ch/schreibwettbwerb-t/bienenelfe-von-daniel-salzmann/
LWA171;Schreibwettbewerb des Literaturhaus Zürich Dezember 2016;Schreibwettbewerb des Literaturhaus Zürich;L36;2016;P16754;Instrumente;"P6638; P7782; P15829; P18757; P4461; P10909; P9673; P12666; P14599; P17639";"Jahresthema: Musikstück; Monatsthema: Frédéric Chopin, Nocturne in e-Moll, Op. 9, No. 2.";Text des Monats;https://literaturhaus.ch/schreibwettbwerb-t/instrumente-von-merja-silferberg/
LWA172;Schreibwettbewerb des Literaturhaus Zürich Januar 2017;Schreibwettbewerb des Literaturhaus Zürich;L36;2017;P12703;Planmässig;"P4461; P10909; P9673; P12666; P14599; P17639; P7235; P7782; P15829; P18756";"Jahresthema: Erste Sätze; Monatsthema: Sie kam immer auf dem Bahnsteig II an und fuhr auf dem Bahnsteig I weg. (Ingeborg Bachmann, Drei Wege zum See)";Text des Monats;"https://literaturhaus.ch/schreibwettbwerb-t/planmaessig-von-nele-nikolaisen/; https://literaturhaus.ch/event/schreibwettbewerb-2017-lesung-der-gewinnerinnen/"
LWA173;Schreibwettbewerb des Literaturhaus Zürich Februar 2017;Schreibwettbewerb des Literaturhaus Zürich;L36;2017;P4787;Der Karton;"P4461; P10909; P9673; P12666; P14599; P17639; P7235; P7782; P15829; P18756";"Jahresthema: Erste Sätze; Monatsthema: Es regnete stundenlang, nächtelang, tagelang, wochenlang. (Friedrich Dürrenmatt, Grieche sucht Griechin)";Text des Monats;https://literaturhaus.ch/schreibwettbwerb-t/der-karton-von-maike-frie/
LWA174;Schreibwettbewerb des Literaturhaus Zürich März 2017;Schreibwettbewerb des Literaturhaus Zürich;L36;2017;P15869;Es war einmal…;"P4461; P10909; P9673; P12666; P14599; P17639; P7235; P7782; P15829; P18756";"Jahresthema: Erste Sätze; Monatsthema: Es war einmal.";Text des Monats;https://literaturhaus.ch/schreibwettbwerb-t/es-war-einmal-von-marco-schneiter/
LWA175;Schreibwettbewerb des Literaturhaus Zürich April 2017;Schreibwettbewerb des Literaturhaus Zürich;L36;2017;P18905;Dreizehn;"P4461; P10909; P9673; P12666; P14599; P17639; P7235; P7782; P15829; P18756";"Jahresthema: Erste Sätze; Monatsthema: Es war ein strahlend-kalter Apriltag, und die Uhren schlugen dreizehn. (George Orwell, 1984)";Text des Monats;https://literaturhaus.ch/schreibwettbwerb-t/dreizehn-von-claudia-walder/
LWA176;Schreibwettbewerb des Literaturhaus Zürich Mai 2017;Schreibwettbewerb des Literaturhaus Zürich;L36;2017;P5160;Die Aufgabe;"P4461; P10909; P9673; P12666; P14599; P17639; P7235; P7782; P15829; P18756";"Jahresthema: Erste Sätze; Monatsthema: Wie froh ich bin, dass ich weg bin. (Johann Wolfgang von Goethe, Die Leiden des jungen Werthers)";Text des Monats;https://literaturhaus.ch/schreibwettbwerb-t/die-aufgabe-von-constanze-geertz/
LWA177;Schreibwettbewerb des Literaturhaus Zürich Juni 2017;Schreibwettbewerb des Literaturhaus Zürich;L36;2017;P9091;Auf der anderen Seite des Zauns;"P4461; P10909; P9673; P12666; P14599; P17639; P7235; P7782; P15829; P18756";"Jahresthema: Erste Sätze; Monatsthema: Am Rande der kleinen, kleinen Stadt lag ein alter, verwahrloster Garten. (Astrid Lindgren, Pippi Langstrumpf)";Text des Monats;https://literaturhaus.ch/schreibwettbwerb-t/auf-der-anderen-seite-des-zauns-von-seraina-kobler/
LWA178;Schreibwettbewerb des Literaturhaus Zürich Juli 2017;Schreibwettbewerb des Literaturhaus Zürich;L36;2017;P19474;Juli;"P4461; P10909; P9673; P12666; P14599; P17639; P7235; P7782; P15829; P18756";"Jahresthema: Erste Sätze; Monatsthema: Ich packte meinen Koffer und nahm mit. (Henriette Vásárhelyi, Seit ich fort bin, Dörlemann Verlag)";Text des Monats;https://literaturhaus.ch/schreibwettbwerb-t/juli-von-hanna-widmer/
LWA179;Schreibwettbewerb des Literaturhaus Zürich August 2017;Schreibwettbewerb des Literaturhaus Zürich;L36;2017;P11561;Der Hund;"P4461; P10909; P9673; P12666; P14599; P17639; P7235; P7782; P15829; P18756";"Jahresthema: Erste Sätze; Monatsthema: Er hiess Rolf und war ein kräftiger Deutscher Schäferhund. (Romana Ganzoni, Der Schäferhund, in: Granada Grischun, Edition Blau im Rotpunkt Verlag)";Text des Monats;https://literaturhaus.ch/schreibwettbwerb-t/der-hund-von-mara-meier/
LWA180;Schreibwettbewerb des Literaturhaus Zürich September 2017;Schreibwettbewerb des Literaturhaus Zürich;L36;2017;P10541;In Ordnung;"P4461; P10909; P9673; P12666; P14599; P17639; P7235; P7782; P15829; P18756";"Jahresthema: Erste Sätze; Monatsthema: Am Anfang stellt man vielleicht eine Faustregel auf. (Jens Nielsen, Flusspferd im Frauenbad, Der gesunde Menschenverstand)";Text des Monats;https://literaturhaus.ch/schreibwettbwerb-t/in-ordnung-von-marisa-liehner/
LWA181;Schreibwettbewerb des Literaturhaus Zürich Oktober 2017;Schreibwettbewerb des Literaturhaus Zürich;L36;2017;P10294;Aus dieser allzu großen Ferne;"P4461; P10909; P9673; P12666; P14599; P17639; P7235; P7782; P15829; P18756";"Jahresthema: Erste Sätze; Monatsthema: Wattenhofer kippt die Rückenlehne seines Bürostuhls nach hinten und legt den Kopf in den Nacken. (Lorenz Langenegger, Dorffrieden, Jung & Jung Verlag)";Text des Monats;https://literaturhaus.ch/schreibwettbwerb-t/aus-dieser-allzu-grossen-ferne-von-andreas-lehmann/
LWA183;Schreibwettbewerb des Literaturhaus Zürich Dezember 2017;Schreibwettbewerb des Literaturhaus Zürich;L36;2017;P14842;Ein unerträglicher Zustand;"P4461; P10909; P9673; P12666; P14599; P17639; P7235; P7782; P15829; P18756";"Jahresthema: Erste Sätze; Monatsthema: Unter der Tür schimmert das Licht durch. (Selim Özdogan, Wo noch Licht brennt, Haymon Verlag)";Text des Monats;https://literaturhaus.ch/schreibwettbwerb-t/ein-unertraeglicher-zustand-von-lea-ruckpaul/
LWA184;Schreibwettbewerb des Literaturhaus Zürich Januar 2018;Schreibwettbewerb des Literaturhaus Zürich;L36;2018;P2726;Brüche;"P8030; P15829; P18757; P1562; P4461; P4923; P9673; P12666; P14599";"Jahresthema: Bilder; Monatsthema: ---";Text des Monats;"https://literaturhaus.ch/schreibwettbwerb-t/brueche-von-gabriela-cheng-voser/; https://literaturhaus.ch/event/schreibwettbewerb-2018-lesung-der-gewinnerinnen-und-gewinner/"
LWA185;Schreibwettbewerb des Literaturhaus Zürich Februar 2018;Schreibwettbewerb des Literaturhaus Zürich;L36;2018;P5425;Ein warmer Wind;"P8030; P15829; P18757; P1562; P4461; P4923; P9673; P12666; P14599";"Jahresthema: Bilder; Monatsthema: ---";Text des Monats;https://literaturhaus.ch/schreibwettbwerb-t/ein-warmer-wind-von-astrid-glaesel/
LWA186;Schreibwettbewerb des Literaturhaus Zürich März 2018;Schreibwettbewerb des Literaturhaus Zürich;L36;2018;P18331;Dame und Turm;"P8030; P15829; P18757; P1562; P4461; P4923; P9673; P12666; P14599";"Jahresthema: Bilder; Monatsthema: ---";Text des Monats;https://literaturhaus.ch/schreibwettbwerb-t/dame-und-turm-von-lukas-tschopp/
LWA187;Schreibwettbewerb des Literaturhaus Zürich April 2018;Schreibwettbewerb des Literaturhaus Zürich;L36;2018;P13900;Consuela;"P8030; P15829; P18757; P1562; P4461; P4923; P9673; P12666; P14599";"Jahresthema: Bilder; Monatsthema: ---";Text des Monats;https://literaturhaus.ch/schreibwettbwerb-t/consuela-von-anne-quirin/
LWA189;Schreibwettbewerb des Literaturhaus Zürich Juni 2018;Schreibwettbewerb des Literaturhaus Zürich;L36;2018;P7337;Die Falle;"P8030; P15829; P18757; P1562; P4461; P4923; P9673; P12666; P14599";"Jahresthema: Bilder; Monatsthema: ---";Text des Monats;https://literaturhaus.ch/schreibwettbwerb-t/die-falle-von-julia-hofstetter/
LWA190;Schreibwettbewerb des Literaturhaus Zürich Juli 2018;Schreibwettbewerb des Literaturhaus Zürich;L36;2018;P11740;Wunde Punkte;"P8030; P15829; P18757; P1562; P4461; P4923; P9673; P12666; P14599";"Jahresthema: Bilder; Monatsthema: ---";Text des Monats;https://literaturhaus.ch/schreibwettbwerb-t/wunde-punkte-von-ela-meyer/
LWA191;Schreibwettbewerb des Literaturhaus Zürich September 2018;Schreibwettbewerb des Literaturhaus Zürich;L36;2018;P4619;Das leere Gewicht;"P8030; P15829; P18757; P1562; P4461; P4923; P9673; P12666; P14599";"Jahresthema: Bilder; Monatsthema: ---";Text des Monats;https://literaturhaus.ch/schreibwettbwerb-t/das-leere-gewicht-von-isabel-folie/
LWA192;Schreibwettbewerb des Literaturhaus Zürich Oktober 2018;Schreibwettbewerb des Literaturhaus Zürich;L36;2018;P11660;Neubaugebiet;"P8030; P15829; P18757; P1562; P4461; P4923; P9673; P12666; P14599";"Jahresthema: Bilder; Monatsthema: ---";Text des Monats;https://literaturhaus.ch/schreibwettbwerb-t/neubaugebiet-von-lars-menz/
LWA193;Schreibwettbewerb des Literaturhaus Zürich November 2018;Schreibwettbewerb des Literaturhaus Zürich;L36;2018;P3833;Der Gutachter;"P8030; P15829; P18757; P1562; P4461; P4923; P9673; P12666; P14599";"Jahresthema: Bilder; Monatsthema: ---";Text des Monats;https://literaturhaus.ch/schreibwettbwerb-t/der-gutachter-von-viviane-ehrensberger/
LWA194;Schreibwettbewerb des Literaturhaus Zürich Dezember 2018;Schreibwettbewerb des Literaturhaus Zürich;L36;2018;P12033;Grantiger Brocken;"P8030; P15829; P18757; P1562; P4461; P4923; P9673; P12666; P14599";"Jahresthema: Bilder; Monatsthema: ---";Text des Monats;https://literaturhaus.ch/schreibwettbwerb-t/grantiger-brocken-von-simon-morgenthaler/
LWA195;Schreibwettbewerb des Literaturhaus Zürich Januar 2019;Schreibwettbewerb des Literaturhaus Zürich;L36;2019;P7730;Erklärungstod;"P15602; P15829; P16097; P18757; P1562; P4461; P4923; P9673; P12666; P14599";"Jahresthema: Zahlen; Monatsthema: Eins";Text des Monats;"https://literaturhaus.ch/schreibwettbwerb-t/erklaerungstod-von-michele-huehne/; https://literaturhaus.ch/event/schreibwettbewerb-2019-lesung-der-gewinnerinnen/"
LWA196;Schreibwettbewerb des Literaturhaus Zürich Februar 2019;Schreibwettbewerb des Literaturhaus Zürich;L36;2019;P16292;4x21=84;"P15602; P15829; P16097; P18757; P1562; P4461; P4923; P9673; P12666; P14599";"Jahresthema: Zahlen; Monatsthema: 2184";Text des Monats;https://literaturhaus.ch/schreibwettbwerb-t/4x2184-von-lina-schwenk/
LWA197;Schreibwettbewerb des Literaturhaus Zürich März 2019;Schreibwettbewerb des Literaturhaus Zürich;L36;2019;P5475;Die Malaria von Pi;"P15602; P15829; P16097; P18757; P1562; P4461; P4923; P9673; P12666; P14599";"Jahresthema: Zahlen; Monatsthema: Pi (3,14159…)";Text des Monats;https://literaturhaus.ch/schreibwettbwerb-t/die-malaria-von-pi-von-louise-gold/
LWA198;Schreibwettbewerb des Literaturhaus Zürich April 2019;Schreibwettbewerb des Literaturhaus Zürich;L36;2019;P20251;Morsche Knochen;"P15602; P15829; P16097; P18757; P1562; P4461; P4923; P9673; P12666; P14599";"Jahresthema: Zahlen; Monatsthema: Million";Text des Monats;https://literaturhaus.ch/schreibwettbwerb-t/morsche-knochen-von-sibylle-zimmermann/
LWA199;Schreibwettbewerb des Literaturhaus Zürich Mai 2019;Schreibwettbewerb des Literaturhaus Zürich;L36;2019;P10608;Schimmlers Teilung;"P15602; P15829; P16097; P18757; P1562; P4461; P4923; P9673; P12666; P14599";"Jahresthema: Zahlen; Monatsthema: ½";Text des Monats;https://literaturhaus.ch/schreibwettbwerb-t/schimmlers-teilung-von-martin-m-lindner/
LWA200;Schreibwettbewerb des Literaturhaus Zürich Juni 2019;Schreibwettbewerb des Literaturhaus Zürich;L36;2019;P17098;Der Bahnwärter;"P15602; P15829; P16097; P18757; P1562; P4461; P4923; P9673; P12666; P14599";"Jahresthema: Zahlen; Monatsthema: ∞ (Unendlichkeit)";Text des Monats;https://literaturhaus.ch/schreibwettbwerb-t/der-bahnwaerter-von-marc-spaeni/
LWA201;Schreibwettbewerb des Literaturhaus Zürich Juli 2019;Schreibwettbewerb des Literaturhaus Zürich;L36;2019;P10430;Die Höhle des Drachen;"P15602; P15829; P16097; P18757; P1562; P4461; P4923; P9673; P12666; P14599";"Jahresthema: Zahlen; Monatsthema: Drei";Text des Monats;https://literaturhaus.ch/schreibwettbwerb-t/die-hoehle-des-drachen-von-karin-leroch/
LWA202;Schreibwettbewerb des Literaturhaus Zürich August 2019;Schreibwettbewerb des Literaturhaus Zürich;L36;2019;P1791;Wiedersehen im Hamam;"P15602; P15829; P16097; P18757; P1562; P4461; P4923; P9673; P12666; P14599";"Jahresthema: Zahlen; Monatsthema: 1492";Text des Monats;https://literaturhaus.ch/schreibwettbwerb-t/wiedersehen-im-hamam-von-dieter-boller/
LWA203;Schreibwettbewerb des Literaturhaus Zürich September 2019;Schreibwettbewerb des Literaturhaus Zürich;L36;2019;P14867;Streuner;"P15602; P15829; P16097; P18757; P1562; P4461; P4923; P9673; P12666; P14599";"Jahresthema: Zahlen; Monatsthema: 13";Text des Monats;https://literaturhaus.ch/schreibwettbwerb-t/streuner-von-katinka-ruffieux/
LWA204;Schreibwettbewerb des Literaturhaus Zürich Oktober 2019;Schreibwettbewerb des Literaturhaus Zürich;L36;2019;P6974;Vogelmanns Interpretation;"P15602; P15829; P16097; P18757; P1562; P4461; P4923; P9673; P12666; P14599";"Jahresthema: Zahlen; Monatsthema: XX";Text des Monats;https://literaturhaus.ch/schreibwettbwerb-t/5037/
LWA205;Schreibwettbewerb des Literaturhaus Zürich November 2019;Schreibwettbewerb des Literaturhaus Zürich;L36;2019;P7879;Robinson und Level -17;"P15602; P15829; P16097; P18757; P1562; P4461; P4923; P9673; P12666; P14599";"Jahresthema: Zahlen; Monatsthema: -17";Text des Monats;https://literaturhaus.ch/schreibwettbwerb-t/robinson-und-level-17-von-david-jacobs/
LWA207;Schreibwettbewerb des Literaturhaus Zürich Januar 2020;Schreibwettbewerb des Literaturhaus Zürich;L36;2020;P6557;Grenzübertretung (oder: eben nicht);"P5225; P15829; P18757; P1562; P4461; P4923; P9673; P12666; P14599";"Jahresthema: Klima- und andere Katastrophen; Monatsthema: Schneefallgrenze steigend";Text des Monats;"https://literaturhaus.ch/schreibwettbwerb-t/grenzuebertretung-oder-eben-nicht-von-flora-hausammann/; https://www.kulturzueri.ch/db/veranstaltungen/schreibwettbewerb-2020-online-lesung-der-gewinner-innen/"
LWA208;Schreibwettbewerb des Literaturhaus Zürich Februar 2020;Schreibwettbewerb des Literaturhaus Zürich;L36;2020;P1021;Im Wattenmeer;"P5225; P15829; P18757; P1562; P4461; P4923; P9673; P12666; P14599";"Jahresthema: Klima- und andere Katastrophen; Monatsthema: How dare you? (Greta Thunberg)";Text des Monats;https://literaturhaus.ch/schreibwettbwerb-t/im-wattenmeer-von-anton-beck/
LWA65;30. open mike;Open Mike ;L30;2022;P7402;Gurgelgeräusche;"P20318; P9919; P12667";;"Erster Preis & Preis der taz-Publikumsjury; Zweiter Preis ";https://www.openmikederblog.de/2022/11/20/laudationes-2022-die-jury/
LWA209;Schreibwettbewerb des Literaturhaus Zürich März 2020;Schreibwettbewerb des Literaturhaus Zürich;L36;2020;P19527;Dementieren;"P5225; P15829; P18757; P1562; P4461; P4923; P9673; P12666; P14599";"Jahresthema: Klima- und andere Katastrophen; Monatsthema: Kugelblitz";Text des Monats;https://literaturhaus.ch/schreibwettbwerb-t/dementieren-von-bettina-wiesendanger/
LWA210;Schreibwettbewerb des Literaturhaus Zürich April 2020;Schreibwettbewerb des Literaturhaus Zürich;L36;2020;P13436;Und noch einen Meter mehr;"P5225; P15829; P18757; P1562; P4461; P4923; P9673; P12666; P14599";"Jahresthema: Klima- und andere Katastrophen; Monatsthema: Fallgeschwindigkeit";Text des Monats;https://literaturhaus.ch/schreibwettbwerb-t/und-noch-einen-meter-mehr-von-tara-pfrunder/
LWA211;Schreibwettbewerb des Literaturhaus Zürich Mai 2020;Schreibwettbewerb des Literaturhaus Zürich;L36;2020;P311;Distanzierter Besuch;"P5225; P15829; P18757; P1562; P4461; P4923; P9673; P12666; P14599";"Jahresthema: Klima- und andere Katastrophen; Monatsthema: Gebietsweise Aufhellungen";Text des Monats;https://literaturhaus.ch/schreibwettbwerb-t/distanzierter-besuch-von-corinne-ammann/
LWA212;Schreibwettbewerb des Literaturhaus Zürich Juni 2020;Schreibwettbewerb des Literaturhaus Zürich;L36;2020;P11715;Abgespielt;"P5225; P15829; P18757; P1562; P4461; P4923; P9673; P12666; P14599";"Jahresthema: Klima- und andere Katastrophen; Monatsthema: Wintersonnenwende";Text des Monats;https://literaturhaus.ch/schreibwettbwerb-t/abgespielt-von-nina-maria-metzger/
LWA213;Schreibwettbewerb des Literaturhaus Zürich Juli 2020;Schreibwettbewerb des Literaturhaus Zürich;L36;2020;P4149;El Niño;"P5225; P15829; P18757; P1562; P4461; P4923; P9673; P12666; P14599";"Jahresthema: Klima- und andere Katastrophen; Monatsthema: El Niño";Text des Monats;https://literaturhaus.ch/schreibwettbwerb-t/el-nino-von-alexander-estis/
LWA214;Schreibwettbewerb des Literaturhaus Zürich August 2020;Schreibwettbewerb des Literaturhaus Zürich;L36;2020;P8626;Der Frühling neigt sich dem Sommer zu;"P5225; P15829; P18757; P1562; P4461; P4923; P9673; P12666; P14599";"Jahresthema: Klima- und andere Katastrophen; Monatsthema: Weltenbrand";Text des Monats;https://literaturhaus.ch/schreibwettbwerb-t/der-fruehling-neigt-sich-dem-sommer-zu-von-mirjam-kergl/
LWA215;Schreibwettbewerb des Literaturhaus Zürich September 2020;Schreibwettbewerb des Literaturhaus Zürich;L36;2020;"P12260; P201";"Jesus im Bade; Und danke für den Fisch";"P5225; P15829; P18757; P1562; P4461; P4923; P9673; P12666; P14599";"Jahresthema: Klima- und andere Katastrophen; Monatsthema: Es ist unsinkbar! (Zitat aus Titanic)";Text des Monats;"https://literaturhaus.ch/schreibwettbwerb-t/jesus-im-bade-von-colin-mueller/; https://literaturhaus.ch/schreibwettbwerb-t/und-danke-fuer-den-fisch-von-andrin-albrecht/"
LWA216;Schreibwettbewerb des Literaturhaus Zürich Oktober 2020;Schreibwettbewerb des Literaturhaus Zürich;L36;2020;P18372;Sieben Minuten;"P5225; P15829; P18757; P1562; P4461; P4923; P9673; P12666; P14599";"Jahresthema: Klima- und andere Katastrophen; Monatsthema: Fata Morgana";Text des Monats;https://literaturhaus.ch/schreibwettbwerb-t/sieben-minuten-von-susanne-taegder/
LWA217;Schreibwettbewerb des Literaturhaus Zürich November 2020;Schreibwettbewerb des Literaturhaus Zürich;L36;2020;P5848;Die Himmelsharfe;"P5225; P15829; P18757; P1562; P4461; P4923; P9673; P12666; P14599";"Jahresthema: Klima- und andere Katastrophen; Monatsthema: Meteoritenschauer";Text des Monats;https://literaturhaus.ch/schreibwettbwerb-t/die-himmelsharfe-von-cornelius-grupen/
LWA218;Schreibwettbewerb des Literaturhaus Zürich Dezember 2020;Schreibwettbewerb des Literaturhaus Zürich;L36;2020;P8573;Zurückgekehrt;"P5225; P15829; P18757; P1562; P4461; P4923; P9673; P12666; P14599";"Jahresthema: Klima- und andere Katastrophen; Monatsthema: Raunächte";Text des Monats;https://literaturhaus.ch/schreibwettbwerb-t/zurueckgekehrt-von-jasmine-keller/
LWA219;Schreibwettbewerb des Literaturhaus Zürich Januar 2021;Schreibwettbewerb des Literaturhaus Zürich;L36;2021;P10200;Das Zeichen;"P7069; P15829; P18757; P1562; P4461; P4923; P9673; P12666; P14599";"Jahresthema: Die Grossen Zwölf; Monatsthema: Hoffnung";Text des Monats;"https://literaturhaus.ch/schreibwettbwerb-t/das-zeichen-von-anke-laufer/; https://literaturhaus.ch/veranstaltungen/schreibwettbewerb-2021-lesung-der-gewinnerinnen/"
LWA220;Schreibwettbewerb des Literaturhaus Zürich Februar 2021;Schreibwettbewerb des Literaturhaus Zürich;L36;2021;P17645;Wutwehr;"P7069; P15829; P18757; P1562; P4461; P4923; P9673; P12666; P14599";"Jahresthema: Die Grossen Zwölf; Monatsthema: Zorn";Text des Monats;https://literaturhaus.ch/schreibwettbwerb-t/wutwehr-von-claudia-stump/
LWA221;Schreibwettbewerb des Literaturhaus Zürich März 2021;Schreibwettbewerb des Literaturhaus Zürich;L36;2021;P19206;Extreme Massnahmen;"P7069; P15829; P18757; P1562; P4461; P4923; P9673; P12666; P14599";"Jahresthema: Die Grossen Zwölf; Monatsthema: Glück";Text des Monats;https://literaturhaus.ch/schreibwettbwerb-t/extreme-massnahmen-von-wolfgang-weinlechner/
LWA222;Schreibwettbewerb des Literaturhaus Zürich April 2021;Schreibwettbewerb des Literaturhaus Zürich;L36;2021;P2138;Der Eklige;"P7069; P15829; P18757; P1562; P4461; P4923; P9673; P12666; P14599";"Jahresthema: Die Grossen Zwölf; Monatsthema: Scham";Text des Monats;https://literaturhaus.ch/schreibwettbwerb-t/der-eklige-von-inga-brock/
LWA223;Schreibwettbewerb des Literaturhaus Zürich Mai 2021;Schreibwettbewerb des Literaturhaus Zürich;L36;2021;P7889;Fragmentiertes Portrait einer Suchenden;"P7069; P15829; P18757; P1562; P4461; P4923; P9673; P12666; P14599";"Jahresthema: Die Grossen Zwölf; Monatsthema: Freude";Text des Monats;https://literaturhaus.ch/schreibwettbwerb-t/fragmentiertes-portrait-einer-suchenden/
LWA224;Schreibwettbewerb des Literaturhaus Zürich Juni 2021;Schreibwettbewerb des Literaturhaus Zürich;L36;2021;P15705;Der Angriff;"P7069; P15829; P18757; P1562; P4461; P4923; P9673; P12666; P14599";"Jahresthema: Die Grossen Zwölf; Monatsthema: Angst";Text des Monats;https://literaturhaus.ch/schreibwettbwerb-t/der-angriff-von-simon-schmidt/
LWA225;Schreibwettbewerb des Literaturhaus Zürich Juli 2021;Schreibwettbewerb des Literaturhaus Zürich;L36;2021;P10008;Umbra mortis;"P7069; P15829; P18757; P1562; P4461; P4923; P9673; P12666; P14599";"Jahresthema: Die Grossen Zwölf; Monatsthema: Begehren";Text des Monats;https://literaturhaus.ch/schreibwettbwerb-t/umbra-mortis-von-olaf-lahayne/
LWA226;Schreibwettbewerb des Literaturhaus Zürich August 2021;Schreibwettbewerb des Literaturhaus Zürich;L36;2021;P12226;Systemfehler;"P7069; P15829; P18757; P1562; P4461; P4923; P9673; P12666; P14599";"Jahresthema: Die Grossen Zwölf; Monatsthema: Sanftmut";Text des Monats;https://literaturhaus.ch/schreibwettbwerb-t/systemfehler/
LWA227;Schreibwettbewerb des Literaturhaus Zürich September 2021;Schreibwettbewerb des Literaturhaus Zürich;L36;2021;P13105;Kotzemeuschel;"P7069; P15829; P18757; P1562; P4461; P4923; P9673; P12666; P14599";"Jahresthema: Die Grossen Zwölf; Monatsthema: Neid";Text des Monats;https://literaturhaus.ch/schreibwettbwerb-t/kotzemeuschel/
LWA228;Schreibwettbewerb des Literaturhaus Zürich Oktober 2021;Schreibwettbewerb des Literaturhaus Zürich;L36;2021;P9184;Der Kormoran;"P7069; P15829; P18757; P1562; P4461; P4923; P9673; P12666; P14599";"Jahresthema: Die Grossen Zwölf; Monatsthema: Sehnsucht";Text des Monats;https://literaturhaus.ch/schreibwettbwerb/der-kormoran/
LWA229;Schreibwettbewerb des Literaturhaus Zürich November 2021;Schreibwettbewerb des Literaturhaus Zürich;L36;2021;P13311;Alles, was Sie von nun an sagen;"P7069; P15829; P18757; P1562; P4461; P4923; P9673; P12666; P14599";"Jahresthema: Die Grossen Zwölf; Monatsthema: Mitleid";Text des Monats;https://literaturhaus.ch/schreibwettbwerb/alles-was-sie-von-nun-an-sagen/
LWA230;Schreibwettbewerb des Literaturhaus Zürich Dezember 2021;Schreibwettbewerb des Literaturhaus Zürich;L36;2021;P13536;Haarspalterei;"P7069; P15829; P18757; P1562; P4461; P4923; P9673; P12666; P14599";"Jahresthema: Die Grossen Zwölf; Monatsthema: Eifersucht (selbstgewählt)";Text des Monats;https://literaturhaus.ch/schreibwettbwerb/haarspalterei/
LWA234;Schreibwettbewerb des Literaturhaus Zürich April 2022;Schreibwettbewerb des Literaturhaus Zürich;L36;2022;P18723;Auswege;"P1562; P4461; P4923; P9673; P12666; P14599; P7069; P12314; P15176; P15829; P18757";"Jahresthema: 1 Ort – 1 Gegenstand – 1 Genre; Monatsthema: Mond – Schirm – Auktoriale Erzählung";Text des Monats;https://literaturhaus.ch/schreibwettbwerb/auswege/
LWA236;Schreibwettbewerb des Literaturhaus Zürich Juni 2022;Schreibwettbewerb des Literaturhaus Zürich;L36;2022;P13633;Beistand;"P1562; P4461; P4923; P9673; P12666; P14599; P7069; P12314; P15176; P15829; P18757";"Jahresthema: 1 Ort – 1 Gegenstand – 1 Genre; Monatsthema: Auf dem Rütli – Kulturbeutel – Tagebuch";Text des Monats;https://literaturhaus.ch/schreibwettbwerb/beistand/
LWA237;Schreibwettbewerb des Literaturhaus Zürich Juli 2022;Schreibwettbewerb des Literaturhaus Zürich;L36;2022;P6059;Trakoto-Effekt;"P1562; P4461; P4923; P9673; P12666; P14599; P7069; P12314; P15176; P15829; P18757";"Jahresthema: 1 Ort – 1 Gegenstand – 1 Genre; Monatsthema: Im Tram – Kochtopf – ohne Ich";Text des Monats;https://literaturhaus.ch/schreibwettbwerb/trakoto-effekt/
LWA239;Schreibwettbewerb des Literaturhaus Zürich September 2022;Schreibwettbewerb des Literaturhaus Zürich;L36;2022;P1640;Fortleben;"P1562; P4461; P4923; P9673; P12666; P14599; P7069; P12314; P15176; P15829; P18757";"Jahresthema: 1 Ort – 1 Gegenstand – 1 Genre; Monatsthema: Creux du Van – Ring – Kurzgeschichte";Text des Monats;https://literaturhaus.ch/schreibwettbwerb/fortleben/
LWA240;Schreibwettbewerb des Literaturhaus Zürich Oktober 2022;Schreibwettbewerb des Literaturhaus Zürich;L36;2022;P1504;Mascha;"P1562; P4461; P4923; P9673; P12666; P14599; P7069; P12314; P15176; P15829; P18757";"Jahresthema: 1 Ort – 1 Gegenstand – 1 Genre; Monatsthema: Per Anhalter – Taucheranzug – Geständnis";Text des Monats;https://literaturhaus.ch/schreibwettbwerb/mascha/
LWA241;Schreibwettbewerb des Literaturhaus Zürich November 2022;Schreibwettbewerb des Literaturhaus Zürich;L36;2022;P14369;Ein böser Fall;"P1562; P4461; P4923; P9673; P12666; P14599; P7069; P12314; P15176; P15829; P18757";"Jahresthema: 1 Ort – 1 Gegenstand – 1 Genre; Monatsthema: Im Rhein – Taschenlampe – Reportage";Text des Monats;https://literaturhaus.ch/schreibwettbwerb/ein-boeser-fall/
LWA242;Schreibwettbewerb des Literaturhaus Zürich Dezember 2022;Schreibwettbewerb des Literaturhaus Zürich;L36;2022;P17165;Im Wartezimmer des Selbstmitleids;"P1562; P4461; P4923; P9673; P12666; P14599; P7069; P12314; P15176; P15829; P18757";"Jahresthema: 1 Ort – 1 Gegenstand – 1 Genre; Monatsthema: Im Wartezimmer – Hormonspirale – Satire";Text des Monats;https://literaturhaus.ch/schreibwettbwerb/im-wartezimmer-des-selbstmitleids/
LWA243;Schreibwettbewerb des Literaturhaus Zürich Januar 2023;Schreibwettbewerb des Literaturhaus Zürich;L36;2023;P19796;Wir verschwinden hier;"P18757; P20263; P1562; P4923; P11487; P12666; P11695; P14518; P17287";"Jahresthema: Vom Verschwinden; Monatsthema: Bedrohte Tiere";Text des Monats;"https://literaturhaus.ch/schreibwettbwerb/wir-verschwinden-hier/; https://literaturhaus.ch/schreibwettbewerb-2023-lesung-der-gewinnerinnen/"
LWA245;Schreibwettbewerb des Literaturhaus Zürich März 2023;Schreibwettbewerb des Literaturhaus Zürich;L36;2023;P19845;Captain Kirk;"P18757; P20263; P1562; P4923; P11487; P12666; P11695; P14518; P17287";"Jahresthema: Vom Verschwinden; Monatsthema: Bedrohte Tiere";Text des Monats;https://literaturhaus.ch/schreibwettbwerb/captain-kirk/
LWA246;Schreibwettbewerb des Literaturhaus Zürich April 2023;Schreibwettbewerb des Literaturhaus Zürich;L36;2023;P364;Saint-Jacques;"P18757; P20263; P1562; P4923; P11487; P12666; P11695; P14518; P17287";"Jahresthema: Vom Verschwinden; Monatsthema: Verschwindende Orte";Text des Monats;https://literaturhaus.ch/schreibwettbwerb/saint-jacques/
LWA247;Schreibwettbewerb des Literaturhaus Zürich Mai 2023;Schreibwettbewerb des Literaturhaus Zürich;L36;2023;P14038;Rungholt;"P18757; P20263; P1562; P4923; P11487; P12666; P11695; P14518; P17287";"Jahresthema: Vom Verschwinden; Monatsthema: Verschwindende Orte";Text des Monats;https://literaturhaus.ch/schreibwettbwerb/rungholt/
LWA249;Schreibwettbewerb des Literaturhaus Zürich Juli 2023;Schreibwettbewerb des Literaturhaus Zürich;L36;2023;P18190;Die Bürste;"P18757; P20263; P1562; P4923; P11487; P12666; P11695; P14518; P17287";"Jahresthema: Vom Verschwinden; Monatsthema: Aussterbende Berufe";Text des Monats;https://literaturhaus.ch/schreibwettbwerb/die-buerste/
LWA250;Schreibwettbewerb des Literaturhaus Zürich August 2023;Schreibwettbewerb des Literaturhaus Zürich;L36;2023;P4673;Kaiser Barbarossa, der Bahnwärter und die Kaugummiautomaten;"P18757; P20263; P1562; P4923; P11487; P12666; P11695; P14518; P17287";"Jahresthema: Vom Verschwinden; Monatsthema: Aussterbende Berufe";Text des Monats;https://literaturhaus.ch/schreibwettbwerb/kaiser-barbarossa-der-bahnwaerter-und-die-kaugummiautomaten/
LWA251;Schreibwettbewerb des Literaturhaus Zürich September 2023;Schreibwettbewerb des Literaturhaus Zürich;L36;2023;P6004;Ernteversprechen;"P18757; P20263; P1562; P4923; P11487; P12666; P11695; P14518; P17287";"Jahresthema: Vom Verschwinden; Monatsthema: Aussterbende Berufe";Text des Monats;https://literaturhaus.ch/schreibwettbwerb/ernteversprechen/
LWA252;Schreibwettbewerb des Literaturhaus Zürich Oktober 2023;Schreibwettbewerb des Literaturhaus Zürich;L36;2023;P15797;Amanda sucht;"P18757; P20263; P1562; P4923; P11487; P12666; P11695; P14518; P17287";"Jahresthema: Vom Verschwinden; Monatsthema: Verschwundene Gegenstände";Text des Monats;https://literaturhaus.ch/schreibwettbwerb/amanda-sucht/
LWA253;Schreibwettbewerb des Literaturhaus Zürich November 2023;Schreibwettbewerb des Literaturhaus Zürich;L36;2023;P20057;Liebende im Wartezimmer;"P18757; P20263; P1562; P4923; P11487; P12666; P11695; P14518; P17287";"Jahresthema: Vom Verschwinden; Monatsthema: Verschwundene Gegenstände";Text des Monats;https://literaturhaus.ch/schreibwettbwerb/liebende-im-wartezimmer/
LWA254;Schreibwettbewerb des Literaturhaus Zürich Dezember 2023;Schreibwettbewerb des Literaturhaus Zürich;L36;2023;P15288;Die Verbannten – Das Verlies der Zauberer;"P18757; P20263; P1562; P4923; P11487; P12666; P11695; P14518; P17287";"Jahresthema: Vom Verschwinden; Monatsthema: Verschwundene Gegenstände";Text des Monats;https://literaturhaus.ch/schreibwettbwerb/die-verbannten-das-verlies-der-zauberer/
