topic_id,rank,docidx,file,docpath_local,year,segmentcode,tokens,weight,mass
0,1,1029,2019_B_Der-Trost-runder-Dinge_Clemens-J-Setz_Das-Christkind_pp.txt,C:/mallet/textkorpus/final_txtonly/2019_B_Der-Trost-runder-Dinge_Clemens-J-Setz_Das-Christkind_pp.txt,2019,B,1618,0.2009840113616283,325.1921303831146
0,2,277,2011_B_Kartographie-der-Nacht_Thomas-von-Steinaecker_Renate-Renate_pp.txt,C:/mallet/textkorpus/final_txtonly/2011_B_Kartographie-der-Nacht_Thomas-von-Steinaecker_Renate-Renate_pp.txt,2011,B,2206,0.1056462123432528,233.0555444292157
0,3,783,2016_LW_Münchner-KGW_Denis-Leifeld_Wassergeburt-falschrum_pp.txt,C:/mallet/textkorpus/final_txtonly/2016_LW_Münchner-KGW_Denis-Leifeld_Wassergeburt-falschrum_pp.txt,2016,LW,725,0.2860983499874383,207.4213037408928
1,1,95,2009_B_Ruhm_Daniel-Kehlmann_In-Gefahr_pp.txt,C:/mallet/textkorpus/final_txtonly/2009_B_Ruhm_Daniel-Kehlmann_In-Gefahr_pp.txt,2009,B,1962,0.1547618600586243,303.64276943502085
1,2,1043,2019_B_Der-Trost-runder-Dinge_Clemens-J-Setz_Südliches-Lazarettfeld_pp.txt,C:/mallet/textkorpus/final_txtonly/2019_B_Der-Trost-runder-Dinge_Clemens-J-Setz_Südliches-Lazarettfeld_pp.txt,2019,B,2259,0.128323243574498,289.882207234791
1,3,96,2009_B_Ruhm_Daniel-Kehlmann_Osten_pp.txt,C:/mallet/textkorpus/final_txtonly/2009_B_Ruhm_Daniel-Kehlmann_Osten_pp.txt,2009,B,2038,0.1294758434093701,263.8717688682963
2,1,307,2011_LZ_SINN_6_Natascha-Wodin_Das-Ausland-des-Alterns_pp.txt,C:/mallet/textkorpus/final_txtonly/2011_LZ_SINN_6_Natascha-Wodin_Das-Ausland-des-Alterns_pp.txt,2011,LZ,4099,0.1932808998460847,792.2584084691013
2,2,1601,2023_OP_FF_Thomas-Heinrich_Der-Klassenausflug_64a854870007159220114eab_pp.txt,C:/mallet/textkorpus/final_txtonly/2023_OP_FF_Thomas-Heinrich_Der-Klassenausflug_64a854870007159220114eab_pp.txt,2023,OP,1657,0.1542617862768951,255.61177986081518
2,3,540,2013_OP_FF_Sandra-Gernt_Chefsache_528432ad00036f9815d8efb4_pp.txt,C:/mallet/textkorpus/final_txtonly/2013_OP_FF_Sandra-Gernt_Chefsache_528432ad00036f9815d8efb4_pp.txt,2013,OP,2834,0.0801984912499502,227.28252420235884
3,1,1371,2021_LZ_SINN_6_Giwi-Margwelaschwili_Der-Polyp-Polymat_pp.txt,C:/mallet/textkorpus/final_txtonly/2021_LZ_SINN_6_Giwi-Margwelaschwili_Der-Polyp-Polymat_pp.txt,2021,LZ,2518,0.4257931564122864,1072.147167846137
3,2,679,2015_LZ_SINN_5_Giwi-Margwelaschwili_Eine-Völkerfriedensstiftung_pp.txt,C:/mallet/textkorpus/final_txtonly/2015_LZ_SINN_5_Giwi-Margwelaschwili_Eine-Völkerfriedensstiftung_pp.txt,2015,LZ,2226,0.3351160704254383,745.9683727670256
3,3,546,2014_B_Urwaldgäste_Roman-Ehrlich_Die-Seekuh-Tiffany_pp.txt,C:/mallet/textkorpus/final_txtonly/2014_B_Urwaldgäste_Roman-Ehrlich_Die-Seekuh-Tiffany_pp.txt,2014,B,2163,0.1238472955227247,267.88170021565355
4,1,1606,2023_OP_FF_Werfuchs_Was-das-Meer-verlangt_64d3952b000c8b28345855f1_pp.txt,C:/mallet/textkorpus/final_txtonly/2023_OP_FF_Werfuchs_Was-das-Meer-verlangt_64d3952b000c8b28345855f1_pp.txt,2023,OP,1400,0.1789147737740684,250.48068328369575
4,2,99,2009_LW_Bachmann_3sat-Preis_Gregor-Sander_Winterfisch_pp.txt,C:/mallet/textkorpus/final_txtonly/2009_LW_Bachmann_3sat-Preis_Gregor-Sander_Winterfisch_pp.txt,2009,LW,1562,0.1515547157463271,236.72846599576292
4,3,49,2008_LZ_SPRITZ_185_Volker-Kaminski_Mit-der-Strömung_pp.txt,C:/mallet/textkorpus/final_txtonly/2008_LZ_SPRITZ_185_Volker-Kaminski_Mit-der-Strömung_pp.txt,2008,LZ,1506,0.1314149132983479,197.91085942731192
5,1,864,2017_LW_Bachmann_3sat-Preis_Gianna-Molinari_Loses-Mappe_pp.txt,C:/mallet/textkorpus/final_txtonly/2017_LW_Bachmann_3sat-Preis_Gianna-Molinari_Loses-Mappe_pp.txt,2017,LW,1254,0.2859414479676683,358.57057575145603
5,2,1525,2022_OP_FF_Willow-Faith_Waehle-den-Weg_6278079d000d6b57223c2145_pp.txt,C:/mallet/textkorpus/final_txtonly/2022_OP_FF_Willow-Faith_Waehle-den-Weg_6278079d000d6b57223c2145_pp.txt,2022,OP,891,0.3901535274626537,347.6267929692244
5,3,892,2017_LZ_SPRITZ_221_Helene-Bukowski_Milchzähne_pp.txt,C:/mallet/textkorpus/final_txtonly/2017_LZ_SPRITZ_221_Helene-Bukowski_Milchzähne_pp.txt,2017,LZ,1424,0.2220151096196989,316.1495160984512
6,1,1204,2020_B_Hotel-der-Schlaflosen_Ralf-Rothmann_Der-Dicke-Schmitt_pp.txt,C:/mallet/textkorpus/final_txtonly/2020_B_Hotel-der-Schlaflosen_Ralf-Rothmann_Der-Dicke-Schmitt_pp.txt,2020,B,2492,0.1839266707889198,458.3452636059882
6,2,1205,2020_B_Hotel-der-Schlaflosen_Ralf-Rothmann_Der-Wodka-des-Bestatters_pp.txt,C:/mallet/textkorpus/final_txtonly/2020_B_Hotel-der-Schlaflosen_Ralf-Rothmann_Der-Wodka-des-Bestatters_pp.txt,2020,B,1972,0.1867745800689061,368.3194718958828
6,3,420,2012_B_Shakespeares-Hühner_Ralf-Rothmann_Othello-für-Anfänger_pp.txt,C:/mallet/textkorpus/final_txtonly/2012_B_Shakespeares-Hühner_Ralf-Rothmann_Othello-für-Anfänger_pp.txt,2012,B,2386,0.1494791420996199,356.6572330496931
7,1,848,2016_OP_FF_Varjo_Avaritia_572f57810000eb035f86434_pp.txt,C:/mallet/textkorpus/final_txtonly/2016_OP_FF_Varjo_Avaritia_572f57810000eb035f86434_pp.txt,2016,OP,3295,0.2524186216426389,831.7193583124952
7,2,305,2011_LZ_SINN_3_Volker-Braun_Die-hellen-Haufen_pp.txt,C:/mallet/textkorpus/final_txtonly/2011_LZ_SINN_3_Volker-Braun_Die-hellen-Haufen_pp.txt,2011,LZ,1809,0.2271686189002938,410.9480315906315
7,3,1186,2020_B_Grundlagenforschung_Anke-Stelling_Bei-den-Wölfen_pp.txt,C:/mallet/textkorpus/final_txtonly/2020_B_Grundlagenforschung_Anke-Stelling_Bei-den-Wölfen_pp.txt,2020,B,1661,0.2425099906717384,402.80909450575746
8,1,262,2011_B_Der-Stein_Franz-Hohler_Ein-Nachmittag-bei-Monsieur-Rousseau_pp.txt,C:/mallet/textkorpus/final_txtonly/2011_B_Der-Stein_Franz-Hohler_Ein-Nachmittag-bei-Monsieur-Rousseau_pp.txt,2011,B,884,0.2900428331962523,256.39786454548704
8,2,801,2016_LZ_SINN_6_André-Georgi_Seestück_pp.txt,C:/mallet/textkorpus/final_txtonly/2016_LZ_SINN_6_André-Georgi_Seestück_pp.txt,2016,LZ,1215,0.2067099242042054,251.15255790810954
8,3,1116,2019_OP_FF_Asmodeus94_Das-Atelier-des-Jackson-Clarke_5cd55d5f000acc7029f6752f_pp.txt,C:/mallet/textkorpus/final_txtonly/2019_OP_FF_Asmodeus94_Das-Atelier-des-Jackson-Clarke_5cd55d5f000acc7029f6752f_pp.txt,2019,OP,2677,0.0927101165273213,248.18498194363914
9,1,549,2014_B_Urwaldgäste_Roman-Ehrlich_Ingenieure-der-Zeit_pp.txt,C:/mallet/textkorpus/final_txtonly/2014_B_Urwaldgäste_Roman-Ehrlich_Ingenieure-der-Zeit_pp.txt,2014,B,1270,0.4448755495708937,564.991947955035
9,2,462,2012_LZ_SPRITZ_201_Roman-Ehrlich_Ingeneure-der-Zeit_pp.txt,C:/mallet/textkorpus/final_txtonly/2012_LZ_SPRITZ_201_Roman-Ehrlich_Ingeneure-der-Zeit_pp.txt,2012,LZ,1278,0.4374485210074095,559.0592098474693
9,3,544,2014_B_Urwaldgäste_Roman-Ehrlich_Das-Theater-der-Dinge_pp.txt,C:/mallet/textkorpus/final_txtonly/2014_B_Urwaldgäste_Roman-Ehrlich_Das-Theater-der-Dinge_pp.txt,2014,B,1779,0.2349036148083775,417.89353074410354
10,1,1532,2023_LW_Bachmann_Bachmannpreis_Valerie-Gordeev_Er-putzt_pp.txt,C:/mallet/textkorpus/final_txtonly/2023_LW_Bachmann_Bachmannpreis_Valerie-Gordeev_Er-putzt_pp.txt,2023,LW,1195,0.2558114660000066,305.69470187000786
10,2,1189,2020_B_Grundlagenforschung_Anke-Stelling_Glückliche-Fügung_pp.txt,C:/mallet/textkorpus/final_txtonly/2020_B_Grundlagenforschung_Anke-Stelling_Glückliche-Fügung_pp.txt,2020,B,1878,0.1107605623057952,208.0083360102834
10,3,1187,2020_B_Grundlagenforschung_Anke-Stelling_Die-Stelle_pp.txt,C:/mallet/textkorpus/final_txtonly/2020_B_Grundlagenforschung_Anke-Stelling_Die-Stelle_pp.txt,2020,B,1197,0.126040066185223,150.86995922371193
11,1,851,2016_OP_FF_wxitelxly_Der-Biologieunterricht-des-Schreckens_573f2a100004c1dff450cc8_pp.txt,C:/mallet/textkorpus/final_txtonly/2016_OP_FF_wxitelxly_Der-Biologieunterricht-des-Schreckens_573f2a100004c1dff450cc8_pp.txt,2016,OP,780,0.3637849518775275,283.75226246447147
11,2,891,2017_LZ_SINN_5_Aris-Fioretos_Die-dichte-Welt_pp.txt,C:/mallet/textkorpus/final_txtonly/2017_LZ_SINN_5_Aris-Fioretos_Die-dichte-Welt_pp.txt,2017,LZ,1980,0.1347608025709423,266.82638909046574
11,3,531,2013_OP_FF_Federpoet_Eine-Woche_5176d7500002020a0c907530_pp.txt,C:/mallet/textkorpus/final_txtonly/2013_OP_FF_Federpoet_Eine-Woche_5176d7500002020a0c907530_pp.txt,2013,OP,1814,0.1305756841546598,236.8642910565529
12,1,1611,2023_OP_FF_Yvy74_Des-klugen-Mannes-Trick-Kurzgeschichten-aus-der-Wetterau-Band-8_6551eedb000e7c9a129aa965_pp.txt,C:/mallet/textkorpus/final_txtonly/2023_OP_FF_Yvy74_Des-klugen-Mannes-Trick-Kurzgeschichten-aus-der-Wetterau-Band-8_6551eedb000e7c9a129aa965_pp.txt,2023,OP,1306,0.292034174295998,381.3966316305734
12,2,1432,2022_B_Brauchbare-Menschen_Magdalena-Schrefel_Erntezeit_pp.txt,C:/mallet/textkorpus/final_txtonly/2022_B_Brauchbare-Menschen_Magdalena-Schrefel_Erntezeit_pp.txt,2022,B,991,0.2860252778994999,283.4510503984044
12,3,16,2008_LW_Bachmann_3sat-Preis_Patrick-Findeis_Kein-schöner-Land_AUSZUG_pp.txt,C:/mallet/textkorpus/final_txtonly/2008_LW_Bachmann_3sat-Preis_Patrick-Findeis_Kein-schöner-Land_AUSZUG_pp.txt,2008,LW,1226,0.2162179859837576,265.08325081608683
13,1,211,2011_B_Der-Geruch-von-Glück_Zehra-Cirak_Der-Geruch-von-Glück_pp.txt,C:/mallet/textkorpus/final_txtonly/2011_B_Der-Geruch-von-Glück_Zehra-Cirak_Der-Geruch-von-Glück_pp.txt,2011,B,1523,0.3395416087697359,517.1218701563078
13,2,227,2011_B_Der-Geruch-von-Glück_Zehra-Cirak_Intimes-Familienpapier-zartbitter_pp.txt,C:/mallet/textkorpus/final_txtonly/2011_B_Der-Geruch-von-Glück_Zehra-Cirak_Intimes-Familienpapier-zartbitter_pp.txt,2011,B,1042,0.3046429226935154,317.437925446643
13,3,147,2009_LZ_SPRITZ_191_Mathias-Messmer_Die-Tränen-des-Feuervogels_pp.txt,C:/mallet/textkorpus/final_txtonly/2009_LZ_SPRITZ_191_Mathias-Messmer_Die-Tränen-des-Feuervogels_pp.txt,2009,LZ,4083,0.073849638502689,301.5280740064792
14,1,890,2017_LZ_SINN_2_Marie-Luise-Scherer-_Die-Geschichte-von-Lydia-und-Behn_pp.txt,C:/mallet/textkorpus/final_txtonly/2017_LZ_SINN_2_Marie-Luise-Scherer-_Die-Geschichte-von-Lydia-und-Behn_pp.txt,2017,LZ,4565,0.1602527437432618,731.55377518799
14,2,46,2008_LZ_SINN_4_Patrick-Hofmann_720-Öffnen-Ausnehmen-Hacken_pp.txt,C:/mallet/textkorpus/final_txtonly/2008_LZ_SINN_4_Patrick-Hofmann_720-Öffnen-Ausnehmen-Hacken_pp.txt,2008,LZ,1306,0.3201422338220205,418.10575737155875
14,3,1194,2020_B_Grundlagenforschung_Anke-Stelling_Raus_pp.txt,C:/mallet/textkorpus/final_txtonly/2020_B_Grundlagenforschung_Anke-Stelling_Raus_pp.txt,2020,B,1495,0.1868314838643565,279.31306837721297
15,1,17,2008_LW_Bachmann_Ernst-Willner-Preis_Clemens-J-Setz_Die-Waage_pp.txt,C:/mallet/textkorpus/final_txtonly/2008_LW_Bachmann_Ernst-Willner-Preis_Clemens-J-Setz_Die-Waage_pp.txt,2008,LW,1844,0.3275717175996248,604.0422472537081
15,2,367,2012_B_Die-Liebe-zur-Zeit-des-Mahlstädter-Kindes_Clemens-Setz_Die-Waage_pp.txt,C:/mallet/textkorpus/final_txtonly/2012_B_Die-Liebe-zur-Zeit-des-Mahlstädter-Kindes_Clemens-Setz_Die-Waage_pp.txt,2012,B,1832,0.3106960043109434,569.1950798976483
15,3,1467,2022_LW_Bachmann_3sat-Preis_Leon-Engler_Liste-der-Dinge-die-nicht-so-sind-wie-sie-sein-sollten_pp.txt,C:/mallet/textkorpus/final_txtonly/2022_LW_Bachmann_3sat-Preis_Leon-Engler_Liste-der-Dinge-die-nicht-so-sind-wie-sie-sein-sollten_pp.txt,2022,LW,1412,0.1773390997846954,250.4028088959899
16,1,1612,2023_OP_FF_Yvy74_Unner-de-Wildsau-dorsch-Kurzgeschichten-aus-der-Wetterau-Band-1_653b2686000e7c9a3938fe39_pp.txt,C:/mallet/textkorpus/final_txtonly/2023_OP_FF_Yvy74_Unner-de-Wildsau-dorsch-Kurzgeschichten-aus-der-Wetterau-Band-1_653b2686000e7c9a3938fe39_pp.txt,2023,OP,1604,0.3310509755231062,531.0057647390623
16,2,1613,2023_OP_FF_Yvy74_Vom-Deiwwel-geridde-Kurzgeschichten-aus-der-Wetterau-Band-6_654a2211000e7c9a125fd17b_pp.txt,C:/mallet/textkorpus/final_txtonly/2023_OP_FF_Yvy74_Vom-Deiwwel-geridde-Kurzgeschichten-aus-der-Wetterau-Band-6_654a2211000e7c9a125fd17b_pp.txt,2023,OP,1697,0.2872143578159737,487.40276521370737
16,3,254,2011_B_Der-Stein_Franz-Hohler_Bianca-Carnevale_pp.txt,C:/mallet/textkorpus/final_txtonly/2011_B_Der-Stein_Franz-Hohler_Bianca-Carnevale_pp.txt,2011,B,2215,0.1578214873440019,349.5745944669642
17,1,1519,2022_OP_FF_ProximaCentauri_Forelle-Kartoffeln-Tomate-Mozzarella-Oh-und-eine-Leiche-im-Keller_62d54e6d000e35b4350b835d_pp.txt,C:/mallet/textkorpus/final_txtonly/2022_OP_FF_ProximaCentauri_Forelle-Kartoffeln-Tomate-Mozzarella-Oh-und-eine-Leiche-im-Keller_62d54e6d000e35b4350b835d_pp.txt,2022,OP,2751,0.2224664423986753,612.0051830387557
17,2,512,2013_LW_Schreibwettbewerb-Literaturhaus-Zürich_04_Katrin-Furler_Wörtlich_pp.txt,C:/mallet/textkorpus/final_txtonly/2013_LW_Schreibwettbewerb-Literaturhaus-Zürich_04_Katrin-Furler_Wörtlich_pp.txt,2013,LW,923,0.2242567383129697,206.988969462871
17,3,1030,2019_B_Der-Trost-runder-Dinge_Clemens-J-Setz_Das-Schulfoto_pp.txt,C:/mallet/textkorpus/final_txtonly/2019_B_Der-Trost-runder-Dinge_Clemens-J-Setz_Das-Schulfoto_pp.txt,2019,B,1073,0.1719133368949307,184.46301048826066
18,1,852,2017_B_Die-stillen-Trabanten_Clemens-Meyer_Der-Spalt_pp.txt,C:/mallet/textkorpus/final_txtonly/2017_B_Die-stillen-Trabanten_Clemens-Meyer_Der-Spalt_pp.txt,2017,B,2530,0.3187557986273788,806.4521705272683
18,2,1502,2022_OP_FF_Bobby-Andrews_Blue-Birds_6350485c000e51833ad24e9d_pp.txt,C:/mallet/textkorpus/final_txtonly/2022_OP_FF_Bobby-Andrews_Blue-Birds_6350485c000e51833ad24e9d_pp.txt,2022,OP,3266,0.1133839843659782,370.3120929392848
18,3,626,2015_B_Buch-gegen-das-Verschwinden_Ulrike-Almut-Sandig_Geburtstagsgeschichte_pp.txt,C:/mallet/textkorpus/final_txtonly/2015_B_Buch-gegen-das-Verschwinden_Ulrike-Almut-Sandig_Geburtstagsgeschichte_pp.txt,2015,B,1816,0.167303840836575,303.8237749592202
19,1,1040,2019_B_Der-Trost-runder-Dinge_Clemens-J-Setz_Otter-Otter-Otter_pp.txt,C:/mallet/textkorpus/final_txtonly/2019_B_Der-Trost-runder-Dinge_Clemens-J-Setz_Otter-Otter-Otter_pp.txt,2019,B,2902,0.19958753662002,579.203031271298
19,2,1037,2019_B_Der-Trost-runder-Dinge_Clemens-J-Setz_Frau-Triegler_pp.txt,C:/mallet/textkorpus/final_txtonly/2019_B_Der-Trost-runder-Dinge_Clemens-J-Setz_Frau-Triegler_pp.txt,2019,B,2994,0.1375300756112981,411.7650463802265
19,3,361,2012_B_Die-Liebe-zur-Zeit-des-Mahlstädter-Kindes_Clemens-Setz_Das-Riesenrad_pp.txt,C:/mallet/textkorpus/final_txtonly/2012_B_Die-Liebe-zur-Zeit-des-Mahlstädter-Kindes_Clemens-Setz_Das-Riesenrad_pp.txt,2012,B,1896,0.1832022271301263,347.35142263871944
20,1,862,2017_B_Die-stillen-Trabanten_Clemens-Meyer_Unterm-Eis_pp.txt,C:/mallet/textkorpus/final_txtonly/2017_B_Die-stillen-Trabanten_Clemens-Meyer_Unterm-Eis_pp.txt,2017,B,2517,0.2593007129753647,652.659894558993
20,2,1200,2020_B_Hotel-der-Schlaflosen_Ralf-Rothmann_Admiral-Frost_pp.txt,C:/mallet/textkorpus/final_txtonly/2020_B_Hotel-der-Schlaflosen_Ralf-Rothmann_Admiral-Frost_pp.txt,2020,B,2193,0.2434125778991,533.8037833327263
20,3,6,2008_B_Schwarz-ohne-alles_Gabriele-Wohmann_Im-Karijini-Park_pp.txt,C:/mallet/textkorpus/final_txtonly/2008_B_Schwarz-ohne-alles_Gabriele-Wohmann_Im-Karijini-Park_pp.txt,2008,B,1814,0.2468427335096347,447.77271858647737
21,1,1304,2020_OP_FF_Witness_Diese-Geschichte-verwischt-beim-Lesen_5f2eb6360002b7991a2d7fd8_pp.txt,C:/mallet/textkorpus/final_txtonly/2020_OP_FF_Witness_Diese-Geschichte-verwischt-beim-Lesen_5f2eb6360002b7991a2d7fd8_pp.txt,2020,OP,3309,0.3192084866886208,1056.2608824526462
21,2,40,2008_LZ_SINN_1_Volker-Braun_Machwerk-oder-das-Schichtbuch-des-Flick-von-Lauchhammer_pp.txt,C:/mallet/textkorpus/final_txtonly/2008_LZ_SINN_1_Volker-Braun_Machwerk-oder-das-Schichtbuch-des-Flick-von-Lauchhammer_pp.txt,2008,LZ,5101,0.1816323901196477,926.506822000323
21,3,828,2016_OP_FF_June11_Lichtverschmutzung_5697e6f40003529918dc1b8d_pp.txt,C:/mallet/textkorpus/final_txtonly/2016_OP_FF_June11_Lichtverschmutzung_5697e6f40003529918dc1b8d_pp.txt,2016,OP,2413,0.3505912427323492,845.9766687131587
22,1,1328,2021_B_Vom-Aufstehen_Helga-Schubert_Vom-Aufstehen_pp.txt,C:/mallet/textkorpus/final_txtonly/2021_B_Vom-Aufstehen_Helga-Schubert_Vom-Aufstehen_pp.txt,2021,B,1418,0.3188527399032144,452.133185182758
22,2,1212,2020_LW_Bachmann_Bachmannpreis_Helga-Schubert_Vom-Aufstehen_AUSZUG_pp.txt,C:/mallet/textkorpus/final_txtonly/2020_LW_Bachmann_Bachmannpreis_Helga-Schubert_Vom-Aufstehen_AUSZUG_pp.txt,2020,LW,1408,0.3189857814698686,449.131980309575
22,3,1310,2021_B_Vom-Aufstehen_Helga-Schubert_Das-eingelöste-Versprechen_pp.txt,C:/mallet/textkorpus/final_txtonly/2021_B_Vom-Aufstehen_Helga-Schubert_Das-eingelöste-Versprechen_pp.txt,2021,B,1130,0.3029005785854848,342.2776538015978
23,1,1,2008_B_Schwarz-ohne-alles_Gabriele-Wohmann_Der-Mann-im-Schlafrock_pp.txt,C:/mallet/textkorpus/final_txtonly/2008_B_Schwarz-ohne-alles_Gabriele-Wohmann_Der-Mann-im-Schlafrock_pp.txt,2008,B,2288,0.2881974577388775,659.3957833065517
23,2,967,2018_LZ_SINN_2_Christoph-Geiser_Der-Neandertaler-von-Darmstadt_pp.txt,C:/mallet/textkorpus/final_txtonly/2018_LZ_SINN_2_Christoph-Geiser_Der-Neandertaler-von-Darmstadt_pp.txt,2018,LZ,1678,0.368100211375369,617.6721546878692
23,3,357,2012_B_Die-Liebe-zur-Zeit-des-Mahlstädter-Kindes_Clemens-Setz_Character-IV_pp.txt,C:/mallet/textkorpus/final_txtonly/2012_B_Die-Liebe-zur-Zeit-des-Mahlstädter-Kindes_Clemens-Setz_Character-IV_pp.txt,2012,B,1527,0.1874968988027145,286.30776447174503
24,1,66,2009_B_Die-Zeitwaage_Lutz-Seiler_Im-Geräusch_pp.txt,C:/mallet/textkorpus/final_txtonly/2009_B_Die-Zeitwaage_Lutz-Seiler_Im-Geräusch_pp.txt,2009,B,2388,0.2144329319603329,512.0658415212749
24,2,749,2016_B_Fallensteller_Sasa-Stanisic_Die-große-Illusion-am-Säge-Holz-und-Hobelwerk_pp.txt,C:/mallet/textkorpus/final_txtonly/2016_B_Fallensteller_Sasa-Stanisic_Die-große-Illusion-am-Säge-Holz-und-Hobelwerk_pp.txt,2016,B,1408,0.1961868499478506,276.23108472657367
24,3,1260,2020_OP_FF_BlindAngel_A-Queer-Christmas-Charol_5ee7c9580004bf281637aefb_pp.txt,C:/mallet/textkorpus/final_txtonly/2020_OP_FF_BlindAngel_A-Queer-Christmas-Charol_5ee7c9580004bf281637aefb_pp.txt,2020,OP,1367,0.1933117212477851,264.25712294572224
25,1,1531,2023_LW_Bachmann_3sat-Preis_Laura-Leupi_Das-Alphabet-der-sexualisierten-Gewalt_pp.txt,C:/mallet/textkorpus/final_txtonly/2023_LW_Bachmann_3sat-Preis_Laura-Leupi_Das-Alphabet-der-sexualisierten-Gewalt_pp.txt,2023,LW,1299,0.1682130390523642,218.5087377290211
25,2,38,2008_LW_Schreibwettbewerb-Literaturhaus-Zürich_10_Barbara-Schuler_Stadtnacht-Stadtmorgen_pp.txt,C:/mallet/textkorpus/final_txtonly/2008_LW_Schreibwettbewerb-Literaturhaus-Zürich_10_Barbara-Schuler_Stadtnacht-Stadtmorgen_pp.txt,2008,LW,1253,0.1695899979922197,212.49626748425126
25,3,1502,2022_OP_FF_Bobby-Andrews_Blue-Birds_6350485c000e51833ad24e9d_pp.txt,C:/mallet/textkorpus/final_txtonly/2022_OP_FF_Bobby-Andrews_Blue-Birds_6350485c000e51833ad24e9d_pp.txt,2022,OP,3266,0.0632148315903894,206.4596399742118
26,1,171,2010_LW_Münchner-KGW_Werner-Duck_Wir-moegen-uns-aber-nicht-an-jedem_pp.txt,C:/mallet/textkorpus/final_txtonly/2010_LW_Münchner-KGW_Werner-Duck_Wir-moegen-uns-aber-nicht-an-jedem_pp.txt,2010,LW,1108,0.3366742689543432,373.0350900014123
26,2,1304,2020_OP_FF_Witness_Diese-Geschichte-verwischt-beim-Lesen_5f2eb6360002b7991a2d7fd8_pp.txt,C:/mallet/textkorpus/final_txtonly/2020_OP_FF_Witness_Diese-Geschichte-verwischt-beim-Lesen_5f2eb6360002b7991a2d7fd8_pp.txt,2020,OP,3309,0.0753706712425289,249.40155114152813
26,3,1244,2020_LZ_SINN_4_Ralph-Schock_Die-Abkürzung_pp.txt,C:/mallet/textkorpus/final_txtonly/2020_LZ_SINN_4_Ralph-Schock_Die-Abkürzung_pp.txt,2020,LZ,1284,0.1918587170634797,246.34659270950795
27,1,481,2013_B_Irgendwann-ist-Schluss_Markus-Orths_Shot-to-Nothing_pp.txt,C:/mallet/textkorpus/final_txtonly/2013_B_Irgendwann-ist-Schluss_Markus-Orths_Shot-to-Nothing_pp.txt,2013,B,1953,0.3297643300984681,644.0297366823082
27,2,1365,2021_LZ_GRAMM_6_Akin-Emanuel-Sipal_Rote-Asche_pp.txt,C:/mallet/textkorpus/final_txtonly/2021_LZ_GRAMM_6_Akin-Emanuel-Sipal_Rote-Asche_pp.txt,2021,LZ,1547,0.2365057020003924,365.87432099460705
27,3,705,2015_OP_FF_Enci-Weg_Black-date_55c8ff3900044f0c3b25dd0e_pp.txt,C:/mallet/textkorpus/final_txtonly/2015_OP_FF_Enci-Weg_Black-date_55c8ff3900044f0c3b25dd0e_pp.txt,2015,OP,2633,0.1074981620029909,283.042660553875
28,1,802,2016_LZ_SPRITZ_217_Anais-Meier_Mit-einem-Fuß-draußen_pp.txt,C:/mallet/textkorpus/final_txtonly/2016_LZ_SPRITZ_217_Anais-Meier_Mit-einem-Fuß-draußen_pp.txt,2016,LZ,1059,0.3155355777047418,334.1521767893215
28,2,1081,2019_LW_Bachmann_Bachmannpreis_Birgit-Birnbacher_Der-Schrank_pp.txt,C:/mallet/textkorpus/final_txtonly/2019_LW_Bachmann_Bachmannpreis_Birgit-Birnbacher_Der-Schrank_pp.txt,2019,LW,1422,0.1886786495217087,268.30103961986975
28,3,632,2015_B_Feuerland_Mirko-Bonné_Die-Nächte-im-Garten_pp.txt,C:/mallet/textkorpus/final_txtonly/2015_B_Feuerland_Mirko-Bonné_Die-Nächte-im-Garten_pp.txt,2015,B,1868,0.1321269766028719,246.8131922941647
29,1,1259,2020_OP_FF_Aliana-Trapp_Sehnsuchtsvoll-Tabitha_5e6e479500099c28189abff6_pp.txt,C:/mallet/textkorpus/final_txtonly/2020_OP_FF_Aliana-Trapp_Sehnsuchtsvoll-Tabitha_5e6e479500099c28189abff6_pp.txt,2020,OP,1612,0.2479917328338472,399.76267332816167
29,2,552,2014_LW_Bachmann_3sat-Preis_Senthuran-Varatharajah_Vor-der-Zunahme-der-Zeichen_AUSZUG_pp.txt,C:/mallet/textkorpus/final_txtonly/2014_LW_Bachmann_3sat-Preis_Senthuran-Varatharajah_Vor-der-Zunahme-der-Zeichen_AUSZUG_pp.txt,2014,LW,1760,0.1588465933975456,279.57000437968026
29,3,614,2014_OP_FF_Maryonne_herz-in-takt_533c97230003bb15348083a4_pp.txt,C:/mallet/textkorpus/final_txtonly/2014_OP_FF_Maryonne_herz-in-takt_533c97230003bb15348083a4_pp.txt,2014,OP,1242,0.1814535167448851,225.3652677971473
30,1,147,2009_LZ_SPRITZ_191_Mathias-Messmer_Die-Tränen-des-Feuervogels_pp.txt,C:/mallet/textkorpus/final_txtonly/2009_LZ_SPRITZ_191_Mathias-Messmer_Die-Tränen-des-Feuervogels_pp.txt,2009,LZ,4083,0.1412505852363907,576.7261395201832
30,2,421,2012_B_Shakespeares-Hühner_Ralf-Rothmann_Tempelschlaf_pp.txt,C:/mallet/textkorpus/final_txtonly/2012_B_Shakespeares-Hühner_Ralf-Rothmann_Tempelschlaf_pp.txt,2012,B,2201,0.1303158421448644,286.8251685608466
30,3,1193,2020_B_Grundlagenforschung_Anke-Stelling_Ranunkeln_pp.txt,C:/mallet/textkorpus/final_txtonly/2020_B_Grundlagenforschung_Anke-Stelling_Ranunkeln_pp.txt,2020,B,1960,0.1305220921861676,255.82330068488847
31,1,1147,2019_OP_FF_Lia-Roger_Nimmersatt_5c4cfc440002c5bcd7721ea_pp.txt,C:/mallet/textkorpus/final_txtonly/2019_OP_FF_Lia-Roger_Nimmersatt_5c4cfc440002c5bcd7721ea_pp.txt,2019,OP,2782,0.1232620305698007,342.91496904518556
31,2,77,2009_B_Ich-kann-jeder-sagen_Robert-Menasse_Anekdoten-mit-Toten_pp.txt,C:/mallet/textkorpus/final_txtonly/2009_B_Ich-kann-jeder-sagen_Robert-Menasse_Anekdoten-mit-Toten_pp.txt,2009,B,908,0.308630184048356,280.23620711590723
31,3,696,2015_OP_FF_campohermoso_Eine-kuriose-Weihnachtsgeschichte_550dba930004ae99ee4690a_pp.txt,C:/mallet/textkorpus/final_txtonly/2015_OP_FF_campohermoso_Eine-kuriose-Weihnachtsgeschichte_550dba930004ae99ee4690a_pp.txt,2015,OP,847,0.1927808513901515,163.28538112745832
32,1,1375,2021_LZ_SPRITZ_237_Paula-Steiner_Eierfrauen_pp.txt,C:/mallet/textkorpus/final_txtonly/2021_LZ_SPRITZ_237_Paula-Steiner_Eierfrauen_pp.txt,2021,LZ,2221,0.3112190034798502,691.2174067287473
32,2,1141,2019_OP_FF_Jadeherz_Zerschmetterlinge_5dd1512c00037cb68cfd3a3_pp.txt,C:/mallet/textkorpus/final_txtonly/2019_OP_FF_Jadeherz_Zerschmetterlinge_5dd1512c00037cb68cfd3a3_pp.txt,2019,OP,3272,0.1441718359094128,471.73024709559866
32,3,649,2015_B_Morgen-ist-es-vorbei_Kathrin-Wessling_Wilde-Wesen_pp.txt,C:/mallet/textkorpus/final_txtonly/2015_B_Morgen-ist-es-vorbei_Kathrin-Wessling_Wilde-Wesen_pp.txt,2015,B,2259,0.1896054817833626,428.3187833486161
33,1,62,2009_B_Die-Zeitwaage_Lutz-Seiler_Der-Stotterer_pp.txt,C:/mallet/textkorpus/final_txtonly/2009_B_Die-Zeitwaage_Lutz-Seiler_Der-Stotterer_pp.txt,2009,B,2210,0.1901740613733058,420.28467563500584
33,2,675,2015_LZ_SINN_1_Guntram-Vesper_Der-Torweg_pp.txt,C:/mallet/textkorpus/final_txtonly/2015_LZ_SINN_1_Guntram-Vesper_Der-Torweg_pp.txt,2015,LZ,2795,0.1458626033765036,407.6859764373276
33,3,64,2009_B_Die-Zeitwaage_Lutz-Seiler_Die-Zeitwaage_pp.txt,C:/mallet/textkorpus/final_txtonly/2009_B_Die-Zeitwaage_Lutz-Seiler_Die-Zeitwaage_pp.txt,2009,B,2374,0.1686938535253043,400.47920826907244
34,1,84,2009_B_Ich-kann-jeder-sagen_Robert-Menasse_Die-blauen-Bände_pp.txt,C:/mallet/textkorpus/final_txtonly/2009_B_Ich-kann-jeder-sagen_Robert-Menasse_Die-blauen-Bände_pp.txt,2009,B,1965,0.1752785627552323,344.42237581403145
34,2,1305,2021_B_BKS-Publikumspreis-und-Kelagpreis_Necati-Öziri_Morgen-wache-ich-auf-und-dann-beginnt-das-Leben_pp.txt,C:/mallet/textkorpus/final_txtonly/2021_B_BKS-Publikumspreis-und-Kelagpreis_Necati-Öziri_Morgen-wache-ich-auf-und-dann-beginnt-das-Leben_pp.txt,2021,B,1187,0.2859478635796795,339.42011406907955
34,3,1337,2021_LW_Bachmann_Kelag-Preis_Necati-Öziri_Morgen-wache-ich-auf-und-dann-beginnt-das-Leben_pp.txt,C:/mallet/textkorpus/final_txtonly/2021_LW_Bachmann_Kelag-Preis_Necati-Öziri_Morgen-wache-ich-auf-und-dann-beginnt-das-Leben_pp.txt,2021,LW,1186,0.2702883075440592,320.5619327472542
35,1,536,2013_OP_FF_Luka1990_Almfieber_521a5ef800030c292782ede9_pp.txt,C:/mallet/textkorpus/final_txtonly/2013_OP_FF_Luka1990_Almfieber_521a5ef800030c292782ede9_pp.txt,2013,OP,2657,0.2510378993934967,667.0076986885207
35,2,828,2016_OP_FF_June11_Lichtverschmutzung_5697e6f40003529918dc1b8d_pp.txt,C:/mallet/textkorpus/final_txtonly/2016_OP_FF_June11_Lichtverschmutzung_5697e6f40003529918dc1b8d_pp.txt,2016,OP,2413,0.217699801376497,525.3096207214872
35,3,825,2016_OP_FF_Fara-ThoRn_V-E-P-Very-erotic-panties_570a5b050002de81d41057b_pp.txt,C:/mallet/textkorpus/final_txtonly/2016_OP_FF_Fara-ThoRn_V-E-P-Very-erotic-panties_570a5b050002de81d41057b_pp.txt,2016,OP,2912,0.1726365830155092,502.71772974116277
36,1,303,2011_LZ_SINN_3_Christoph-Meckel_Russische-Zone_pp.txt,C:/mallet/textkorpus/final_txtonly/2011_LZ_SINN_3_Christoph-Meckel_Russische-Zone_pp.txt,2011,LZ,3357,0.1813374568933944,608.7498427911249
36,2,813,2016_LZ_SPRITZ_218_Peter-Schünemann_Der-verlorene-Abschied_pp.txt,C:/mallet/textkorpus/final_txtonly/2016_LZ_SPRITZ_218_Peter-Schünemann_Der-verlorene-Abschied_pp.txt,2016,LZ,2104,0.2699370022999441,567.9474528390824
36,3,147,2009_LZ_SPRITZ_191_Mathias-Messmer_Die-Tränen-des-Feuervogels_pp.txt,C:/mallet/textkorpus/final_txtonly/2009_LZ_SPRITZ_191_Mathias-Messmer_Die-Tränen-des-Feuervogels_pp.txt,2009,LZ,4083,0.1210618957535715,494.2957203618324
37,1,1083,2019_LW_Bachmann_Deutschland-Preis_Leander-Fischer_Nymphenverzeichnis-Muster-Nummer-eins-Goldkopf_pp.txt,C:/mallet/textkorpus/final_txtonly/2019_LW_Bachmann_Deutschland-Preis_Leander-Fischer_Nymphenverzeichnis-Muster-Nummer-eins-Goldkopf_pp.txt,2019,LW,1506,0.2884435925223081,434.396050338596
37,2,495,2013_LW_Bachmann_3sat-Preis_Benjamin-Maack_Wie-man-einen-Käfer-richtig-fängt-von-Joachim-Kaltenbach_pp.txt,C:/mallet/textkorpus/final_txtonly/2013_LW_Bachmann_3sat-Preis_Benjamin-Maack_Wie-man-einen-Käfer-richtig-fängt-von-Joachim-Kaltenbach_pp.txt,2013,LW,1290,0.1878350374288937,242.3071982832729
37,3,873,2017_LW_Münchner-KGW_Ariana-Molchen_Wärme-deinen-Nächsten_pp.txt,C:/mallet/textkorpus/final_txtonly/2017_LW_Münchner-KGW_Ariana-Molchen_Wärme-deinen-Nächsten_pp.txt,2017,LW,1046,0.1999971830170148,209.19705343579747
38,1,279,2011_B_Kartographie-der-Nacht_Verena-Roßbacher_Im-Kopf-ist-es-finster_pp.txt,C:/mallet/textkorpus/final_txtonly/2011_B_Kartographie-der-Nacht_Verena-Roßbacher_Im-Kopf-ist-es-finster_pp.txt,2011,B,2827,0.3141720293324222,888.1643269227576
38,2,1489,2022_LZ_GRAMM_12_Dana-Grigorcea_Immer-die-Liebe_pp.txt,C:/mallet/textkorpus/final_txtonly/2022_LZ_GRAMM_12_Dana-Grigorcea_Immer-die-Liebe_pp.txt,2022,LZ,1514,0.2238982032852385,338.98187977385106
38,3,1214,2020_LW_Bachmann_Deutschlandfunk-Preis_Lisa-Krusche_Für-bestimmte-Welten-kämpfen-und-gegen-andere_pp.txt,C:/mallet/textkorpus/final_txtonly/2020_LW_Bachmann_Deutschlandfunk-Preis_Lisa-Krusche_Für-bestimmte-Welten-kämpfen-und-gegen-andere_pp.txt,2020,LW,1753,0.116914298472302,204.9507652219454
39,1,756,2016_B_Fallensteller_Sasa-Stanisic_Mo-und-ich-für-die-Dauer-der-Reise_pp.txt,C:/mallet/textkorpus/final_txtonly/2016_B_Fallensteller_Sasa-Stanisic_Mo-und-ich-für-die-Dauer-der-Reise_pp.txt,2016,B,2541,0.3050930467512577,775.2414317949458
39,2,755,2016_B_Fallensteller_Sasa-Stanisic_Mo-klaut-ein-surrealistisches-Gemälde-einer-Syrischen-Surrealistin_pp.txt,C:/mallet/textkorpus/final_txtonly/2016_B_Fallensteller_Sasa-Stanisic_Mo-klaut-ein-surrealistisches-Gemälde-einer-Syrischen-Surrealistin_pp.txt,2016,B,2419,0.3006538383188651,727.2816348933347
39,3,750,2016_B_Fallensteller_Sasa-Stanisic_Die-immens-schönen-tragischen-blöden-glückseligen-deutschen-Flüsse_pp.txt,C:/mallet/textkorpus/final_txtonly/2016_B_Fallensteller_Sasa-Stanisic_Die-immens-schönen-tragischen-blöden-glückseligen-deutschen-Flüsse_pp.txt,2016,B,1517,0.2758774023580427,418.5060193771508
40,1,860,2017_B_Die-stillen-Trabanten_Clemens-Meyer_In-unserer-Zeit_pp.txt,C:/mallet/textkorpus/final_txtonly/2017_B_Die-stillen-Trabanten_Clemens-Meyer_In-unserer-Zeit_pp.txt,2017,B,3274,0.3615584830114698,1183.7424733795522
40,2,1082,2019_LW_Bachmann_BKS-Publikumspreis_Ronya-Othmann_Vierundsiebzig_pp.txt,C:/mallet/textkorpus/final_txtonly/2019_LW_Bachmann_BKS-Publikumspreis_Ronya-Othmann_Vierundsiebzig_pp.txt,2019,LW,1736,0.2263633926626374,392.9668496623386
40,3,1209,2020_B_Hotel-der-Schlaflosen_Ralf-Rothmann_Hotel-der-Schlaflosen_pp.txt,C:/mallet/textkorpus/final_txtonly/2020_B_Hotel-der-Schlaflosen_Ralf-Rothmann_Hotel-der-Schlaflosen_pp.txt,2020,B,1968,0.1006632298788185,198.10523640151482
41,1,1470,2022_LW_Bachmann_Deutschlandfunk-Preis_Alexandru-Bulucz_Einige-Landesgrenzen-weiter-östlich-von-hier-aus-gesehen_pp.txt,C:/mallet/textkorpus/final_txtonly/2022_LW_Bachmann_Deutschlandfunk-Preis_Alexandru-Bulucz_Einige-Landesgrenzen-weiter-östlich-von-hier-aus-gesehen_pp.txt,2022,LW,1462,0.6206469264441697,907.3858064613762
41,2,1499,2022_LZ_SPRITZ_243_Alexandru-Bulucz_Einige-Landesgrenzen-weiter-östlich-von-hier-aus-gesehen_pp.txt,C:/mallet/textkorpus/final_txtonly/2022_LZ_SPRITZ_243_Alexandru-Bulucz_Einige-Landesgrenzen-weiter-östlich-von-hier-aus-gesehen_pp.txt,2022,LZ,1460,0.6146847956866048,897.4398017024431
41,3,1379,2021_LZ_SPRITZ_239_Alexandru-Bulucz_Ungegenwart_pp.txt,C:/mallet/textkorpus/final_txtonly/2021_LZ_SPRITZ_239_Alexandru-Bulucz_Ungegenwart_pp.txt,2021,LZ,1530,0.3203304461198555,490.1055825633789
42,1,68,2009_B_Die-Zeitwaage_Lutz-Seiler_Turksib_pp.txt,C:/mallet/textkorpus/final_txtonly/2009_B_Die-Zeitwaage_Lutz-Seiler_Turksib_pp.txt,2009,B,1752,0.1862659116782662,326.3378772603224
42,2,275,2011_B_Kartographie-der-Nacht_Stefanie-Sourlier_Nacht-Bilder_pp.txt,C:/mallet/textkorpus/final_txtonly/2011_B_Kartographie-der-Nacht_Stefanie-Sourlier_Nacht-Bilder_pp.txt,2011,B,1733,0.1108028266664435,192.0212986129466
42,3,54,2008_LZ_SPRITZ_Sonderheft_Friedrich-Kröhnke_Mit-der-Metro-nach-Kiew_pp.txt,C:/mallet/textkorpus/final_txtonly/2008_LZ_SPRITZ_Sonderheft_Friedrich-Kröhnke_Mit-der-Metro-nach-Kiew_pp.txt,2008,LZ,773,0.240423552161832,185.84740582109615
43,1,899,2017_OP_FF_Alike2018_Wahrheit-oder-Wirklichkeit_59c4d0bf000423e4272efb7f_pp.txt,C:/mallet/textkorpus/final_txtonly/2017_OP_FF_Alike2018_Wahrheit-oder-Wirklichkeit_59c4d0bf000423e4272efb7f_pp.txt,2017,OP,2757,0.1308752068568218,360.8229453042577
43,2,1347,2021_LW_OpenMike_Laura-Anton_Holzhausen_pp.txt,C:/mallet/textkorpus/final_txtonly/2021_LW_OpenMike_Laura-Anton_Holzhausen_pp.txt,2021,LW,883,0.189459103137547,167.292388070454
43,3,1213,2020_LW_Bachmann_BKS-Publikumspreis_Lydia-Haider_Der-große-Gruß_pp.txt,C:/mallet/textkorpus/final_txtonly/2020_LW_Bachmann_BKS-Publikumspreis_Lydia-Haider_Der-große-Gruß_pp.txt,2020,LW,1344,0.1175177938478591,157.9439149315226
44,1,709,2015_OP_FF_Fara-ThoRn_Dandelion_54b03ae90002de812b69f273_pp.txt,C:/mallet/textkorpus/final_txtonly/2015_OP_FF_Fara-ThoRn_Dandelion_54b03ae90002de812b69f273_pp.txt,2015,OP,2904,0.1455668758655776,422.72620751363735
44,2,1265,2020_OP_FF_Chaostheorie08_Nie-genug_5fccd0a000098caa2ee161e5_pp.txt,C:/mallet/textkorpus/final_txtonly/2020_OP_FF_Chaostheorie08_Nie-genug_5fccd0a000098caa2ee161e5_pp.txt,2020,OP,2751,0.1079849375933059,297.0665633191845
44,3,1469,2022_LW_Bachmann_BKS-Publikumspreis_Elias-Hirschl_Staublunge_pp.txt,C:/mallet/textkorpus/final_txtonly/2022_LW_Bachmann_BKS-Publikumspreis_Elias-Hirschl_Staublunge_pp.txt,2022,LW,1825,0.1614151668943559,294.5826795821995
45,1,799,2016_LZ_SINN_3_Christoph-Meckel_Eine-Frau-allein_pp.txt,C:/mallet/textkorpus/final_txtonly/2016_LZ_SINN_3_Christoph-Meckel_Eine-Frau-allein_pp.txt,2016,LZ,2699,0.149556591082197,403.65323933084966
45,2,978,2018_OP_FF_CmdrLola_Sphaerenharmonie-I-Sommerdreieck_5ae8e3ce0004fe412be4f57c_pp.txt,C:/mallet/textkorpus/final_txtonly/2018_OP_FF_CmdrLola_Sphaerenharmonie-I-Sommerdreieck_5ae8e3ce0004fe412be4f57c_pp.txt,2018,OP,1426,0.2550475975576425,363.6978741171982
45,3,1461,2022_B_Supermilch_Philipp-Böhm_Der-Schlüssel-zum-Keller_pp.txt,C:/mallet/textkorpus/final_txtonly/2022_B_Supermilch_Philipp-Böhm_Der-Schlüssel-zum-Keller_pp.txt,2022,B,2503,0.1190290483201958,297.9297079454501
46,1,507,2013_LW_OpenMike_Dmitrij_Gawrisch_Schaukelgestühl-ganse-en-bräune_pp.txt,C:/mallet/textkorpus/final_txtonly/2013_LW_OpenMike_Dmitrij_Gawrisch_Schaukelgestühl-ganse-en-bräune_pp.txt,2013,LW,984,0.4823556879646211,474.63799695718717
46,2,814,2016_LZ_SPRITZ_218_Peter-Schünemann_Winterland_pp.txt,C:/mallet/textkorpus/final_txtonly/2016_LZ_SPRITZ_218_Peter-Schünemann_Winterland_pp.txt,2016,LZ,1529,0.1781510696284506,272.39298546190093
46,3,497,2013_LW_Bachmann_BKS-Publikumspreis_Nadine-Kegele_Scherben-schlucken_AUSZUG_pp.txt,C:/mallet/textkorpus/final_txtonly/2013_LW_Bachmann_BKS-Publikumspreis_Nadine-Kegele_Scherben-schlucken_AUSZUG_pp.txt,2013,LW,1603,0.1538447364458392,246.61311252268024
47,1,601,2014_OP_FF_Fara-ThoRn_HalloQueen-Jacks-unheimliche-Gelueste_545324cf0002de8121af21fa_pp.txt,C:/mallet/textkorpus/final_txtonly/2014_OP_FF_Fara-ThoRn_HalloQueen-Jacks-unheimliche-Gelueste_545324cf0002de8121af21fa_pp.txt,2014,OP,2661,0.2116111203488409,563.0971912482656
47,2,825,2016_OP_FF_Fara-ThoRn_V-E-P-Very-erotic-panties_570a5b050002de81d41057b_pp.txt,C:/mallet/textkorpus/final_txtonly/2016_OP_FF_Fara-ThoRn_V-E-P-Very-erotic-panties_570a5b050002de81d41057b_pp.txt,2016,OP,2912,0.1513197842317816,440.64321168294805
47,3,605,2014_OP_FF_Fara-ThoRn_My-sweet-private-dancer-Zukunftsplaene_530ee4ab0002de8126a97a14_pp.txt,C:/mallet/textkorpus/final_txtonly/2014_OP_FF_Fara-ThoRn_My-sweet-private-dancer-Zukunftsplaene_530ee4ab0002de8126a97a14_pp.txt,2014,OP,2928,0.1470906803270961,430.6815119977374
48,1,1565,2023_LZ_SINN_3_Ingo-Schulze_Weiße-Stellen-schwarze-Löcher-blinde-Flecken_pp.txt,C:/mallet/textkorpus/final_txtonly/2023_LZ_SINN_3_Ingo-Schulze_Weiße-Stellen-schwarze-Löcher-blinde-Flecken_pp.txt,2023,LZ,2005,0.2547140426862344,510.7016555858999
48,2,1197,2020_B_Grundlagenforschung_Anke-Stelling_Unbeständig-und-kalt_pp.txt,C:/mallet/textkorpus/final_txtonly/2020_B_Grundlagenforschung_Anke-Stelling_Unbeständig-und-kalt_pp.txt,2020,B,1267,0.1606578241276245,203.55346316970025
48,3,663,2015_LW_OpenMike_Philip-Krömer_der-eine-der-andere_pp.txt,C:/mallet/textkorpus/final_txtonly/2015_LW_OpenMike_Philip-Krömer_der-eine-der-andere_pp.txt,2015,LW,939,0.2078024538086699,195.12650412634105
49,1,1011,2018_OP_FF_PumkinPrincess_Kindheit-in-den-90-s_5a4e28e70004aaf2228f061a_pp.txt,C:/mallet/textkorpus/final_txtonly/2018_OP_FF_PumkinPrincess_Kindheit-in-den-90-s_5a4e28e70004aaf2228f061a_pp.txt,2018,OP,2731,0.2379530553469823,649.8497941526086
49,2,693,2015_LZ_SPRITZ_Sonderheft_Hendrik-Jackson_Verwandelte-Formen_pp.txt,C:/mallet/textkorpus/final_txtonly/2015_LZ_SPRITZ_Sonderheft_Hendrik-Jackson_Verwandelte-Formen_pp.txt,2015,LZ,2528,0.1344096208231585,339.78752144094466
49,3,778,2016_LW_Bachmann_Kelag-Preis_Dieter-Zwicky_Los-Alamos-ist-winzig_AUSZUG_pp.txt,C:/mallet/textkorpus/final_txtonly/2016_LW_Bachmann_Kelag-Preis_Dieter-Zwicky_Los-Alamos-ist-winzig_AUSZUG_pp.txt,2016,LW,1257,0.2187934056970758,275.0233109612243
50,1,904,2017_OP_FF_DawiL-Danger_Last-Christmas_58b2f6cb000041273a8941e2_pp.txt,C:/mallet/textkorpus/final_txtonly/2017_OP_FF_DawiL-Danger_Last-Christmas_58b2f6cb000041273a8941e2_pp.txt,2017,OP,1790,0.3707634785121667,663.6666265367784
50,2,903,2017_OP_FF_DawiL-Danger_Bronze_58fceb69000041271741a100_pp.txt,C:/mallet/textkorpus/final_txtonly/2017_OP_FF_DawiL-Danger_Bronze_58fceb69000041271741a100_pp.txt,2017,OP,1910,0.3314255941537062,633.0228848335788
50,3,822,2016_OP_FF_DawiL-Danger_Penguins_5867e990000041271313a542_pp.txt,C:/mallet/textkorpus/final_txtonly/2016_OP_FF_DawiL-Danger_Penguins_5867e990000041271313a542_pp.txt,2016,OP,1735,0.2941558577662509,510.3604132244453
51,1,900,2017_OP_FF_AngelHawk_Das-heimliche-Buch_59fd98d00003e2c82f9e84e3_pp.txt,C:/mallet/textkorpus/final_txtonly/2017_OP_FF_AngelHawk_Das-heimliche-Buch_59fd98d00003e2c82f9e84e3_pp.txt,2017,OP,2719,0.3325438766650454,904.1868006522585
51,2,650,2015_B_Morgen-ist-es-vorbei_Kathrin-Wessling_Winter-für-immer_pp.txt,C:/mallet/textkorpus/final_txtonly/2015_B_Morgen-ist-es-vorbei_Kathrin-Wessling_Winter-für-immer_pp.txt,2015,B,2437,0.341038109874213,831.1098737634571
51,3,74,2009_B_Gestern-war-auch-schon-ein-Tag_Finn-Ole-Heinrich_Wenn-man-gesungen-sagt_pp.txt,C:/mallet/textkorpus/final_txtonly/2009_B_Gestern-war-auch-schon-ein-Tag_Finn-Ole-Heinrich_Wenn-man-gesungen-sagt_pp.txt,2009,B,2711,0.3015372953212128,817.467607615808
52,1,580,2014_LZ_SINN_3_Georg-Klein_Allwurzler_pp.txt,C:/mallet/textkorpus/final_txtonly/2014_LZ_SINN_3_Georg-Klein_Allwurzler_pp.txt,2014,LZ,2071,0.2355740877512208,487.87393573277825
52,2,35,2008_LW_Schreibwettbewerb-Literaturhaus-Zürich_06_Fabienne-Wydler_Tagebuch-aus-Kenia_pp.txt,C:/mallet/textkorpus/final_txtonly/2008_LW_Schreibwettbewerb-Literaturhaus-Zürich_06_Fabienne-Wydler_Tagebuch-aus-Kenia_pp.txt,2008,LW,1526,0.223449371954356,340.98374160234727
52,3,1482,2022_LW_Schreibwettbewerb-Literaturhaus-Zürich_07_Sebastian-Görtz_Trakoto-Effekt_pp.txt,C:/mallet/textkorpus/final_txtonly/2022_LW_Schreibwettbewerb-Literaturhaus-Zürich_07_Sebastian-Görtz_Trakoto-Effekt_pp.txt,2022,LW,535,0.3437279527044877,183.8944546969009
53,1,435,2012_LW_OpenMike_Joey-Juschka_Schaf-e-V_pp.txt,C:/mallet/textkorpus/final_txtonly/2012_LW_OpenMike_Joey-Juschka_Schaf-e-V_pp.txt,2012,LW,1116,0.479315985293558,534.9166395876107
53,2,71,2009_B_Gestern-war-auch-schon-ein-Tag_Finn-Ole-Heinrich_Samstags_pp.txt,C:/mallet/textkorpus/final_txtonly/2009_B_Gestern-war-auch-schon-ein-Tag_Finn-Ole-Heinrich_Samstags_pp.txt,2009,B,1283,0.3833095162544547,491.7861093544654
53,3,93,2009_B_Ruhm_Daniel-Kehlmann_Ein-Beitrag-zur-Debatte_pp.txt,C:/mallet/textkorpus/final_txtonly/2009_B_Ruhm_Daniel-Kehlmann_Ein-Beitrag-zur-Debatte_pp.txt,2009,B,2082,0.2201076490260529,458.26412527224215
54,1,637,2015_B_Feuerland_Mirko-Bonné_Transit_pp.txt,C:/mallet/textkorpus/final_txtonly/2015_B_Feuerland_Mirko-Bonné_Transit_pp.txt,2015,B,1875,0.2032912476143305,381.17108927686974
54,2,880,2017_LW_Schreibwettbewerb-Literaturhaus-Zürich_03_Marco-Schneiter_Es-war-einmal_pp.txt,C:/mallet/textkorpus/final_txtonly/2017_LW_Schreibwettbewerb-Literaturhaus-Zürich_03_Marco-Schneiter_Es-war-einmal_pp.txt,2017,LW,652,0.4538375009049805,295.9020505900473
54,3,259,2011_B_Der-Stein_Franz-Hohler_Der-vierte-König_pp.txt,C:/mallet/textkorpus/final_txtonly/2011_B_Der-Stein_Franz-Hohler_Der-vierte-König_pp.txt,2011,B,1299,0.2025999613690843,263.1773498184405
55,1,40,2008_LZ_SINN_1_Volker-Braun_Machwerk-oder-das-Schichtbuch-des-Flick-von-Lauchhammer_pp.txt,C:/mallet/textkorpus/final_txtonly/2008_LZ_SINN_1_Volker-Braun_Machwerk-oder-das-Schichtbuch-des-Flick-von-Lauchhammer_pp.txt,2008,LZ,5101,0.1643946051885075,838.5768810665767
55,2,303,2011_LZ_SINN_3_Christoph-Meckel_Russische-Zone_pp.txt,C:/mallet/textkorpus/final_txtonly/2011_LZ_SINN_3_Christoph-Meckel_Russische-Zone_pp.txt,2011,LZ,3357,0.0778554101075425,261.3606117310202
55,3,890,2017_LZ_SINN_2_Marie-Luise-Scherer-_Die-Geschichte-von-Lydia-und-Behn_pp.txt,C:/mallet/textkorpus/final_txtonly/2017_LZ_SINN_2_Marie-Luise-Scherer-_Die-Geschichte-von-Lydia-und-Behn_pp.txt,2017,LZ,4565,0.0507352074971585,231.60622222452855
56,1,458,2012_LZ_SPRITZ_201_Ingo-Schulze_Das-Deutschlandgerät_pp.txt,C:/mallet/textkorpus/final_txtonly/2012_LZ_SPRITZ_201_Ingo-Schulze_Das-Deutschlandgerät_pp.txt,2012,LZ,4592,0.2505665359547465,1150.6015331041958
56,2,307,2011_LZ_SINN_6_Natascha-Wodin_Das-Ausland-des-Alterns_pp.txt,C:/mallet/textkorpus/final_txtonly/2011_LZ_SINN_6_Natascha-Wodin_Das-Ausland-des-Alterns_pp.txt,2011,LZ,4099,0.2670047968259722,1094.45266218966
56,3,1287,2020_OP_FF_Rita-Solex_Der-schwarze-Schwan_5f0d44320007118d311aeb20_pp.txt,C:/mallet/textkorpus/final_txtonly/2020_OP_FF_Rita-Solex_Der-schwarze-Schwan_5f0d44320007118d311aeb20_pp.txt,2020,OP,2271,0.3666009173156228,832.5506832237793
57,1,1533,2023_LW_Bachmann_BKS-Publikumspreis_Kelag-Preis_Marin-Piekar_Mit-Wänden-sprechen-Pole-sind-schwierige-Volk_pp.txt,C:/mallet/textkorpus/final_txtonly/2023_LW_Bachmann_BKS-Publikumspreis_Kelag-Preis_Marin-Piekar_Mit-Wänden-sprechen-Pole-sind-schwierige-Volk_pp.txt,2023,LW,1716,0.2591267875616994,444.66156745587614
57,2,14,2008_B_Schwarz-ohne-alles_Gabriele-Wohmann_Sperrmüll_pp.txt,C:/mallet/textkorpus/final_txtonly/2008_B_Schwarz-ohne-alles_Gabriele-Wohmann_Sperrmüll_pp.txt,2008,B,995,0.262941726602883,261.6270179698686
57,3,266,2011_B_Kartographie-der-Nacht_Daniela-Dröscher_Virgin-Queen_pp.txt,C:/mallet/textkorpus/final_txtonly/2011_B_Kartographie-der-Nacht_Daniela-Dröscher_Virgin-Queen_pp.txt,2011,B,1729,0.1426929065077599,246.71603535191687
58,1,15,2008_B_Schwarz-ohne-alles_Gabriele-Wohmann_Vanessas-Salon_pp.txt,C:/mallet/textkorpus/final_txtonly/2008_B_Schwarz-ohne-alles_Gabriele-Wohmann_Vanessas-Salon_pp.txt,2008,B,1893,0.276021189577923,522.5081118710082
58,2,5,2008_B_Schwarz-ohne-alles_Gabriele-Wohmann_Gnade-vor-Recht_pp.txt,C:/mallet/textkorpus/final_txtonly/2008_B_Schwarz-ohne-alles_Gabriele-Wohmann_Gnade-vor-Recht_pp.txt,2008,B,1342,0.1931879878550483,259.2582797014748
58,3,11,2008_B_Schwarz-ohne-alles_Gabriele-Wohmann_Oh-ein-Termin_pp.txt,C:/mallet/textkorpus/final_txtonly/2008_B_Schwarz-ohne-alles_Gabriele-Wohmann_Oh-ein-Termin_pp.txt,2008,B,866,0.2925615660052819,253.3583161605741
59,1,676,2015_LZ_SINN_2_Reinhard-Jirgl_Es-mußte-sein_pp.txt,C:/mallet/textkorpus/final_txtonly/2015_LZ_SINN_2_Reinhard-Jirgl_Es-mußte-sein_pp.txt,2015,LZ,1821,0.2688454402890319,489.5675467663271
59,2,895,2017_LZ_SPRITZ_224_Stefan-Sprenger_Fählüna-oder-Wie-Thöny-Hilty-Frick-und-Wachter-ein-Jahrzehnt-zu-früh-den-Punk-erfanden_pp.txt,C:/mallet/textkorpus/final_txtonly/2017_LZ_SPRITZ_224_Stefan-Sprenger_Fählüna-oder-Wie-Thöny-Hilty-Frick-und-Wachter-ein-Jahrzehnt-zu-früh-den-Punk-erfanden_pp.txt,2017,LZ,979,0.4179946849320845,409.21679654851073
59,3,293,2011_LW_OpenMike_Joseph-Felix-Ernst_Dora-Diamant_pp.txt,C:/mallet/textkorpus/final_txtonly/2011_LW_OpenMike_Joseph-Felix-Ernst_Dora-Diamant_pp.txt,2011,LW,1129,0.3154521341601405,356.1454594667986
60,1,426,2012_LW_Bachmann_Ernst-Willner-Preis_Inger-Maria-Mahlke_kA_pp.txt,C:/mallet/textkorpus/final_txtonly/2012_LW_Bachmann_Ernst-Willner-Preis_Inger-Maria-Mahlke_kA_pp.txt,2012,LW,1484,0.2084739636212517,309.37536201393755
60,2,423,2012_LW_Bachmann_3sat-Preis_Lisa-Kränzler_Willste-abhauen_pp.txt,C:/mallet/textkorpus/final_txtonly/2012_LW_Bachmann_3sat-Preis_Lisa-Kränzler_Willste-abhauen_pp.txt,2012,LW,1373,0.1948280729791448,267.4989442003658
60,3,420,2012_B_Shakespeares-Hühner_Ralf-Rothmann_Othello-für-Anfänger_pp.txt,C:/mallet/textkorpus/final_txtonly/2012_B_Shakespeares-Hühner_Ralf-Rothmann_Othello-für-Anfänger_pp.txt,2012,B,2386,0.1099194917970552,262.2679074277737
61,1,854,2017_B_Die-stillen-Trabanten_Clemens-Meyer_Die-letzte-Fahrt-der-Strandbahn_pp.txt,C:/mallet/textkorpus/final_txtonly/2017_B_Die-stillen-Trabanten_Clemens-Meyer_Die-letzte-Fahrt-der-Strandbahn_pp.txt,2017,B,2099,0.3214123260378069,674.6444723533567
61,2,862,2017_B_Die-stillen-Trabanten_Clemens-Meyer_Unterm-Eis_pp.txt,C:/mallet/textkorpus/final_txtonly/2017_B_Die-stillen-Trabanten_Clemens-Meyer_Unterm-Eis_pp.txt,2017,B,2517,0.267830642714925,674.1297277134663
61,3,856,2017_B_Die-stillen-Trabanten_Clemens-Meyer_Die-stillen-Trabanten_pp.txt,C:/mallet/textkorpus/final_txtonly/2017_B_Die-stillen-Trabanten_Clemens-Meyer_Die-stillen-Trabanten_pp.txt,2017,B,2627,0.2414801550765561,634.3683673861128
62,1,1518,2022_OP_FF_PragDoma_Die-Hoelle-von-Bamberg_638eec050000738b1e7a94fa_pp.txt,C:/mallet/textkorpus/final_txtonly/2022_OP_FF_PragDoma_Die-Hoelle-von-Bamberg_638eec050000738b1e7a94fa_pp.txt,2022,OP,1471,0.3399787494976458,500.10874051103696
62,2,303,2011_LZ_SINN_3_Christoph-Meckel_Russische-Zone_pp.txt,C:/mallet/textkorpus/final_txtonly/2011_LZ_SINN_3_Christoph-Meckel_Russische-Zone_pp.txt,2011,LZ,3357,0.0737324885970555,247.51996422031533
62,3,676,2015_LZ_SINN_2_Reinhard-Jirgl_Es-mußte-sein_pp.txt,C:/mallet/textkorpus/final_txtonly/2015_LZ_SINN_2_Reinhard-Jirgl_Es-mußte-sein_pp.txt,2015,LZ,1821,0.1356175237032119,246.95951066354885
63,1,1258,2020_OP_FF_Aliana-Trapp_Ocean-Blue-Eyes_5eb98ff800099c28f009ecb_pp.txt,C:/mallet/textkorpus/final_txtonly/2020_OP_FF_Aliana-Trapp_Ocean-Blue-Eyes_5eb98ff800099c28f009ecb_pp.txt,2020,OP,3524,0.1477505698498834,520.6730081509892
63,2,180,2010_LW_Schreibwettbewerb-Literaturhaus-Zürich_06_Andreas-Gruber_Raum-Nr.7_pp.txt,C:/mallet/textkorpus/final_txtonly/2010_LW_Schreibwettbewerb-Literaturhaus-Zürich_06_Andreas-Gruber_Raum-Nr.7_pp.txt,2010,LW,1766,0.1605645301419514,283.5569602306862
63,3,1027,2018_OP_FF_Witness_Sekundenscherben_5ad8eb0e0002b7992ce8f17e_pp.txt,C:/mallet/textkorpus/final_txtonly/2018_OP_FF_Witness_Sekundenscherben_5ad8eb0e0002b7992ce8f17e_pp.txt,2018,OP,1106,0.2008966525764137,222.19169774951357
64,1,81,2009_B_Ich-kann-jeder-sagen_Robert-Menasse_Das%20Ende%20des%20Hungerwinters_pp.txt,C:/mallet/textkorpus/final_txtonly/2009_B_Ich-kann-jeder-sagen_Robert-Menasse_Das%20Ende%20des%20Hungerwinters_pp.txt,2009,B,1698,0.2261265029980078,383.96280209061723
64,2,739,2016_B_Die-Liebe-unter-Aliens_Terezia-Mora_Die-Gepard-Frage_pp.txt,C:/mallet/textkorpus/final_txtonly/2016_B_Die-Liebe-unter-Aliens_Terezia-Mora_Die-Gepard-Frage_pp.txt,2016,B,1979,0.1252533332403568,247.87634648266612
64,3,63,2009_B_Die-Zeitwaage_Lutz-Seiler_Die-Schuldamsel_pp.txt,C:/mallet/textkorpus/final_txtonly/2009_B_Die-Zeitwaage_Lutz-Seiler_Die-Schuldamsel_pp.txt,2009,B,1727,0.1394025512329466,240.74820597929877
65,1,458,2012_LZ_SPRITZ_201_Ingo-Schulze_Das-Deutschlandgerät_pp.txt,C:/mallet/textkorpus/final_txtonly/2012_LZ_SPRITZ_201_Ingo-Schulze_Das-Deutschlandgerät_pp.txt,2012,LZ,4592,0.091718848924084,421.1729542593937
65,2,1511,2022_OP_FF_Laileena_UNSF-Prequel-1-Ausbildungsbeginn_62e5978700079dc510221286_pp.txt,C:/mallet/textkorpus/final_txtonly/2022_OP_FF_Laileena_UNSF-Prequel-1-Ausbildungsbeginn_62e5978700079dc510221286_pp.txt,2022,OP,1906,0.2193165700610589,418.01738253637825
65,3,1520,2022_OP_FF_Shattered-Sea-Glass_The-Old-Cardigan_6207c63a000db7201e7e887f_pp.txt,C:/mallet/textkorpus/final_txtonly/2022_OP_FF_Shattered-Sea-Glass_The-Old-Cardigan_6207c63a000db7201e7e887f_pp.txt,2022,OP,1205,0.2742900601363215,330.5195224642674
66,1,1586,2023_OP_FF_Ricky-VL_Klassentreffen_651912b20007b62e230e080e_pp.txt,C:/mallet/textkorpus/final_txtonly/2023_OP_FF_Ricky-VL_Klassentreffen_651912b20007b62e230e080e_pp.txt,2023,OP,2266,0.174506319405888,395.43131977374225
66,2,256,2011_B_Der-Stein_Franz-Hohler_Der-Präsident_pp.txt,C:/mallet/textkorpus/final_txtonly/2011_B_Der-Stein_Franz-Hohler_Der-Präsident_pp.txt,2011,B,1357,0.2840378497386285,385.43936209531887
66,3,1001,2018_OP_FF_Nia-Askush_Wuestenfuchs_5af8907f0003a7c625894c5e_pp.txt,C:/mallet/textkorpus/final_txtonly/2018_OP_FF_Nia-Askush_Wuestenfuchs_5af8907f0003a7c625894c5e_pp.txt,2018,OP,3057,0.1069816316948795,327.04284809124664
67,1,159,2010_LW_Bachmann_Ernst-Willner-Preis_Aleks-Scholz_Google-Earth_pp.txt,C:/mallet/textkorpus/final_txtonly/2010_LW_Bachmann_Ernst-Willner-Preis_Aleks-Scholz_Google-Earth_pp.txt,2010,LW,1746,0.1794884469727109,313.38682841435326
67,2,1462,2022_B_Supermilch_Philipp-Böhm_Die-Berge-unter-der-Stadt_pp.txt,C:/mallet/textkorpus/final_txtonly/2022_B_Supermilch_Philipp-Böhm_Die-Berge-unter-der-Stadt_pp.txt,2022,B,1608,0.1818194762184439,292.3657177592578
67,3,1479,2022_LW_OpenMike_Patrick_Holzapfel_Gurgelgeräusche_pp.txt,C:/mallet/textkorpus/final_txtonly/2022_LW_OpenMike_Patrick_Holzapfel_Gurgelgeräusche_pp.txt,2022,LW,991,0.2839963336967225,281.440366693452
68,1,480,2013_B_Irgendwann-ist-Schluss_Markus-Orths_Löwes%20Welt_pp.txt,C:/mallet/textkorpus/final_txtonly/2013_B_Irgendwann-ist-Schluss_Markus-Orths_Löwes%20Welt_pp.txt,2013,B,1882,0.2549361320158281,479.7898004537885
68,2,458,2012_LZ_SPRITZ_201_Ingo-Schulze_Das-Deutschlandgerät_pp.txt,C:/mallet/textkorpus/final_txtonly/2012_LZ_SPRITZ_201_Ingo-Schulze_Das-Deutschlandgerät_pp.txt,2012,LZ,4592,0.0847845721548087,389.33075533488153
68,3,1558,2023_LZ_GRAMM_16_Rick-Lupert_Die-Sterne-über-der-Wüste_pp.txt,C:/mallet/textkorpus/final_txtonly/2023_LZ_GRAMM_16_Rick-Lupert_Die-Sterne-über-der-Wüste_pp.txt,2023,LZ,1359,0.2076658553365775,282.2178974024088
69,1,186,2010_LZ_SINN_5_Hartmut-Lange_Im-Museum_pp.txt,C:/mallet/textkorpus/final_txtonly/2010_LZ_SINN_5_Hartmut-Lange_Im-Museum_pp.txt,2010,LZ,2654,0.2515956257034677,667.7347906170033
69,2,456,2012_LZ_SINN_5_Hartmut-Lange_Die-Ewigkeit-des-Augenblicks_pp.txt,C:/mallet/textkorpus/final_txtonly/2012_LZ_SINN_5_Hartmut-Lange_Die-Ewigkeit-des-Augenblicks_pp.txt,2012,LZ,2054,0.2855052059549618,586.4276930314916
69,3,129,2009_LZ_SINN_3_Hartmut-Lange_Der-Mörder-meines-Bruders_pp.txt,C:/mallet/textkorpus/final_txtonly/2009_LZ_SINN_3_Hartmut-Lange_Der-Mörder-meines-Bruders_pp.txt,2009,LZ,2107,0.273628501575121,576.5352528187799
70,1,3,2008_B_Schwarz-ohne-alles_Gabriele-Wohmann_Die-Urnengeschichte_pp.txt,C:/mallet/textkorpus/final_txtonly/2008_B_Schwarz-ohne-alles_Gabriele-Wohmann_Die-Urnengeschichte_pp.txt,2008,B,2390,0.2746949925896794,656.5210322893338
70,2,0,2008_B_Schwarz-ohne-alles_Gabriele-Wohmann_Am-Tyrrhenischen-Meer_pp.txt,C:/mallet/textkorpus/final_txtonly/2008_B_Schwarz-ohne-alles_Gabriele-Wohmann_Am-Tyrrhenischen-Meer_pp.txt,2008,B,2244,0.2103847812525827,472.1034491307956
70,3,7,2008_B_Schwarz-ohne-alles_Gabriele-Wohmann_In-allen-meinen-Taten_pp.txt,C:/mallet/textkorpus/final_txtonly/2008_B_Schwarz-ohne-alles_Gabriele-Wohmann_In-allen-meinen-Taten_pp.txt,2008,B,872,0.2406302012878409,209.82953552299728
71,1,282,2011_LW_Bachmann_Ernst-Willner-Preis_Leif-Randt_Schimmernder-Dunst-über-CobyCounty_AUSZUG_pp.txt,C:/mallet/textkorpus/final_txtonly/2011_LW_Bachmann_Ernst-Willner-Preis_Leif-Randt_Schimmernder-Dunst-über-CobyCounty_AUSZUG_pp.txt,2011,LW,1907,0.1346581637588669,256.7931182881592
71,2,626,2015_B_Buch-gegen-das-Verschwinden_Ulrike-Almut-Sandig_Geburtstagsgeschichte_pp.txt,C:/mallet/textkorpus/final_txtonly/2015_B_Buch-gegen-das-Verschwinden_Ulrike-Almut-Sandig_Geburtstagsgeschichte_pp.txt,2015,B,1816,0.1238387132143533,224.8911031972656
71,3,158,2010_LW_Bachmann_Bachmannpreis_Peter-Wawerzinek_Rabenliebe_AUSZUG_pp.txt,C:/mallet/textkorpus/final_txtonly/2010_LW_Bachmann_Bachmannpreis_Peter-Wawerzinek_Rabenliebe_AUSZUG_pp.txt,2010,LW,1579,0.1404311815852444,221.7408357231009
72,1,193,2010_LZ_SPRITZ_196_Peter-Kurzeck_28_pp.txt,C:/mallet/textkorpus/final_txtonly/2010_LZ_SPRITZ_196_Peter-Kurzeck_28_pp.txt,2010,LZ,2416,0.310511371605363,750.195473798557
72,2,743,2016_B_Die-Liebe-unter-Aliens_Terezia-Mora_Perpetuum-mobile_pp.txt,C:/mallet/textkorpus/final_txtonly/2016_B_Die-Liebe-unter-Aliens_Terezia-Mora_Perpetuum-mobile_pp.txt,2016,B,2023,0.1003946455121,203.0983678709783
72,3,1418,2021_OP_FF_TaeLina_Asteroid_612bdb3c000379cf2acfc334_pp.txt,C:/mallet/textkorpus/final_txtonly/2021_OP_FF_TaeLina_Asteroid_612bdb3c000379cf2acfc334_pp.txt,2021,OP,2954,0.0651380043782985,192.41766493349377
73,1,192,2010_LZ_SPRITZ_196_Hans-Peter-Meißnitzer_Perpetuum-mobile_pp.txt,C:/mallet/textkorpus/final_txtonly/2010_LZ_SPRITZ_196_Hans-Peter-Meißnitzer_Perpetuum-mobile_pp.txt,2010,LZ,2955,0.1670030854486545,493.49411750077405
73,2,30,2008_LW_Schreibwettbewerb-Literaturhaus-Zürich_01_Daniel-Buess_Ein-Buch-zum-Hineinschreiben_pp.txt,C:/mallet/textkorpus/final_txtonly/2008_LW_Schreibwettbewerb-Literaturhaus-Zürich_01_Daniel-Buess_Ein-Buch-zum-Hineinschreiben_pp.txt,2008,LW,881,0.3022354187650687,266.2694039320255
73,3,1610,2023_OP_FF_Yvy74_Der-misslungene-Diebstahl-Kurzgeschichten-aus-der-Wetterau-Band-5_65489d43000e7c9a18246ff3_pp.txt,C:/mallet/textkorpus/final_txtonly/2023_OP_FF_Yvy74_Der-misslungene-Diebstahl-Kurzgeschichten-aus-der-Wetterau-Band-5_65489d43000e7c9a18246ff3_pp.txt,2023,OP,825,0.316533233553478,261.13991768161935
74,1,619,2014_OP_FF_Myrina_Sodom-und-Gomorrha_549c32d800042c1a33e30daf_pp.txt,C:/mallet/textkorpus/final_txtonly/2014_OP_FF_Myrina_Sodom-und-Gomorrha_549c32d800042c1a33e30daf_pp.txt,2014,OP,3648,0.3175656190564888,1158.479378318071
74,2,1504,2022_OP_FF_ChangelingBiRe_Sturmnacht_633714a00009ecfe34f207a0_pp.txt,C:/mallet/textkorpus/final_txtonly/2022_OP_FF_ChangelingBiRe_Sturmnacht_633714a00009ecfe34f207a0_pp.txt,2022,OP,3660,0.2429385869042657,889.1552280696125
74,3,1502,2022_OP_FF_Bobby-Andrews_Blue-Birds_6350485c000e51833ad24e9d_pp.txt,C:/mallet/textkorpus/final_txtonly/2022_OP_FF_Bobby-Andrews_Blue-Birds_6350485c000e51833ad24e9d_pp.txt,2022,OP,3266,0.2544552751745703,831.0509287201465
75,1,933,2017_OP_FF_Witness_Gleismeer-oder-Das-Atmen-der-Welt-im-Herbst_59fe1eee0002b79923b259a7_pp.txt,C:/mallet/textkorpus/final_txtonly/2017_OP_FF_Witness_Gleismeer-oder-Das-Atmen-der-Welt-im-Herbst_59fe1eee0002b79923b259a7_pp.txt,2017,OP,754,0.322401122410696,243.09044629766478
75,2,618,2014_OP_FF_MsAshantin_Hasenkaempfer_546d04cb0001e3243905386f_pp.txt,C:/mallet/textkorpus/final_txtonly/2014_OP_FF_MsAshantin_Hasenkaempfer_546d04cb0001e3243905386f_pp.txt,2014,OP,3199,0.0716976894221421,229.36090846143256
75,3,1363,2021_LZ_GRAMM_4_Mareike-Fallwickl_Tamina-Blue_pp.txt,C:/mallet/textkorpus/final_txtonly/2021_LZ_GRAMM_4_Mareike-Fallwickl_Tamina-Blue_pp.txt,2021,LZ,1221,0.1504079276814283,183.64807969902395
76,1,861,2017_B_Die-stillen-Trabanten_Clemens-Meyer_Späte-Ankunft_pp.txt,C:/mallet/textkorpus/final_txtonly/2017_B_Die-stillen-Trabanten_Clemens-Meyer_Späte-Ankunft_pp.txt,2017,B,2564,0.3148054562133892,807.1611897311299
76,2,855,2017_B_Die-stillen-Trabanten_Clemens-Meyer_Die-Rückkehr-der-Argonauten_pp.txt,C:/mallet/textkorpus/final_txtonly/2017_B_Die-stillen-Trabanten_Clemens-Meyer_Die-Rückkehr-der-Argonauten_pp.txt,2017,B,1837,0.2351023463812507,431.8830103023575
76,3,853,2017_B_Die-stillen-Trabanten_Clemens-Meyer_Die-Entfernung_pp.txt,C:/mallet/textkorpus/final_txtonly/2017_B_Die-stillen-Trabanten_Clemens-Meyer_Die-Entfernung_pp.txt,2017,B,1936,0.1773790154653144,343.4057739408487
77,1,859,2017_B_Die-stillen-Trabanten_Clemens-Meyer_Glasscherben-im-Objekt-95_pp.txt,C:/mallet/textkorpus/final_txtonly/2017_B_Die-stillen-Trabanten_Clemens-Meyer_Glasscherben-im-Objekt-95_pp.txt,2017,B,2350,0.2441745058757238,573.8100888079509
77,2,1487,2022_LZ_GRAMM_10_Alexandra-Stahl_John-Belushi_pp.txt,C:/mallet/textkorpus/final_txtonly/2022_LZ_GRAMM_10_Alexandra-Stahl_John-Belushi_pp.txt,2022,LZ,1079,0.1893481155613717,204.30661669072006
77,3,312,2011_LZ_SPRITZ_199_Sarah-Iwanowski_Übers-Feld_pp.txt,C:/mallet/textkorpus/final_txtonly/2011_LZ_SPRITZ_199_Sarah-Iwanowski_Übers-Feld_pp.txt,2011,LZ,1760,0.1057181818285483,186.064000018245
78,1,369,2012_B_Die-Liebe-zur-Zeit-des-Mahlstädter-Kindes_Clemens-Setz_Kleine-braune-Tiere_pp.txt,C:/mallet/textkorpus/final_txtonly/2012_B_Die-Liebe-zur-Zeit-des-Mahlstädter-Kindes_Clemens-Setz_Kleine-braune-Tiere_pp.txt,2012,B,2978,0.250766931233885,746.7839212145095
78,2,1500,2022_LZ_SPRITZ_Klemen-Kordež_A-Gringo-Like-Me_pp.txt,C:/mallet/textkorpus/final_txtonly/2022_LZ_SPRITZ_Klemen-Kordež_A-Gringo-Like-Me_pp.txt,2022,LZ,876,0.4124652081751028,361.31952236139006
78,3,808,2016_LZ_SPRITZ_217_Corinna-Siegmund_Lucia_pp.txt,C:/mallet/textkorpus/final_txtonly/2016_LZ_SPRITZ_217_Corinna-Siegmund_Lucia_pp.txt,2016,LZ,1229,0.2811301390378456,345.50894087751226
79,1,548,2014_B_Urwaldgäste_Roman-Ehrlich_Eine-kleine-Einheit_pp.txt,C:/mallet/textkorpus/final_txtonly/2014_B_Urwaldgäste_Roman-Ehrlich_Eine-kleine-Einheit_pp.txt,2014,B,2434,0.2492831025838677,606.755071689134
79,2,1279,2020_OP_FF_Lifegamer_Minidrache_5eb17c6400032b7919365ef3_pp.txt,C:/mallet/textkorpus/final_txtonly/2020_OP_FF_Lifegamer_Minidrache_5eb17c6400032b7919365ef3_pp.txt,2020,OP,1822,0.2037144664966833,371.16775795695696
79,3,188,2010_LZ_SINN_6_Natascha-Wodin_Notturno_pp.txt,C:/mallet/textkorpus/final_txtonly/2010_LZ_SINN_6_Natascha-Wodin_Notturno_pp.txt,2010,LZ,2522,0.1299902582886615,327.83543140400434
80,1,900,2017_OP_FF_AngelHawk_Das-heimliche-Buch_59fd98d00003e2c82f9e84e3_pp.txt,C:/mallet/textkorpus/final_txtonly/2017_OP_FF_AngelHawk_Das-heimliche-Buch_59fd98d00003e2c82f9e84e3_pp.txt,2017,OP,2719,0.2698918178209383,733.8358526551312
80,2,1082,2019_LW_Bachmann_BKS-Publikumspreis_Ronya-Othmann_Vierundsiebzig_pp.txt,C:/mallet/textkorpus/final_txtonly/2019_LW_Bachmann_BKS-Publikumspreis_Ronya-Othmann_Vierundsiebzig_pp.txt,2019,LW,1736,0.223075941467671,387.2598343878769
80,3,153,2009_OP_FF_DawiL-Danger_Nachbarn_496a005a000041270c907530_pp.txt,C:/mallet/textkorpus/final_txtonly/2009_OP_FF_DawiL-Danger_Nachbarn_496a005a000041270c907530_pp.txt,2009,OP,2734,0.1214995418752815,332.17974748701965
81,1,1304,2020_OP_FF_Witness_Diese-Geschichte-verwischt-beim-Lesen_5f2eb6360002b7991a2d7fd8_pp.txt,C:/mallet/textkorpus/final_txtonly/2020_OP_FF_Witness_Diese-Geschichte-verwischt-beim-Lesen_5f2eb6360002b7991a2d7fd8_pp.txt,2020,OP,3309,0.1130207367930049,373.9856180480532
81,2,424,2012_LW_Bachmann_Bachmannpreis_Olga-Martynova_Ich-werde-sagen-Hi_pp.txt,C:/mallet/textkorpus/final_txtonly/2012_LW_Bachmann_Bachmannpreis_Olga-Martynova_Ich-werde-sagen-Hi_pp.txt,2012,LW,1242,0.2046344050682242,254.15593109473446
81,3,581,2014_LZ_SINN_4_Katharina-Winkler_Das-Dorf-der-blauen-Frauen_pp.txt,C:/mallet/textkorpus/final_txtonly/2014_LZ_SINN_4_Katharina-Winkler_Das-Dorf-der-blauen-Frauen_pp.txt,2014,LZ,2017,0.1174741133554224,236.945286637887
82,1,190,2010_LZ_SPRITZ_194_Ingo-Schulze_Sie-haben-ihr-Ziel-erreicht_pp.txt,C:/mallet/textkorpus/final_txtonly/2010_LZ_SPRITZ_194_Ingo-Schulze_Sie-haben-ihr-Ziel-erreicht_pp.txt,2010,LZ,2959,0.1849720692104596,547.33235279375
82,2,627,2015_B_Buch-gegen-das-Verschwinden_Ulrike-Almut-Sandig_Gegen-das-Verschwinden_pp.txt,C:/mallet/textkorpus/final_txtonly/2015_B_Buch-gegen-das-Verschwinden_Ulrike-Almut-Sandig_Gegen-das-Verschwinden_pp.txt,2015,B,2752,0.1691408887230576,465.4757257658545
82,3,854,2017_B_Die-stillen-Trabanten_Clemens-Meyer_Die-letzte-Fahrt-der-Strandbahn_pp.txt,C:/mallet/textkorpus/final_txtonly/2017_B_Die-stillen-Trabanten_Clemens-Meyer_Die-letzte-Fahrt-der-Strandbahn_pp.txt,2017,B,2099,0.1722001049939033,361.4480203822031
83,1,1125,2019_OP_FF_Cedric_Osterhasen-malen-nicht_5caa119a000aa7e69924616_pp.txt,C:/mallet/textkorpus/final_txtonly/2019_OP_FF_Cedric_Osterhasen-malen-nicht_5caa119a000aa7e69924616_pp.txt,2019,OP,1646,0.2422913186032957,398.8115104210247
83,2,1190,2020_B_Grundlagenforschung_Anke-Stelling_Grandezza-II_pp.txt,C:/mallet/textkorpus/final_txtonly/2020_B_Grundlagenforschung_Anke-Stelling_Grandezza-II_pp.txt,2020,B,1271,0.2453062205852189,311.7842063638132
83,3,633,2015_B_Feuerland_Mirko-Bonné_Finsterwald_pp.txt,C:/mallet/textkorpus/final_txtonly/2015_B_Feuerland_Mirko-Bonné_Finsterwald_pp.txt,2015,B,1765,0.1713619674889562,302.4538726180077
84,1,1258,2020_OP_FF_Aliana-Trapp_Ocean-Blue-Eyes_5eb98ff800099c28f009ecb_pp.txt,C:/mallet/textkorpus/final_txtonly/2020_OP_FF_Aliana-Trapp_Ocean-Blue-Eyes_5eb98ff800099c28f009ecb_pp.txt,2020,OP,3524,0.2472190704852227,871.2000043899249
84,2,1393,2021_OP_FF_Federhalter02_Feather-s-in-the-wind_60fb2ece000bae628429420_pp.txt,C:/mallet/textkorpus/final_txtonly/2021_OP_FF_Federhalter02_Feather-s-in-the-wind_60fb2ece000bae628429420_pp.txt,2021,OP,3215,0.1865472691933619,599.7494704566585
84,3,619,2014_OP_FF_Myrina_Sodom-und-Gomorrha_549c32d800042c1a33e30daf_pp.txt,C:/mallet/textkorpus/final_txtonly/2014_OP_FF_Myrina_Sodom-und-Gomorrha_549c32d800042c1a33e30daf_pp.txt,2014,OP,3648,0.1434046561870621,523.1401857704026
85,1,1424,2021_OP_FF_Vermis_Wie-die-Wilden_612f51b50000a6ea1e115008_pp.txt,C:/mallet/textkorpus/final_txtonly/2021_OP_FF_Vermis_Wie-die-Wilden_612f51b50000a6ea1e115008_pp.txt,2021,OP,2888,0.2509478770341876,724.7374688747337
85,2,747,2016_B_Fallensteller_Sasa-Stanisic_Billard-Kasatschok_pp.txt,C:/mallet/textkorpus/final_txtonly/2016_B_Fallensteller_Sasa-Stanisic_Billard-Kasatschok_pp.txt,2016,B,1597,0.1793275446781862,286.3860888510634
85,3,652,2015_LW_Bachmann_3sat-Preis_Dana-Grigorcea_Das-primäre-Gefühl-der-Schuldlosigkeit_AUSZUG_pp.txt,C:/mallet/textkorpus/final_txtonly/2015_LW_Bachmann_3sat-Preis_Dana-Grigorcea_Das-primäre-Gefühl-der-Schuldlosigkeit_AUSZUG_pp.txt,2015,LW,1464,0.1255961068598118,183.87270044276445
86,1,307,2011_LZ_SINN_6_Natascha-Wodin_Das-Ausland-des-Alterns_pp.txt,C:/mallet/textkorpus/final_txtonly/2011_LZ_SINN_6_Natascha-Wodin_Das-Ausland-des-Alterns_pp.txt,2011,LZ,4099,0.084987279567188,348.3628589459036
86,2,693,2015_LZ_SPRITZ_Sonderheft_Hendrik-Jackson_Verwandelte-Formen_pp.txt,C:/mallet/textkorpus/final_txtonly/2015_LZ_SPRITZ_Sonderheft_Hendrik-Jackson_Verwandelte-Formen_pp.txt,2015,LZ,2528,0.1360366050421249,343.9005375464917
86,3,50,2008_LZ_SPRITZ_186_Fatha-Sherko_Nachbar-und-Schreckgespenst-Eine-lange-Geschichte-missglückter-Integration-kurz-erzählt_pp.txt,C:/mallet/textkorpus/final_txtonly/2008_LZ_SPRITZ_186_Fatha-Sherko_Nachbar-und-Schreckgespenst-Eine-lange-Geschichte-missglückter-Integration-kurz-erzählt_pp.txt,2008,LZ,1198,0.2420206238998607,289.94070743203315
87,1,1054,2019_B_Entfernte-Geliebte_Maike-Wetzel_Geister_pp.txt,C:/mallet/textkorpus/final_txtonly/2019_B_Entfernte-Geliebte_Maike-Wetzel_Geister_pp.txt,2019,B,2660,0.1285577018754407,341.96348698867223
87,2,1566,2023_LZ_SINN_4_Erhard-Weinholz_Einfache-Rezepte_pp.txt,C:/mallet/textkorpus/final_txtonly/2023_LZ_SINN_4_Erhard-Weinholz_Einfache-Rezepte_pp.txt,2023,LZ,1396,0.1680557152612593,234.60577850471796
87,3,110,2009_LW_Münchner-KGW_2_Nicole-Makarewicz_Heisshunger_pp.txt,C:/mallet/textkorpus/final_txtonly/2009_LW_Münchner-KGW_2_Nicole-Makarewicz_Heisshunger_pp.txt,2009,LW,885,0.2573973647303145,227.79666778632833
88,1,93,2009_B_Ruhm_Daniel-Kehlmann_Ein-Beitrag-zur-Debatte_pp.txt,C:/mallet/textkorpus/final_txtonly/2009_B_Ruhm_Daniel-Kehlmann_Ein-Beitrag-zur-Debatte_pp.txt,2009,B,2082,0.2400730304167797,499.8320493277353
88,2,317,2011_LZ_SPRITZ_Sonderheft_Steffen-Popp_Materialien-zu-einem-Bericht_pp.txt,C:/mallet/textkorpus/final_txtonly/2011_LZ_SPRITZ_Sonderheft_Steffen-Popp_Materialien-zu-einem-Bericht_pp.txt,2011,LZ,1278,0.1841459665986817,235.33854531311522
88,3,1471,2022_LW_Bachmann_Kelag-Preis_Juan-S-Guse_Im-Falle-des-Druckabfalls_pp.txt,C:/mallet/textkorpus/final_txtonly/2022_LW_Bachmann_Kelag-Preis_Juan-S-Guse_Im-Falle-des-Druckabfalls_pp.txt,2022,LW,1334,0.1422175892531766,189.7182640637376
89,1,1504,2022_OP_FF_ChangelingBiRe_Sturmnacht_633714a00009ecfe34f207a0_pp.txt,C:/mallet/textkorpus/final_txtonly/2022_OP_FF_ChangelingBiRe_Sturmnacht_633714a00009ecfe34f207a0_pp.txt,2022,OP,3660,0.1757962163537602,643.4141518547623
89,2,1403,2021_OP_FF_Killua4707_Chrollo-x-Reader_60b3defe000d3fda37bb1090_pp.txt,C:/mallet/textkorpus/final_txtonly/2021_OP_FF_Killua4707_Chrollo-x-Reader_60b3defe000d3fda37bb1090_pp.txt,2021,OP,1528,0.2133989578843483,326.0736076472842
89,3,824,2016_OP_FF_dextro-energie_Kalle_581a369d00009914311bd9b7_pp.txt,C:/mallet/textkorpus/final_txtonly/2016_OP_FF_dextro-energie_Kalle_581a369d00009914311bd9b7_pp.txt,2016,OP,2099,0.0782741056825491,164.29734782767056
90,1,555,2014_LW_Bachmann_Ernst-Willner-Preis_Katharina-Gericke_DOWN-DOWN-DOWN-To-The-Queen-Of-Chinatown_pp.txt,C:/mallet/textkorpus/final_txtonly/2014_LW_Bachmann_Ernst-Willner-Preis_Katharina-Gericke_DOWN-DOWN-DOWN-To-The-Queen-Of-Chinatown_pp.txt,2014,LW,964,0.2610415224069163,251.64402760026732
90,2,122,2009_LW_Schreibwettbewerb-Literaturhaus-Zürich_06_Rita-Roedel_Kreuzstichordnung_pp.txt,C:/mallet/textkorpus/final_txtonly/2009_LW_Schreibwettbewerb-Literaturhaus-Zürich_06_Rita-Roedel_Kreuzstichordnung_pp.txt,2009,LW,500,0.4380813795493158,219.0406897746579
90,3,787,2016_LW_OpenMike_Rudi-Nuss_kurze-Szenerie-mit-Loch_pp.txt,C:/mallet/textkorpus/final_txtonly/2016_LW_OpenMike_Rudi-Nuss_kurze-Szenerie-mit-Loch_pp.txt,2016,LW,940,0.2044221209036628,192.15679364944302
91,1,303,2011_LZ_SINN_3_Christoph-Meckel_Russische-Zone_pp.txt,C:/mallet/textkorpus/final_txtonly/2011_LZ_SINN_3_Christoph-Meckel_Russische-Zone_pp.txt,2011,LZ,3357,0.2091518676696306,702.1228197669499
91,2,496,2013_LW_Bachmann_Bachmannpreis_Katja-Petrowskaja_Vielleicht-Esther_AUSZUG_pp.txt,C:/mallet/textkorpus/final_txtonly/2013_LW_Bachmann_Bachmannpreis_Katja-Petrowskaja_Vielleicht-Esther_AUSZUG_pp.txt,2013,LW,1281,0.2379872567650842,304.86167591607284
91,3,18,2008_LW_Bachmann_Publikumspreis_Tilman-Rammsted_Der-Kaiser-von-China_AUSZUG_pp.txt,C:/mallet/textkorpus/final_txtonly/2008_LW_Bachmann_Publikumspreis_Tilman-Rammsted_Der-Kaiser-von-China_AUSZUG_pp.txt,2008,LW,2011,0.122777255053346,246.9050599122788
92,1,901,2017_OP_FF_Blue-Raven_Trockener-Lachs-und-suesse-Einhoerner_594366480007b553116acb0e_pp.txt,C:/mallet/textkorpus/final_txtonly/2017_OP_FF_Blue-Raven_Trockener-Lachs-und-suesse-Einhoerner_594366480007b553116acb0e_pp.txt,2017,OP,3320,0.3052918554307453,1013.5689600300743
92,2,1401,2021_OP_FF_Jo-Anderson_Nikolaeuse-kuesst-man-nicht_61ad31a200037a88399cee9a_pp.txt,C:/mallet/textkorpus/final_txtonly/2021_OP_FF_Jo-Anderson_Nikolaeuse-kuesst-man-nicht_61ad31a200037a88399cee9a_pp.txt,2021,OP,2796,0.2664238066251534,744.920963323929
92,3,1502,2022_OP_FF_Bobby-Andrews_Blue-Birds_6350485c000e51833ad24e9d_pp.txt,C:/mallet/textkorpus/final_txtonly/2022_OP_FF_Bobby-Andrews_Blue-Birds_6350485c000e51833ad24e9d_pp.txt,2022,OP,3266,0.2132280232189142,696.4027238329738
93,1,1562,2023_LZ_SINN_1_Wolfgang-Kohlhaase_Onkel-hast-du-Feuer_pp.txt,C:/mallet/textkorpus/final_txtonly/2023_LZ_SINN_1_Wolfgang-Kohlhaase_Onkel-hast-du-Feuer_pp.txt,2023,LZ,2556,0.2549691874422302,651.7012431023403
93,2,153,2009_OP_FF_DawiL-Danger_Nachbarn_496a005a000041270c907530_pp.txt,C:/mallet/textkorpus/final_txtonly/2009_OP_FF_DawiL-Danger_Nachbarn_496a005a000041270c907530_pp.txt,2009,OP,2734,0.1100999385917267,301.0132321097808
93,3,104,2009_LW_Moerser-Literaturpreis_01_Christoph-Rehlinghaus_Nach-den-Sternen-greifen_pp.txt,C:/mallet/textkorpus/final_txtonly/2009_LW_Moerser-Literaturpreis_01_Christoph-Rehlinghaus_Nach-den-Sternen-greifen_pp.txt,2009,LW,1007,0.2175177921182799,219.04041666310786
94,1,969,2018_LZ_SINN_3_Georg-Klein_Arbeit-am-Blasator_pp.txt,C:/mallet/textkorpus/final_txtonly/2018_LZ_SINN_3_Georg-Klein_Arbeit-am-Blasator_pp.txt,2018,LZ,1413,0.1666645511521149,235.49701077793836
94,2,868,2017_LW_Bachmann_Kelag-Preis_Eckhart-Nickel_Hysteria_AUSZUG_pp.txt,C:/mallet/textkorpus/final_txtonly/2017_LW_Bachmann_Kelag-Preis_Eckhart-Nickel_Hysteria_AUSZUG_pp.txt,2017,LW,1519,0.128271698827071,194.84471051832088
94,3,374,2012_B_Kleine-Polizei-im-Schnee_Dietmar-Dath_Angegriffene_pp.txt,C:/mallet/textkorpus/final_txtonly/2012_B_Kleine-Polizei-im-Schnee_Dietmar-Dath_Angegriffene_pp.txt,2012,B,1155,0.1512009135471921,174.63705514700686
95,1,1450,2022_B_Damenbart_Sarah-Pines_Krabbencocktail_pp.txt,C:/mallet/textkorpus/final_txtonly/2022_B_Damenbart_Sarah-Pines_Krabbencocktail_pp.txt,2022,B,1705,0.2287058144159084,389.94341357912384
95,2,1442,2022_B_Damenbart_Sarah-Pines_Buffalo_pp.txt,C:/mallet/textkorpus/final_txtonly/2022_B_Damenbart_Sarah-Pines_Buffalo_pp.txt,2022,B,1574,0.1996231239402339,314.2067970819282
95,3,1443,2022_B_Damenbart_Sarah-Pines_Calimesa_pp.txt,C:/mallet/textkorpus/final_txtonly/2022_B_Damenbart_Sarah-Pines_Calimesa_pp.txt,2022,B,1558,0.1703925033977082,265.4715202936294
96,1,856,2017_B_Die-stillen-Trabanten_Clemens-Meyer_Die-stillen-Trabanten_pp.txt,C:/mallet/textkorpus/final_txtonly/2017_B_Die-stillen-Trabanten_Clemens-Meyer_Die-stillen-Trabanten_pp.txt,2017,B,2627,0.2499975203666431,656.7434860031715
96,2,434,2012_LW_Münchner-KGW_Ingrid-Svoboda_Kaspressknoedel_pp.txt,C:/mallet/textkorpus/final_txtonly/2012_LW_Münchner-KGW_Ingrid-Svoboda_Kaspressknoedel_pp.txt,2012,LW,1043,0.2965692382160244,309.32171545931345
96,3,777,2016_LW_Bachmann_BKS-Publikumspreis_Stefanie-Sargnagel_Penne-vom-Kika_pp.txt,C:/mallet/textkorpus/final_txtonly/2016_LW_Bachmann_BKS-Publikumspreis_Stefanie-Sargnagel_Penne-vom-Kika_pp.txt,2016,LW,1513,0.1846236193050797,279.33553600858556
97,1,36,2008_LW_Schreibwettbewerb-Literaturhaus-Zürich_07_Matthias-Amann_Wortlungen_pp.txt,C:/mallet/textkorpus/final_txtonly/2008_LW_Schreibwettbewerb-Literaturhaus-Zürich_07_Matthias-Amann_Wortlungen_pp.txt,2008,LW,1433,0.4181628000150427,599.2272924215562
97,2,499,2013_LW_Bachmann_Kelag-Preis_Verena-Güntner_Es-bringen_AUSZUG_pp.txt,C:/mallet/textkorpus/final_txtonly/2013_LW_Bachmann_Kelag-Preis_Verena-Güntner_Es-bringen_AUSZUG_pp.txt,2013,LW,1622,0.1771945678416208,287.40958903910894
97,3,1372,2021_LZ_SINN_6_Roswitha-Haring_Dreh-dich-nicht-um_pp.txt,C:/mallet/textkorpus/final_txtonly/2021_LZ_SINN_6_Roswitha-Haring_Dreh-dich-nicht-um_pp.txt,2021,LZ,1766,0.0952163160417674,168.15201412976123
98,1,40,2008_LZ_SINN_1_Volker-Braun_Machwerk-oder-das-Schichtbuch-des-Flick-von-Lauchhammer_pp.txt,C:/mallet/textkorpus/final_txtonly/2008_LZ_SINN_1_Volker-Braun_Machwerk-oder-das-Schichtbuch-des-Flick-von-Lauchhammer_pp.txt,2008,LZ,5101,0.1209397959390832,616.9138990852634
98,2,798,2016_LZ_SINN_2_Marie-Luise-Scherer_Das-Dorf_pp.txt,C:/mallet/textkorpus/final_txtonly/2016_LZ_SINN_2_Marie-Luise-Scherer_Das-Dorf_pp.txt,2016,LZ,2095,0.1240504666878299,259.88572771100365
98,3,1599,2023_OP_FF_Snoopy279_Pinguine-im-Altenheim_64293e660001367e2bfaeba1_pp.txt,C:/mallet/textkorpus/final_txtonly/2023_OP_FF_Snoopy279_Pinguine-im-Altenheim_64293e660001367e2bfaeba1_pp.txt,2023,OP,1559,0.1262768216960634,196.86556502416286
99,1,1360,2021_LZ_GRAMM_1_Clemens-Setz_Die-Übungen_pp.txt,C:/mallet/textkorpus/final_txtonly/2021_LZ_GRAMM_1_Clemens-Setz_Die-Übungen_pp.txt,2021,LZ,1114,0.3491704036689604,388.9758296872219
99,2,1058,2019_B_Entfernte-Geliebte_Maike-Wetzel_Leuchtend-rosa_pp.txt,C:/mallet/textkorpus/final_txtonly/2019_B_Entfernte-Geliebte_Maike-Wetzel_Leuchtend-rosa_pp.txt,2019,B,1178,0.2242000062848077,264.1076074035035
99,3,1037,2019_B_Der-Trost-runder-Dinge_Clemens-J-Setz_Frau-Triegler_pp.txt,C:/mallet/textkorpus/final_txtonly/2019_B_Der-Trost-runder-Dinge_Clemens-J-Setz_Frau-Triegler_pp.txt,2019,B,2994,0.0733046662994744,219.47417090062635
