ISBN,Buchtitel,Auflage,Publikationsort,Publisher,Publikationsjahr,Seitenzahl,Verfasser,Herausgeber,Übersetzer,keineRolle,sonstigeRolle,Gattung_Genre,Sprache,SpracheOriginal
,Der kleine Fürst,,Hamburg,Martin Kelter Verlag GmbH & Co. KG,2023,,"Maybach, Viola",,,,,,ger,
,Der kleine Fürst,,Hamburg,Martin Kelter Verlag GmbH & Co. KG,2023,,"Maybach, Viola",,,,,,ger,
,Der kleine Fürst,,Hamburg,Martin Kelter Verlag GmbH & Co. KG,2023,,"Maybach, Viola",,,,,,ger,
,Der kleine Fürst,,Hamburg,Martin Kelter Verlag GmbH & Co. KG,2023,,"Maybach, Viola",,,,,,ger,
,Der kleine Fürst,,Hamburg,Martin Kelter Verlag GmbH & Co. KG,2023,,"Maybach, Viola",,,,,,ger,
,Der kleine Fürst,,Hamburg,Martin Kelter Verlag GmbH & Co. KG,2023,,"Maybach, Viola",,,,,,ger,
,Der kleine Fürst,,Hamburg,Martin Kelter Verlag GmbH & Co. KG,2023,,"Maybach, Viola",,,,,,ger,
,Der kleine Fürst,,Hamburg,Martin Kelter Verlag GmbH & Co. KG,2023,,"Maybach, Viola",,,,,,ger,
,Der kleine Fürst,,Hamburg,Martin Kelter Verlag GmbH & Co. KG,2023,,"Maybach, Viola",,,,,,ger,
,Der kleine Fürst,,Hamburg,Martin Kelter Verlag GmbH & Co. KG,2023,,"Maybach, Viola",,,,,,ger,
,Der kleine Fürst,,Hamburg,Martin Kelter Verlag GmbH & Co. KG,2023,,"Maybach, Viola",,,,,,ger,
,Der kleine Fürst,,Hamburg,Martin Kelter Verlag GmbH & Co. KG,2023,,"Maybach, Viola",,,,,,ger,
,Der kleine Fürst,,Hamburg,Martin Kelter Verlag GmbH & Co. KG,2023,,"Maybach, Viola",,,,,,ger,
,Die schönsten Bergromane,,Köln,Bastei Lübbe GmbH & Co. KG,2023,,,,,,,,ger,
,Die schönsten Bergromane,,Köln,Bastei Lübbe GmbH & Co. KG,2023,,,,,,,,ger,
,Die schönsten Bergromane,,Köln,Bastei Lübbe GmbH & Co. KG,2023,,,,,,,,ger,
,Die schönsten Bergromane,,Köln,Bastei Lübbe GmbH & Co. KG,2023,,,,,,,,ger,
,Die schönsten Bergromane,,Köln,Bastei Lübbe GmbH & Co. KG,2023,,,,,,,,ger,
,Die schönsten Bergromane,,Köln,Bastei Lübbe GmbH & Co. KG,2023,,,,,,,,ger,
,Die schönsten Bergromane,,Köln,Bastei Lübbe GmbH & Co. KG,2023,,,,,,,,ger,
,Die schönsten Bergromane,,Köln,Bastei Lübbe GmbH & Co. KG,2023,,,,,,,,ger,
,Die schönsten Bergromane,,Köln,Bastei Lübbe GmbH & Co. KG,2023,,,,,,,,ger,
,Die schönsten Bergromane,,Köln,Bastei Lübbe GmbH & Co. KG,2023,,,,,,,,ger,
,Die schönsten Bergromane,,Köln,Bastei Lübbe GmbH & Co. KG,2023,,,,,,,,ger,
,Die schönsten Bergromane,,Köln,Bastei Lübbe GmbH & Co. KG,2023,,,,,,,,ger,
,Dr. Norden,,Hamburg,Kelter,2023,,,,,,,,ger,
,Dr. Norden,,Hamburg,Kelter,2023,,,,,,,,ger,
,Dr. Norden,,Hamburg,Kelter,2023,,,,,,,,ger,
,Dr. Norden,,Hamburg,Kelter,2023,,,,,,,,ger,
,Dr. Norden,,Hamburg,Kelter,2023,,,,,,,,ger,
,Dr. Norden,,Hamburg,Kelter,2023,,,,,,,,ger,
,Dr. Norden,,Hamburg,Kelter,2023,,,,,,,,ger,
,Dr. Norden,,Hamburg,Kelter,2023,,,,,,,,ger,
,Dr. Norden,,Hamburg,Kelter,2023,,,,,,,,ger,
,Dr. Norden,,Hamburg,Kelter,2023,,,,,,,,ger,
,Dr. Norden,,Hamburg,Kelter,2023,,,,,,,,ger,
,Dr. Norden,,Hamburg,Kelter,2023,,,,,,,,ger,
,Dr. Norden,,Hamburg,Kelter,2023,,,,,,,,ger,
,Dr. Norden,,Hamburg,Kelter,2023,,,,,,,,ger,
,Dr. Norden,,Hamburg,Kelter,2023,,,,,,,,ger,
,Dr. Norden,,Hamburg,Kelter,2023,,,,,,,,ger,
,Dr. Norden,,Hamburg,Kelter,2023,,,,,,,,ger,
,Dr. Norden,,Hamburg,Kelter,2023,,,,,,,,ger,
,Dr. Norden,,Hamburg,Kelter,2023,,,,,,,,ger,
,Dr. Norden,,Hamburg,Kelter,2023,,,,,,,,ger,
,Dr. Norden,,Hamburg,Kelter,2023,,,,,,,,ger,
,Dr. Norden,,Hamburg,Kelter,2023,,,,,,,,ger,
,Dr. Norden,,Hamburg,Kelter,2023,,,,,,,,ger,
,Dr. Norden,,Hamburg,Kelter,2023,,,,,,,,ger,
,Dr. Norden,,Hamburg,Kelter,2023,,,,,,,,ger,
,Dr. Norden,,Hamburg,Kelter,2023,,,,,,,,ger,
,Dr. Norden,,Hamburg,Kelter,2023,,,,,,,,ger,
,Fürstenkinder,,Hamburg,Kelter,2023,,,,,,,,ger,
,Fürstenkinder,,Hamburg,Kelter,2023,,,,,,,,ger,
,Fürstenkinder,,Hamburg,Kelter,2023,,,,,,,,ger,
,Fürstenkinder,,Hamburg,Kelter,2023,,,,,,,,ger,
,Fürstenkinder,,Hamburg,Kelter,2023,,,,,,,,ger,
,Fürstenkinder,,Hamburg,Kelter,2023,,,,,,,,ger,
,Fürstenkinder,,Hamburg,Kelter,2023,,,,,,,,ger,
,Fürstenkinder,,Hamburg,Kelter,2023,,,,,,,,ger,
,Fürstenkinder,,Hamburg,Kelter,2023,,,,,,,,ger,
,Fürstenkinder,,Hamburg,Kelter,2023,,,,,,,,ger,
,Fürstenkinder,,Hamburg,Kelter,2023,,,,,,,,ger,
,Fürstenkinder,,Hamburg,Kelter,2023,,,,,,,,ger,
,Fürstenkinder,,Hamburg,Kelter,2023,,,,,,,,ger,
,Fürstenkinder,,Hamburg,Kelter,2023,,,,,,,,ger,
,G-man Jerry Cotton,,Köln,Bastei Lübbe,2023,,,,,,,,ger,
,G-man Jerry Cotton,,Köln,Bastei Lübbe,2023,,,,,,,,ger,
,G-man Jerry Cotton,,Köln,Bastei Lübbe,2023,,,,,,,,ger,
,G-man Jerry Cotton,,Köln,Bastei Lübbe,2023,,,,,,,,ger,
,G-man Jerry Cotton,,Köln,Bastei Lübbe,2023,,,,,,,,ger,
,G-man Jerry Cotton,,Köln,Bastei Lübbe,2023,,,,,,,,ger,
,G-man Jerry Cotton,,Köln,Bastei Lübbe,2023,,,,,,,,ger,
,G-man Jerry Cotton,,Köln,Bastei Lübbe,2023,,,,,,,,ger,
,G-man Jerry Cotton,,Köln,Bastei Lübbe,2023,,,,,,,,ger,
,G-man Jerry Cotton,,Köln,Bastei Lübbe,2023,,,,,,,,ger,
,G-man Jerry Cotton,,Köln,Bastei Lübbe,2023,,,,,,,,ger,
,G.F. Unger,,Köln,Bastei Lübbe AG,2023,,,,,,,,ger,
,G.F. Unger,,Köln,Bastei Lübbe AG,2023,,,,,,,,ger,
,G.F. Unger,,Köln,Bastei Lübbe AG,2023,,,,,,,,ger,
,G.F. Unger,,Köln,Bastei Lübbe AG,2023,,,,,,,,ger,
,G.F. Unger,,Köln,Bastei Lübbe AG,2023,,,,,,,,ger,
,G.F. Unger,,Köln,Bastei Lübbe AG,2023,,,,,,,,ger,
,G.F. Unger,,Köln,Bastei Lübbe AG,2023,,,,,,,,ger,
,G.F. Unger,,Köln,Bastei Lübbe AG,2023,,,,,,,,ger,
,G.F. Unger,,Köln,Bastei Lübbe AG,2023,,,,,,,,ger,
,G.F. Unger,,Köln,Bastei Lübbe AG,2023,,,,,,,,ger,
,G.F. Unger,,Köln,Bastei Lübbe AG,2023,,,,,,,,ger,
,G.F. Unger,,Köln,Bastei Lübbe AG,2023,,,,,,,,ger,
,Jubiläums-Sammelband - 70 Jahre Bastei,,Köln,Bastei Lübbe AG,2023,63,,,,,,,ger,
,Jubiläums-Sammelband - 70 Jahre Bastei,,Köln,Bastei Lübbe AG,2023,63,,,,,,,ger,
,Jubiläums-Sammelband - 70 Jahre Bastei,,Köln,Bastei Lübbe AG,2023,65,,,,,,,ger,
,Jubiläums-Sammelband - 70 Jahre Bastei,,Köln,Bastei Lübbe AG,2023,63,,,,,,,ger,
,Jubiläums-Sammelband - 70 Jahre Bastei,,Köln,Bastei Lübbe AG,2023,63,,,,,,,ger,
,Jubiläums-Sammelband - 70 Jahre Bastei,,Köln,Bastei Lübbe AG,2023,63,,,,,,,ger,
,Jubiläums-Sammelband - 70 Jahre Bastei,,Köln,Bastei Lübbe AG,2023,63,,,,,,,ger,
,Jubiläums-Sammelband - 70 Jahre Bastei,,Köln,Bastei Lübbe AG,2023,65,,,,,,,ger,
,Winchester,,Bergisch-Gladbach,Lübbe,2023,,,,,,,,ger,
,Winchester,,Bergisch-Gladbach,Lübbe,2023,,,,,,,,ger,
,Winchester,,Bergisch-Gladbach,Lübbe,2023,,,,,,,,ger,
,Winchester,,Bergisch-Gladbach,Lübbe,2023,,,,,,,,ger,
,Winchester,,Bergisch-Gladbach,Lübbe,2023,,,,,,,,ger,
,Winchester,,Bergisch-Gladbach,Lübbe,2023,,,,,,,,ger,
,Winchester,,Bergisch-Gladbach,Lübbe,2023,,,,,,,,ger,
,Winchester,,Bergisch-Gladbach,Lübbe,2023,,,,,,,,ger,
,Winchester,,Bergisch-Gladbach,Lübbe,2023,,,,,,,,ger,
,Winchester,,Bergisch-Gladbach,Lübbe,2023,,,,,,,,ger,
,Winchester,,Bergisch-Gladbach,Lübbe,2023,,,,,,,,ger,
,Winchester,,Bergisch-Gladbach,Lübbe,2023,,,,,,,,ger,
,Winchester,,Bergisch-Gladbach,Lübbe,2023,,,,,,,,ger,
,Winchester,,Bergisch-Gladbach,Lübbe,2023,,,,,,,,ger,
,Arztromane,,Hamburg,Kelter,2022,,,,,,,,ger,
,Arztromane,,Hamburg,Kelter,2022,,,,,,,,ger,
,Arztromane,,Hamburg,Kelter,2022,,,,,,,,ger,
,Arztromane,,Hamburg,Kelter,2022,,,,,,,,ger,
,Arztromane,,Hamburg,Kelter,2022,,,,,,,,ger,
,Arztromane,,Hamburg,Kelter,2022,,,,,,,,ger,
,Arztromane,,Hamburg,Kelter,2022,,,,,,,,ger,
,Der kleine Fürst,,Hamburg,Martin Kelter Verlag GmbH & Co. KG,2022,,"Maybach, Viola",,,,,,ger,
,Der kleine Fürst,,Hamburg,Martin Kelter Verlag GmbH & Co. KG,2022,,"Maybach, Viola",,,,,,ger,
,Der kleine Fürst,,Hamburg,Martin Kelter Verlag GmbH & Co. KG,2022,,"Maybach, Viola",,,,,,ger,
,Der kleine Fürst,,Hamburg,Martin Kelter Verlag GmbH & Co. KG,2022,,"Maybach, Viola",,,,,,ger,
,Der kleine Fürst,,Hamburg,Martin Kelter Verlag GmbH & Co. KG,2022,,"Maybach, Viola",,,,,,ger,
,Der kleine Fürst,,Hamburg,Martin Kelter Verlag GmbH & Co. KG,2022,,"Maybach, Viola",,,,,,ger,
,Der kleine Fürst,,Hamburg,Martin Kelter Verlag GmbH & Co. KG,2022,,"Maybach, Viola",,,,,,ger,
,Der kleine Fürst,,Hamburg,Martin Kelter Verlag GmbH & Co. KG,2022,,"Maybach, Viola",,,,,,ger,
,Der kleine Fürst,,Hamburg,Martin Kelter Verlag GmbH & Co. KG,2022,,"Maybach, Viola",,,,,,ger,
,Der kleine Fürst,,Hamburg,Martin Kelter Verlag GmbH & Co. KG,2022,,"Maybach, Viola",,,,,,ger,
,Der kleine Fürst,,Hamburg,Martin Kelter Verlag GmbH & Co. KG,2022,,"Maybach, Viola",,,,,,ger,
,Der kleine Fürst,,Hamburg,Martin Kelter Verlag GmbH & Co. KG,2022,,"Maybach, Viola",,,,,,ger,
,Der kleine Fürst,,Hamburg,Martin Kelter Verlag GmbH & Co. KG,2022,,"Maybach, Viola",,,,,,ger,
,Der kleine Fürst,,Hamburg,Martin Kelter Verlag GmbH & Co. KG,2022,,"Maybach, Viola",,,,,,ger,
,Die schönsten Bergromane,,Köln,Bastei Lübbe GmbH & Co. KG,2022,,,,,,,,ger,
,Die schönsten Bergromane,,Köln,Bastei Lübbe GmbH & Co. KG,2022,,,,,,,,ger,
,Die schönsten Bergromane,,Köln,Bastei Lübbe GmbH & Co. KG,2022,,,,,,,,ger,
,Die schönsten Bergromane,,Köln,Bastei Lübbe GmbH & Co. KG,2022,,,,,,,,ger,
,Die schönsten Bergromane,,Köln,Bastei Lübbe GmbH & Co. KG,2022,,,,,,,,ger,
,Die schönsten Bergromane,,Köln,Bastei Lübbe GmbH & Co. KG,2022,,,,,,,,ger,
,Die schönsten Bergromane,,Köln,Bastei Lübbe GmbH & Co. KG,2022,,,,,,,,ger,
,Die schönsten Bergromane,,Köln,Bastei Lübbe GmbH & Co. KG,2022,,,,,,,,ger,
,Die schönsten Bergromane,,Köln,Bastei Lübbe GmbH & Co. KG,2022,,,,,,,,ger,
,Die schönsten Bergromane,,Köln,Bastei Lübbe GmbH & Co. KG,2022,,,,,,,,ger,
,Die schönsten Bergromane,,Köln,Bastei Lübbe GmbH & Co. KG,2022,,,,,,,,ger,
,Die schönsten Bergromane,,Köln,Bastei Lübbe GmbH & Co. KG,2022,,,,,,,,ger,
,Die schönsten Bergromane,,Köln,Bastei Lübbe GmbH & Co. KG,2022,,,,,,,,ger,
,Die schönsten Bergromane,,Köln,Bastei Lübbe GmbH & Co. KG,2022,,,,,,,,ger,
,Dr. Norden,,Hamburg,Kelter,2022,,,,,,,,ger,
,Dr. Norden,,Hamburg,Kelter,2022,,,,,,,,ger,
,Dr. Norden,,Hamburg,Kelter,2022,,,,,,,,ger,
,Dr. Norden,,Hamburg,Kelter,2022,,,,,,,,ger,
,Dr. Norden,,Hamburg,Kelter,2022,,,,,,,,ger,
,Dr. Norden,,Hamburg,Kelter,2022,,,,,,,,ger,
,Dr. Norden,,Hamburg,Kelter,2022,,,,,,,,ger,
,Dr. Norden,,Hamburg,Kelter,2022,,,,,,,,ger,
,Dr. Norden,,Hamburg,Kelter,2022,,,,,,,,ger,
,Dr. Norden,,Hamburg,Kelter,2022,,,,,,,,ger,
,Dr. Norden,,Hamburg,Kelter,2022,,,,,,,,ger,
,Dr. Norden,,Hamburg,Kelter,2022,,,,,,,,ger,
,Dr. Norden,,Hamburg,Kelter,2022,,,,,,,,ger,
,Dr. Norden,,Hamburg,Kelter,2022,,,,,,,,ger,
,Dr. Norden,,Hamburg,Kelter,2022,,,,,,,,ger,
,Dr. Norden,,Hamburg,Kelter,2022,,,,,,,,ger,
,Dr. Norden,,Hamburg,Kelter,2022,,,,,,,,ger,
,Dr. Norden,,Hamburg,Kelter,2022,,,,,,,,ger,
,Dr. Norden,,Hamburg,Kelter,2022,,,,,,,,ger,
,Dr. Norden,,Hamburg,Kelter,2022,,,,,,,,ger,
,Dr. Norden,,Hamburg,Kelter,2022,,,,,,,,ger,
,Dr. Norden,,Hamburg,Kelter,2022,,,,,,,,ger,
,Dr. Norden,,Hamburg,Kelter,2022,,,,,,,,ger,
,Dr. Norden,,Hamburg,Kelter,2022,,,,,,,,ger,
,Dr. Norden,,Hamburg,Kelter,2022,,,,,,,,ger,
,Dr. Norden,,Hamburg,Kelter,2022,,,,,,,,ger,
,Fürstenherz,,Hamburg,Martin Kelter Verlag GmbH & Co. KG,2022,,,,,,,,ger,
,Fürstenherz,,Hamburg,Martin Kelter Verlag GmbH & Co. KG,2022,,,,,,,,ger,
,Fürstenherz,,Hamburg,Martin Kelter Verlag GmbH & Co. KG,2022,,,,,,,,ger,
,Fürstenherz,,Hamburg,Martin Kelter Verlag GmbH & Co. KG,2022,,,,,,,,ger,
,Fürstenherz,,Hamburg,Martin Kelter Verlag GmbH & Co. KG,2022,,,,,,,,ger,
,Fürstenherz,,Hamburg,Martin Kelter Verlag GmbH & Co. KG,2022,,,,,,,,ger,
,Fürstenherz,,Hamburg,Martin Kelter Verlag GmbH & Co. KG,2022,,,,,,,,ger,
,Fürstenherz,,Hamburg,Martin Kelter Verlag GmbH & Co. KG,2022,,,,,,,,ger,
,Fürstenherz,,Hamburg,Martin Kelter Verlag GmbH & Co. KG,2022,,,,,,,,ger,
,Fürstenherz,,Hamburg,Martin Kelter Verlag GmbH & Co. KG,2022,,,,,,,,ger,
,Fürstenherz,,Hamburg,Martin Kelter Verlag GmbH & Co. KG,2022,,,,,,,,ger,
,Fürstenherz,,Hamburg,Martin Kelter Verlag GmbH & Co. KG,2022,,,,,,,,ger,
,Fürstenherz,,Hamburg,Martin Kelter Verlag GmbH & Co. KG,2022,,,,,,,,ger,
,Fürstenkinder,,Hamburg,Kelter,2022,,,,,,,,ger,
,Fürstenkinder,,Hamburg,Kelter,2022,,,,,,,,ger,
,Fürstenkinder,,Hamburg,Kelter,2022,,,,,,,,ger,
,Fürstenkinder,,Hamburg,Kelter,2022,,,,,,,,ger,
,Fürstenkinder,,Hamburg,Kelter,2022,,,,,,,,ger,
,Fürstenkinder,,Hamburg,Kelter,2022,,,,,,,,ger,
,Fürstenkinder,,Hamburg,Kelter,2022,,,,,,,,ger,
,Fürstenkinder,,Hamburg,Kelter,2022,,,,,,,,ger,
,Fürstenkinder,,Hamburg,Kelter,2022,,,,,,,,ger,
,Fürstenkinder,,Hamburg,Kelter,2022,,,,,,,,ger,
,Fürstenkinder,,Hamburg,Kelter,2022,,,,,,,,ger,
,Fürstenkinder,,Hamburg,Kelter,2022,,,,,,,,ger,
,Fürstenkinder,,Hamburg,Kelter,2022,,,,,,,,ger,
,G-man Jerry Cotton,,Köln,Bastei Lübbe,2022,,,,,,,,ger,
,G-man Jerry Cotton,,Köln,Bastei Lübbe,2022,,,,,,,,ger,
,G-man Jerry Cotton,,Köln,Bastei Lübbe,2022,,,,,,,,ger,
,G-man Jerry Cotton,,Köln,Bastei Lübbe,2022,,,,,,,,ger,
,G-man Jerry Cotton,,Köln,Bastei Lübbe,2022,,,,,,,,ger,
,G-man Jerry Cotton,,Köln,Bastei Lübbe,2022,,,,,,,,ger,
,G-man Jerry Cotton,,Köln,Bastei Lübbe,2022,,,,,,,,ger,
,G-man Jerry Cotton,,Köln,Bastei Lübbe,2022,,,,,,,,ger,
,G-man Jerry Cotton,,Köln,Bastei Lübbe,2022,,,,,,,,ger,
,G-man Jerry Cotton,,Köln,Bastei Lübbe,2022,,,,,,,,ger,
,G-man Jerry Cotton,,Köln,Bastei Lübbe,2022,,,,,,,,ger,
,G-man Jerry Cotton,,Köln,Bastei Lübbe,2022,,,,,,,,ger,
,G-man Jerry Cotton,,Köln,Bastei Lübbe,2022,,,,,,,,ger,
,G-man Jerry Cotton,,Köln,Bastei Lübbe,2022,,,,,,,,ger,
,G-man Jerry Cotton,,Köln,Bastei Lübbe,2022,,,,,,,,ger,
,G-man Jerry Cotton,,Köln,Bastei Lübbe,2022,,,,,,,,ger,
,G-man Jerry Cotton,,Köln,Bastei Lübbe,2022,,,,,,,,ger,
9783902714428,Gedichte & Geschichten,,Graz,Wir machen Kultur,2022,,,,,,,,ger,
9783902714428,Gedichte & Geschichten,,Graz,Wir machen Kultur,2022,,,,,,,,ger,
,Winchester,,Bergisch-Gladbach,Lübbe,2022,,,,,,,,ger,
,Winchester,,Bergisch-Gladbach,Lübbe,2022,,,,,,,,ger,
,Winchester,,Bergisch-Gladbach,Lübbe,2022,,,,,,,,ger,
,Winchester,,Bergisch-Gladbach,Lübbe,2022,,,,,,,,ger,
,Winchester,,Bergisch-Gladbach,Lübbe,2022,,,,,,,,ger,
,Winchester,,Bergisch-Gladbach,Lübbe,2022,,,,,,,,ger,
,Winchester,,Bergisch-Gladbach,Lübbe,2022,,,,,,,,ger,
,Winchester,,Bergisch-Gladbach,Lübbe,2022,,,,,,,,ger,
,Winchester,,Bergisch-Gladbach,Lübbe,2022,,,,,,,,ger,
,Winchester,,Bergisch-Gladbach,Lübbe,2022,,,,,,,,ger,
,Winchester,,Bergisch-Gladbach,Lübbe,2022,,,,,,,,ger,
,Winchester,,Bergisch-Gladbach,Lübbe,2022,,,,,,,,ger,
,Winchester,,Bergisch-Gladbach,Lübbe,2022,,,,,,,,ger,
,Der kleine Fürst,,Hamburg,Martin Kelter Verlag GmbH & Co. KG,2021,,"Maybach, Viola",,,,,,ger,
,Der kleine Fürst,,Hamburg,Martin Kelter Verlag GmbH & Co. KG,2021,,"Maybach, Viola",,,,,,ger,
,Der kleine Fürst,,Hamburg,Martin Kelter Verlag GmbH & Co. KG,2021,,"Maybach, Viola",,,,,,ger,
,Der kleine Fürst,,Hamburg,Martin Kelter Verlag GmbH & Co. KG,2021,,"Maybach, Viola",,,,,,ger,
,Der kleine Fürst,,Hamburg,Martin Kelter Verlag GmbH & Co. KG,2021,,"Maybach, Viola",,,,,,ger,
,Der kleine Fürst,,Hamburg,Martin Kelter Verlag GmbH & Co. KG,2021,,"Maybach, Viola",,,,,,ger,
,Der kleine Fürst,,Hamburg,Martin Kelter Verlag GmbH & Co. KG,2021,,"Maybach, Viola",,,,,,ger,
,Der kleine Fürst,,Hamburg,Martin Kelter Verlag GmbH & Co. KG,2021,,"Maybach, Viola",,,,,,ger,
,Der kleine Fürst,,Hamburg,Martin Kelter Verlag GmbH & Co. KG,2021,,"Maybach, Viola",,,,,,ger,
,Der kleine Fürst,,Hamburg,Martin Kelter Verlag GmbH & Co. KG,2021,,"Maybach, Viola",,,,,,ger,
,Der kleine Fürst,,Hamburg,Martin Kelter Verlag GmbH & Co. KG,2021,,"Maybach, Viola",,,,,,ger,
,Die schönsten Bergromane,,Köln,Bastei Lübbe GmbH & Co. KG,2021,,,,,,,,ger,
,Die schönsten Bergromane,,Köln,Bastei Lübbe GmbH & Co. KG,2021,,,,,,,,ger,
,Die schönsten Bergromane,,Köln,Bastei Lübbe GmbH & Co. KG,2021,,,,,,,,ger,
,Die schönsten Bergromane,,Köln,Bastei Lübbe GmbH & Co. KG,2021,,,,,,,,ger,
,Die schönsten Bergromane,,Köln,Bastei Lübbe GmbH & Co. KG,2021,,,,,,,,ger,
,Die schönsten Bergromane,,Köln,Bastei Lübbe GmbH & Co. KG,2021,,,,,,,,ger,
,Die schönsten Bergromane,,Köln,Bastei Lübbe GmbH & Co. KG,2021,,,,,,,,ger,
,Die schönsten Bergromane,,Köln,Bastei Lübbe GmbH & Co. KG,2021,,,,,,,,ger,
,Die schönsten Bergromane,,Köln,Bastei Lübbe GmbH & Co. KG,2021,,,,,,,,ger,
,Die schönsten Bergromane,,Köln,Bastei Lübbe GmbH & Co. KG,2021,,,,,,,,ger,
,Die schönsten Bergromane,,Köln,Bastei Lübbe GmbH & Co. KG,2021,,,,,,,,ger,
,Die schönsten Bergromane,,Köln,Bastei Lübbe GmbH & Co. KG,2021,,,,,,,,ger,
,Dr. Norden,,Hamburg,Kelter,2021,,,,,,,,ger,
,Dr. Norden,,Hamburg,Kelter,2021,,,,,,,,ger,
,Dr. Norden,,Hamburg,Kelter,2021,,,,,,,,ger,
,Dr. Norden,,Hamburg,Kelter,2021,,,,,,,,ger,
,Dr. Norden,,Hamburg,Kelter,2021,,,,,,,,ger,
,Dr. Norden,,Hamburg,Kelter,2021,,,,,,,,ger,
,Dr. Norden,,Hamburg,Kelter,2021,,,,,,,,ger,
,Dr. Norden,,Hamburg,Kelter,2021,,,,,,,,ger,
,Dr. Norden,,Hamburg,Kelter,2021,,,,,,,,ger,
,Dr. Norden,,Hamburg,Kelter,2021,,,,,,,,ger,
,Dr. Norden,,Hamburg,Kelter,2021,,,,,,,,ger,
,Dr. Norden,,Hamburg,Kelter,2021,,,,,,,,ger,
,Dr. Norden,,Hamburg,Kelter,2021,,,,,,,,ger,
,Dr. Norden,,Hamburg,Kelter,2021,,,,,,,,ger,
,Dr. Norden,,Hamburg,Kelter,2021,,,,,,,,ger,
,Dr. Norden,,Hamburg,Kelter,2021,,,,,,,,ger,
,Dr. Norden,,Hamburg,Kelter,2021,,,,,,,,ger,
,Dr. Norden,,Hamburg,Kelter,2021,,,,,,,,ger,
,Dr. Norden,,Hamburg,Kelter,2021,,,,,,,,ger,
,Dr. Norden,,Hamburg,Kelter,2021,,,,,,,,ger,
,Dr. Norden,,Hamburg,Kelter,2021,,,,,,,,ger,
,Dr. Norden,,Hamburg,Kelter,2021,,,,,,,,ger,
,Dr. Norden,,Hamburg,Kelter,2021,,,,,,,,ger,
,Dr. Norden,,Hamburg,Kelter,2021,,,,,,,,ger,
,Dr. Norden,,Hamburg,Kelter,2021,,,,,,,,ger,
,Edelweiß,,Hamburg,Martin Kelter Verlag GmbH & Co. KG,2021,,,,,,,,ger,
,Edelweiß,,Hamburg,Martin Kelter Verlag GmbH & Co. KG,2021,,,,,,,,ger,
,Edelweiß,,Hamburg,Martin Kelter Verlag GmbH & Co. KG,2021,,,,,,,,ger,
,Edelweiß,,Hamburg,Martin Kelter Verlag GmbH & Co. KG,2021,,,,,,,,ger,
,Edelweiß,,Hamburg,Martin Kelter Verlag GmbH & Co. KG,2021,,,,,,,,ger,
,Edelweiß,,Hamburg,Martin Kelter Verlag GmbH & Co. KG,2021,,,,,,,,ger,
,Fürstenherz,,Hamburg,Martin Kelter Verlag GmbH & Co. KG,2021,,,,,,,,ger,
,Fürstenherz,,Hamburg,Martin Kelter Verlag GmbH & Co. KG,2021,,,,,,,,ger,
,Fürstenherz,,Hamburg,Martin Kelter Verlag GmbH & Co. KG,2021,,,,,,,,ger,
,Fürstenherz,,Hamburg,Martin Kelter Verlag GmbH & Co. KG,2021,,,,,,,,ger,
,Fürstenherz,,Hamburg,Martin Kelter Verlag GmbH & Co. KG,2021,,,,,,,,ger,
,Fürstenherz,,Hamburg,Martin Kelter Verlag GmbH & Co. KG,2021,,,,,,,,ger,
,Fürstenherz,,Hamburg,Martin Kelter Verlag GmbH & Co. KG,2021,,,,,,,,ger,
,Fürstenherz,,Hamburg,Martin Kelter Verlag GmbH & Co. KG,2021,,,,,,,,ger,
,Fürstenherz,,Hamburg,Martin Kelter Verlag GmbH & Co. KG,2021,,,,,,,,ger,
,Fürstenherz,,Hamburg,Martin Kelter Verlag GmbH & Co. KG,2021,,,,,,,,ger,
,Fürstenherz,,Hamburg,Martin Kelter Verlag GmbH & Co. KG,2021,,,,,,,,ger,
,Fürstenherz,,Hamburg,Martin Kelter Verlag GmbH & Co. KG,2021,,,,,,,,ger,
,Fürstenherz,,Hamburg,Martin Kelter Verlag GmbH & Co. KG,2021,,,,,,,,ger,
,Fürstenherz,,Hamburg,Martin Kelter Verlag GmbH & Co. KG,2021,,,,,,,,ger,
,Fürstenherz,,Hamburg,Martin Kelter Verlag GmbH & Co. KG,2021,,,,,,,,ger,
,Fürstenherz,,Hamburg,Martin Kelter Verlag GmbH & Co. KG,2021,,,,,,,,ger,
,Fürstenherz,,Hamburg,Martin Kelter Verlag GmbH & Co. KG,2021,,,,,,,,ger,
,Fürstenherz,,Hamburg,Martin Kelter Verlag GmbH & Co. KG,2021,,,,,,,,ger,
,Fürstenherz,,Hamburg,Martin Kelter Verlag GmbH & Co. KG,2021,,,,,,,,ger,
,Fürstenherz,,Hamburg,Martin Kelter Verlag GmbH & Co. KG,2021,,,,,,,,ger,
,Fürstenherz,,Hamburg,Martin Kelter Verlag GmbH & Co. KG,2021,,,,,,,,ger,
,Fürstenherz,,Hamburg,Martin Kelter Verlag GmbH & Co. KG,2021,,,,,,,,ger,
,Fürstenherz,,Hamburg,Martin Kelter Verlag GmbH & Co. KG,2021,,,,,,,,ger,
,Fürstenherz,,Hamburg,Martin Kelter Verlag GmbH & Co. KG,2021,,,,,,,,ger,
,Fürstenherz,,Hamburg,Martin Kelter Verlag GmbH & Co. KG,2021,,,,,,,,ger,
,Fürstenkinder,,Hamburg,Kelter,2021,,,,,,,,ger,
,Fürstenkinder,,Hamburg,Kelter,2021,,,,,,,,ger,
,Fürstenkinder,,Hamburg,Kelter,2021,,,,,,,,ger,
,Fürstenkinder,,Hamburg,Kelter,2021,,,,,,,,ger,
,Fürstenkinder,,Hamburg,Kelter,2021,,,,,,,,ger,
,Fürstenkinder,,Hamburg,Kelter,2021,,,,,,,,ger,
,Fürstenkinder,,Hamburg,Kelter,2021,,,,,,,,ger,
,Fürstenkinder,,Hamburg,Kelter,2021,,,,,,,,ger,
,Fürstenkinder,,Hamburg,Kelter,2021,,,,,,,,ger,
,Fürstenkinder,,Hamburg,Kelter,2021,,,,,,,,ger,
,Fürstenkinder,,Hamburg,Kelter,2021,,,,,,,,ger,
,Fürstenkinder,,Hamburg,Kelter,2021,,,,,,,,ger,
,G-man Jerry Cotton,,Köln,Bastei Lübbe,2021,,,,,,,,ger,
,G-man Jerry Cotton,,Köln,Bastei Lübbe,2021,,,,,,,,ger,
,G-man Jerry Cotton,,Köln,Bastei Lübbe,2021,,,,,,,,ger,
,G-man Jerry Cotton,,Köln,Bastei Lübbe,2021,,,,,,,,ger,
,G-man Jerry Cotton,,Köln,Bastei Lübbe,2021,,,,,,,,ger,
,G-man Jerry Cotton,,Köln,Bastei Lübbe,2021,,,,,,,,ger,
,G-man Jerry Cotton,,Köln,Bastei Lübbe,2021,,,,,,,,ger,
,G-man Jerry Cotton,,Köln,Bastei Lübbe,2021,,,,,,,,ger,
,G-man Jerry Cotton,,Köln,Bastei Lübbe,2021,,,,,,,,ger,
,G-man Jerry Cotton,,Köln,Bastei Lübbe,2021,,,,,,,,ger,
,G-man Jerry Cotton,,Köln,Bastei Lübbe,2021,,,,,,,,ger,
,G-man Jerry Cotton,,Köln,Bastei Lübbe,2021,,,,,,,,ger,
,Heimatliebe,,Bergisch Gladbach,Lübbe,2021,,,,,,,,ger,
,Heimatliebe,,Bergisch Gladbach,Lübbe,2021,,,,,,,,ger,
,Kelter Liebesroman,,Hamburg,Kelter,2021,,,,,,,,ger,
,Kelter Liebesroman,,Hamburg,Kelter,2021,,,,,,,,ger,
,Kelter Liebesroman,,Hamburg,Kelter,2021,,,,,,,,ger,
,Kelter Liebesroman,,Hamburg,Kelter,2021,,,,,,,,ger,
,Kelter Liebesroman,,Hamburg,Kelter,2021,,,,,,,,ger,
,Wild West,,Hamburg,Martin Kelter Verlag GmbH & Co. KG,2021,,,,,,,,ger,
,Wild West,,Hamburg,Martin Kelter Verlag GmbH & Co. KG,2021,,,,,,,,ger,
,Wild West,,Hamburg,Martin Kelter Verlag GmbH & Co. KG,2021,,,,,,,,ger,
,Wild West,,Hamburg,Martin Kelter Verlag GmbH & Co. KG,2021,,,,,,,,ger,
,Wild West,,Hamburg,Martin Kelter Verlag GmbH & Co. KG,2021,,,,,,,,ger,
,Wild West,,Hamburg,Martin Kelter Verlag GmbH & Co. KG,2021,,,,,,,,ger,
,Wild West,,Hamburg,Martin Kelter Verlag GmbH & Co. KG,2021,,,,,,,,ger,
,Wild West,,Hamburg,Martin Kelter Verlag GmbH & Co. KG,2021,,,,,,,,ger,
,Wild West,,Hamburg,Martin Kelter Verlag GmbH & Co. KG,2021,,,,,,,,ger,
,Winchester,,Bergisch-Gladbach,Lübbe,2021,,,,,,,,ger,
,Winchester,,Bergisch-Gladbach,Lübbe,2021,,,,,,,,ger,
,Winchester,,Bergisch-Gladbach,Lübbe,2021,,,,,,,,ger,
,Winchester,,Bergisch-Gladbach,Lübbe,2021,,,,,,,,ger,
,Winchester,,Bergisch-Gladbach,Lübbe,2021,,,,,,,,ger,
,Winchester,,Bergisch-Gladbach,Lübbe,2021,,,,,,,,ger,
,Winchester,,Bergisch-Gladbach,Lübbe,2021,,,,,,,,ger,
,Winchester,,Bergisch-Gladbach,Lübbe,2021,,,,,,,,ger,
,Winchester,,Bergisch-Gladbach,Lübbe,2021,,,,,,,,ger,
,Winchester,,Bergisch-Gladbach,Lübbe,2021,,,,,,,,ger,
,Winchester,,Bergisch-Gladbach,Lübbe,2021,,,,,,,,ger,
,Winchester,,Bergisch-Gladbach,Lübbe,2021,,,,,,,,ger,
,Winchester,,Bergisch-Gladbach,Lübbe,2021,,,,,,,,ger,
9783896503633; 9783896503633,Faksimile Edition,2. Aufl.,Stamsried,Vögel,2013,35,"Lauerer, Toni",,,,,,ger,
9783896503633; 9783896503633,Faksimile Edition,2. Aufl.,Stamsried,Vögel,2013,35,"Lauerer, Toni",,,,,,ger,
,Geschichten aus der Gruselgruft,,Kerpen-Türnich,Romantruhe-Buchversand,2012,66,,,,,"Morland, Jack",,ger,
,Geschichten aus der Gruselgruft,,Kerpen-Türnich,Romantruhe-Buchversand,2012,68,,,,,"Morton, Frank",,ger,
,Geschichten aus der Gruselgruft,,Kerpen-Türnich,Romantruhe-Buchversand,2012,66,,,,,"Morland, Jack",,ger,
,Geschichten aus der Gruselgruft,,Kerpen-Türnich,Romantruhe-Buchversand,2012,68,,,,,"Morton, Frank",,ger,
,Geschichten aus der Gruselgruft,,Kerpen-Türnich,Romantruhe-Buchversand,2011,68,,,,,"Collins, Bob",,ger,
,Geschichten aus der Gruselgruft,,Kerpen-Türnich,Romantruhe-Buchversand,2011,68,,,,,"Morton, Frank",,ger,
,Geschichten aus der Gruselgruft,,Kerpen-Türnich,Romantruhe-Buchversand,2011,68,,,,,"Collins, Bob",,ger,
,Geschichten aus der Gruselgruft,,Kerpen-Türnich,Romantruhe-Buchversand,2011,68,,,,,"Collins, Bob",,ger,
,Geschichten aus der Gruselgruft,,Kerpen-Türnich,Romantruhe-Buchversand,2011,68,,,,,"Morton, Frank",,ger,
,"Bilder, Vaarschle un Geschichten",,Aue,Rockstroh,2010,58,"Trültzsch, Roland",,,,,,ger,
,"Bilder, Vaarschle un Geschichten",,Aue,Rockstroh,2010,58,"Trültzsch, Roland",,,,,,ger,
,"Geschichten, die das Leben schreibt",,Aschersleben,Das etwas andere Antiquariat,2010,28,"Malcherek, Bernd",,,,,,ger,
,"Geschichten, die das Leben schreibt",,Aschersleben,Das etwas andere Antiquariat,2010,28,"Malcherek, Bernd",,,,,,ger,
9783866474383,Sherlock Holmes,,Köln,Anaconda,2009,160,"Doyle, Arthur Conan",,"Kilian, Kai",,,"Anthologie; Anthologie; Krimis, Thriller, Spionage",ger,eng
9783866474383,Sherlock Holmes,,Köln,Anaconda,2009,160,"Doyle, Arthur Conan",,"Kilian, Kai",,,"Anthologie; Anthologie; Krimis, Thriller, Spionage",ger,eng
9783866472389,Das Urteil und andere Erzählungen,,Köln,Anaconda,2008,160,"Kafka, Franz",,,,,,ger,
9783866472389,Das Urteil und andere Erzählungen,,Köln,Anaconda,2008,160,"Kafka, Franz",,,,,,ger,
