koerperschaft_id;koerperschaft_name
1;"""Grüne Aue"""
2;#BerlinAuthors
3;/
4;175er Verlag
5;1Druck, DIVO
6;27amigos
7;2A-Verlag, Akademie Freier Autoren e.V.
8;3. Oktober – Deutschland singt und klingt
9;360 Grad Verlag GmbH
10;3VerSchreiber
11;7Sterne-Ed.
12;A. Agic
13;A. Delon
14;A. Fritz Verlag
15;A. Hennig
16;A. Jochim Vela-Verlag
17;A. Springer
18;A.E. Johann-Gesellschaft e.V.
19;A.P.P. Verlag
20;A1 Verlag
21;A7L Thrilling Books Limited
22;AAVAA Verlag
23;AB - Die Andere Bibliothek
24;AB - Die Andere Bibliothek GmbH & Co. KG
25;AB, TravenBooks
26;AB1-Dr. & Verl.
27;ABLIT-Verl.
28;AGIRO Verlag
29;AGMA - Christlicher Buchverl.
30;AIKA Consulting GmbH
31;AJSP
32;AJZ-Dr. & Verl.
33;AKU!
34;AME Stöpel
35;APOLLON TEMPEL VERLAG
36;APRYCOT
37;ARW
38;AS Verlag
39;AT-Verl.
40;ATE
41;AUMAYER
42;AVM
43;Aaronis Coll.
44;Abera
45;Abl Verlag
46;Acabus Verlag
47;Achertäler Druckerei
48;Achter Verlag
49;Achterland
50;Adalbert-Stifter-Institut des Landes Oberösterreich / StifterHaus
51;Adlerstein-Verlag
52;Adlibri-Verl.
53;Adolf Dahlfeld Erben
54;Adonia
55;Advent-Wohlfahrtswerk Seniorenheim Neandertal gmbH
56;Adwork Köln - Halven Hahn Produktion
57;Afra-Sonnensturm-Verl.
58;AfricAvenir - Exchange & Dialogue
59;Afusoft
60;Agade Publ. House
61;Agenda Verlag
62;Agentur des Rauhen Hauses Hamburg
63;Agon-Sportverl.
64;Agroplant
65;Ahead and Amazing
66;Aisthesis Verlag
67;Akad.-Verl.
68;Akademie der Künste
69;Akademos
70;Akazia Verlag
71;Akazien Verlag
72;Alba Trust
73;Albatros
74;Alcorde Verlag
75;Alea Libris Verlag
76;Aleph Verlag
77;Alexander, Darleen
78;Alfa-Veda-Verlag
79;Alfred Kröner Verlag
80;Ali Hensel
81;Alibri-Verl.
82;Alkyon-Buchverl.
83;Allegria
84;Allitera Verlag
85;Almadinah gUG
86;Almanach-Ed.
87;Almus-Verl.
88;Almáriom
89;Alois Epple
90;Alpenpost Verl.
91;Alpha Litart
92;Alphabeta
93;Altan
94;Alte-Jeetzel-Buchh. und Verl.
95;Altis-Verlag
96;Altius
97;Amalthea
98;Amalthea Signum
99;Amative Publ.***5246918
100;Amazon Distribution
101;Amazon Media EU S.à r.l.
102;Ambaum-Verl.
103;Ambiente-Krimis
104;Amdora-Verlag
105;Amicus
106;Ammann
107;Ammersee Verlag
108;Ammianus-Verlag
109;Amonja Publishing
110;Amrûn Verlag
111;Amrûn-Verl.
112;AnOA edition
113;Anaconda Verlag
114;Ancient Mail Verlag Werner Betz
115;Anderland Books
116;Anderslieben Verlag Heckmann & Meinzer
117;Andiamo
118;Andra-Danu-Verl.
119;AndreBuch-Verl.
120;AndreBuchVerlag
121;Andres
122;Andresen
123;Angele
124;Angelika Lenz Verlag
125;Angst & Schrecken
126;Anikkänbrö & Knetemelk
127;Ankerherz
128;Anno-Verlag
129;Ansichtssache - Agentur für Gestaltung
130;Anthea-Verlag
131;Anton H. Konrad Verlag
132;Anuschka Weyand Buchverlag
133;Aphaia-Verl.
134;AphorismA
135;Apollon Tempel Verlag
136;Apollon-Verl.
137;Appenzeller Verlag
138;Appenzeller Volksfreund
139;April G. Dark c/o Gabriela Schmid
140;Aquensis
141;Arachne Verlag
142;Arbeitsgemeinschaft Selbstständiger Migranten e.V.
143;Arbeitskreis der Gleichstellungsbeauftragten des Märkischen Kreises, Arbeitskreis der Gleichstellungsbeauftragten des Märkischen
144;Arbeitskreis für Dorfentwicklung und Heimatpflege
145;Arcanum Fantasy Verlag
146;Arche
147;Archipel
148;Arco
149;Arcos-Verl.
150;Ardey-Verlag
151;Arete-Verl.
152;Argument Verlag
153;Arkade
154;Arkani Verlag
155;Armin-T-Wegner-Ges.
156;Arnshaugk
157;Arovell Verlag
158;Ars Edition
159;Ars Una
160;Ars Vivendi
161;Ars et Unitas
162;Art In Flow
163;Art Skript Phantastik
164;ArteMedia
165;Artemis & Winkler
166;Artemis und Winkler
167;Artio Wortkunstverlag
168;Artpress
169;Arunya-Verlag
170;Asaro Verlag
171;Aschenbeck-Verl.
172;Aschendorff Verlag
173;Ashera Verlag
174;Askan - Familienforschung & Heimatkunde, Bärbel und Beatrice Barnehl GbR
175;Asmussen
176;Asoka
177;Aspera* Verlag für Kunst, Kultur und Hoffnung
178;Asphalt-&-Anders-Verl.
179;Astrid Verlag
180;Atelier & Verlag Reinhard Fritz
181;Atelier Coaching & Training
182;Atelier Colorwaves
183;Atelier Margits Art
184;Atelier Monika Stocker
185;Athena-Verlag
186;Athene Media
187;Athesia Verlag
188;Atlantik Verlag
189;Atlantis
190;Aton
191;Atrioc-Verl.
192;Atrium Verlag
193;Attenkofer
194;Attoverl.
195;Audio-To-Go Publishing Ltd.
196;Aufbau Verlag
197;Aufland-Verl.
198;Augen Auf Verlag
199;August-von-Goethe-Literaturverl.
200;Augusta Presse- und Verlags GmbH
201;Aumayer
202;Aurinia
203;Auslesen-Verl.
204;Aussaat
205;Authal-Verl.
206;Autoren Netzwerk
207;Autoren-Feder-Verl.
208;Autorenforum Köln e.V., Autorenforum Köln e.V.
209;Autorengruppe Märkischer Kreis
210;Autorenkollektiv Nord c/o Sören Steding
211;Autorenkreis Ruhr-Mark e.V.
212;Autorenquelle Limburg
213;Autumnus Verlag
214;Avanti-Verl.
215;Ave
216;Avinus
217;AvivA
218;Avocado Verlag
219;Axiomy Verlag
220;Axon
221;Ayon-Verlag
222;Ayurveda-Verein Nexenhof
223;Azur
224;B. Kühlen Verlag
225;B. Mastori
226;B. Montua
227;B.R. Filtec GmbH c/o Tahja Bennet
228;BACOPA VERLAG
229;BC Publications
230;BE, Belle Epoque Verlag
231;BE, Belle Époque Verlag
232;BELLA triste e.V.
233;BGG-Verlag
234;BHN Books, Verlag Alexander Hinz
235;BJ-Autorenservice.de
236;BLB
237;BMV-Verl. Burau
238;BOAS-Verl.
239;BOKEN Regionalverlag
240;BOOKSun-Limited
241;BROTLOS Verlag
242;BS Verlag Rostock
243;BS motor Vertriebs und Verlags GmbH
244;BSH-Verl.
245;BUCHER
246;BVK, Buch-Verl. Kempen
247;BVK, Buchverl. Krefeld
248;BVjA e.V.
249;Baaltis Austria
250;Baar
251;Bachem
252;Bachem, J P
253;Bachem, J. P., Verlag GmbH
254;Bacopa Verlag
255;Badischer Landwirtschafts-Verl.
256;BadnerBuch-Verl.
257;Baeschlin Verlag
258;Bahnmayer
259;Baier
260;Baier-BPB-Verl.
261;Balaena-Verlag
262;BaltArtGmbH Switzerland
263;Balthasar-Verl.
264;Baltica-Verl. Glücksburg
265;Bar-Verlag
266;Bartels & Bleil, Verlag für ästhetischen Widerstand
267;Bartlmüllner
268;Barton Verlag
269;BasisDruck Verlag
270;Bassermann
271;Bastei Lübbe
272;Bauer
273;Bauer-Verlag
274;Baumann Verlag
275;Bautz
276;Bayer Verlag
277;Bayerischer Poeten- & Belletristik-Verlag
278;Bayerland
279;Be + Be
280;Be+Be-Verlag
281;Be.bra-Verl.
282;BeJot
283;Beck
284;Beck, C H
285;Begedia Verlag
286;Begegnungen - Verlag für Natur und Leben
287;Beggerow
288;Belletris-Verl.
289;Belser
290;Beltz
291;Beluga-Verl.
292;Benedetto-Verl.
293;Benevento
294;Benguela Publ.
295;Benteli
296;Berchtesgadener Anzeiger
297;Berchtold-Haller-Verl.
298;Berenkamp
299;Berger
300;Bergischer Verlag
301;Bergmann Verlag
302;Bergstadtverl. Korn
303;Bergverein zu Hüttenrode e.V.
304;Berlin Univ. Press
305;Berlin Verlag
306;Berliner Kreis
307;Berliner Taschenbuch-Verl.
308;Bernardus
309;Bernardus-Verl.
310;Berner Schriftstellerinnen- und Schriftsteller-Verein
311;Bernewitz, Paul
312;Bernstein-Verl.
313;Bernstein-Verlag
314;Bertelsmann
315;Bertram
316;Bertuch Verlag GmbH
317;Best-Off-Verlag
318;Betz
319;Beurenia-Verl. Joos
320;Beyond-Affinity-Verl.
321;Biberacher Verlagsdruckerei
322;Biberacher Verlagsdruckerei GmbH & Co. KG
323;Bibliogr. Inst.
324;Bibliothek der Provinz GmbH
325;Bild und Heimat
326;BildSpracheWortLaut
327;Bilderstöckchen-Buchvertrieb
328;Birgit Otten c/o Papyrus Autoren-Club
329;Birkhäuser
330;Birnbaum
331;Black Library
332;Black Umbrella Publisching
333;Black Umbrella Publishing
334;Blackelephant Publishing
335;Blaetterhaus
336;Blanvalet
337;Blatt-Verl.
338;Blattlaus Verlag
339;Blattlaus-Verlag
340;Blauer Punkt Verlag Fasson M
341;Blaukreuz-Verlag
342;Blaulicht-Verlag
343;Blitz
344;Blix - der neue Selbstverl.
345;Block-Verlag
346;Blohn
347;Bloomsbury Taschenbuch
348;Blue Panther Books
349;BlueStar-Verl.
350;Blumenbar-Verl.
351;BoD - Books on Demand
352;Bock + Herchen
353;Bodan
354;Boder
355;Bodner
356;Boer Verlag
357;Boesche
358;Boje
359;Boldt-Literaturverl.
360;Bon-say-Verl.
361;Bonifatius
362;BookRix GmbH & Co. KG
363;Booklover Verlag
364;Bookmundo Osiander
365;Books-and-bytes
366;Bookspot-Verl.
367;Bouvier Verlag
368;Bovis-Verl.
369;Boxan
370;Brack Verlag
371;"Brandenburgische Genealogische Ges. ""Roter Adler"""
372;Brandes
373;Brandes & Apsel
374;Brandstätter Verlag
375;Braumüller GmbH
376;Braun
377;Brauseboys
378;Bremer Tageszeitungen AG
379;Brendel
380;Brendle
381;Brendow Verlag
382;Brighton GROUP GmbH
383;Brighton Verlag
384;Brimborium Verlag
385;Brinkmann & Bose
386;Brockhaus
387;Brockmeyer Verlag
388;Brot & Spiele Verlag
389;Brune-Mettcker Druck- und Verlags-GmbH
390;Brunnen Verlag
391;Brunner Medien AG
392;Brückenbauer Verlag
393;Brückenschreiber Koblenz
394;Buch & Bild Verlag
395;Buch & Media
396;Buch & Stabe Verlag
397;Buch Edition Berlin
398;Buch Salon Walbach
399;Buch und Ich Tara Dierck
400;Buch&Media
401;Buch- und Kunstverlag Oberpfalz
402;Buch-Verl. Kempen
403;Buch.Macher
404;BuchHandelsGesellschaft
405;BuchHaus-Verl.
406;BuchVerlag Leipzig GmbH
407;BuchWerkstatt Berlin
408;Bucher Verlag GmbH
409;Buchet Chastel
410;Buchhandlung Beim Augarten
411;Buchhandlung Grimpe
412;Buchkontor Teltow
413;Buchlader
414;Buchmodul.ch
415;Buchschmiede von Dataform Media GmbH
416;Buchverlag Andrea Schmitz
417;Buchverlag Andrea Stangl
418;Buchverlag Peter Hellmund
419;Buchwerk Verlag
420;Buchwerkstatt
421;Budde-Haus – Soziokulturelles Zentrum Leipzig-Gohlis
422;Bund für Dt. Schrift und Sprache
423;Bundesverb. Alphabetisierung und Grundbildung
424;Bundesverband Junger Autoren und Autorinnen e.V.
425;Bundesverband junger Autoren und Autorinnen (BVjA)
426;Bundeswettbewerbe der Berliner Festspiele
427;Burg Verlag
428;Burgenländisch-Hianzische Gesellschaft
429;Burgenwelt Verlag
430;Burghügelverl.
431;Burkana-Verl.
432;Busch Books
433;Butze
434;Butzon & Bercker
435;Bvv, Buchvolkverl.
436;Bächtold
437;Bäßler
438;Böhland & Schremmer Verlag
439;Böhlau-Verlag
440;Böhme
441;BördeAutoren e.V.
442;Bübül Verlag
443;Büchergilde Gutenberg
444;Bücherplantage UG
445;Büchner
446;Büchner-Verlag
447;Büchse der Pandora
448;Bürger- und Heimatverein Barßel e.V.
449;Bürgerstiftung Düren
450;Büro Wilhelm Verlag
451;C & N
452;C&C - Contact & Creation
453;C. Bertelsmann
454;C. M. Brendle Verlag
455;C. Simon
456;C.-P. Peters
457;C.F. Portmann Verlag
458;C.H. Beck
459;C.W. Leske Verlag
460;CARDAMINA VERLAG Susanne Breuel
461;CARE Deutschland e.V
462;CAT creativ + Papierfresserchens MTM-Verlag
463;CBK-Productions
464;CHORA
465;CINDIGO
466;CLIO
467;CLV, Christliche Literatur-Verbreitung
468;CM Medienverlag
469;CMS Verlagsgesellschaft
470;CMZ
471;COD-Verl.
472;CSV, Verl. Christliche Schriftenverbreitung
473;CTM Lesekultur, Christine Reiter
474;CW Niemeyer Buchverlag GmbH
475;Calambac Verlag
476;Calderan
477;Callwey
478;Calvendo Verlag GmbH
479;Cameo
480;Candela
481;Caput Musikverlag
482;Caracol Verlag
483;Cardamina-Verl. Breuel
484;Care-Line
485;Carin Müller c/o Die Bücherfee Karina Reiß
486;Carinus Rotlinde c/o autorenglück.de
487;Carl Hanser Verlag
488;Carl Schünemann Verlag
489;Carl Stephenson Verlag
490;Carl-Auer Verlag GmbH
491;Carla Eisfeldt c/o Block Services
492;Carlesso Verlag
493;Carow Verlag
494;CarpeGusta
495;Cartagena
496;CeS V
497;Celtic Rose
498;Cenarius
499;Centre National de Littérature
500;Ch. Möllmann
501;Chaospony Verlag
502;Chaotic-Revelry-Verl.
503;Charles Verlag
504;Chasa Editura Rumantscha
505;Chat Noir
506;Chawila
507;Cherrytea Verlag
508;Chiliverlag
509;Chill Media
510;China Fan Verlag
511;Christel Göttert Verlag
512;Christliche Schriftenverbreitung
513;Christliche Verlagsgesellschaft
514;Christoph Merian Verlag
515;Chronos
516;CiTi
517;Civitas Imperii Verlag
518;Claassen
519;ClauS-Verl.
520;Claudia Wollny Edition
521;Claudius
522;Cleya
523;Club der Sinne
524;CoCon-Verlag GmbH
525;Cobra Verlag
526;Coburger Autorengemeinschaft Schreibsand
527;Codi-Verl.
528;Cogitare Verlag
529;Colorama
530;Community Editions
531;Compact
532;Con-Text, Bronisch
533;Conabru-Verl.
534;Concepcion Seidel OHG
535;Concept Leben, Werbe- und Einkaufsgesellschaft für den konfessionellen Buchhandel mbH
536;Connewitzer Verlagsbuchandlung
537;Conte Verlag
538;Contessa-Verl.
539;ContraPunkt
540;Cool-Verl.
541;Coppenrath
542;Coppenrath Verlag GmbH & Co. KG
543;Copy-us-Verl.-GmbH
544;Cornelia-Goethe-Literaturverl.
545;Cornelsen
546;Corso
547;Cortex Unit
548;Cosmopolitan-Art-Verl.
549;Cosmos Verlag
550;Crago-Verl.
551;Crearta
552;Creastro Verlag
553;CreateSpace Independent Publishing Platform
554;Creativo, Initiationgruppe für Literatur, Wissenschaft und KUnst
555;Crespo Foundation
556;Cross Cult
557;Culex-Verl.
558;CulturTainment
559;Cupido Books
560;Cuvillier
561;Cyber Publishing e-Verlag GmbH
562;Czernin Verlag
563;D. Sargon
564;DAS GRAMM e.K.
565;DAS SYNDIKAT – Autorengruppe deutschsprachige Kriminalliteratur A.I.E.P.
566;DCS
567;DEMMLER VERLAG
568;DG-Eigenverlag
569;DHBW Mannheim
570;DIWAN
571;DIWAN Verlag
572;DNMP, Daniel Neumann Medienproduktion
573;DOBU-Verl.
574;DREIERLEI
575;DRP Rosenkreuz Verlag
576;DRW-Verl. Weinbrenner, Braun
577;Dabbelju-Verl.
578;Daedalus Verlag
579;Dahlemer Verl.-Anst.
580;Daidalos DruckWerke
581;Daniel Osthoff Verlag
582;Daphne Bühner c/o Autorenbetreuung Carole Minn
583;Dark-Empire-Verlag
584;Das Entlebucher Medienhaus
585;Das Erotische Sekretariat
586;Das Goldene Tor
587;Das Neue Berlin
588;Das Verlag
589;Das Wetter – Magazin für Text und Musik
590;Dağyeli
591;Db-Verl.
592;De Gruyter
593;DeBehr
594;DeWinter Waldorf Glass
595;Dead-Soft-Verl.
596;Debras-Verl.
597;Dein-Lieblingsbuch Atelier & Verlag
598;Delta X Verlag e.U.
599;Deltus
600;Demosthenes-Verl.
601;Dendron
602;Denkmayr
603;Der Doppeldaumenmann c/o Block Services
604;Der Erzählverlag
605;Der Fabrik Verlag
606;Der Kleine Buch-Verlag
607;Der Neue Morgen
608;Der Starke Verl.
609;Der Verlag Dr. Snizek
610;Der Wolf Verlag
611;Der gesunde Menschenversand GmbH
612;Derk Janßen Verlag
613;Design Pavoni Verlag
614;Deuticke
615;Deutsche Literaturgesellschaft
616;Deutsche Verlags-Anstalt
617;Deutscher Lyrik Verlag
618;Deutscher Taschenbuch Verlag
619;Deutscher Theaterverlag
620;Dgv, Digitalverl.
621;Dialog-Edition
622;Dialogverlag
623;Diana TB
624;Diana-Verl.
625;Diaphanes
626;DichtFest GbR
627;DichterSchreibenverl.
628;Dichterwettstreit deluxe
629;Die 7 Zwerge e.V.
630;Die Andere Bibliothek
631;Die Geschichtenfabrik
632;Die Glücksoase
633;Die Gruppe 48 e.V.
634;Die Phantasten
635;Die Provinz GmbH – Kulturprojekte
636;Die Schatzkiste
637;Die experimenta erscheint bei EDITION MAYA
638;Die2 Verlag
639;Diederichs
640;Dielmann
641;Dieselstrasse, Kulturzentrum
642;Dietrich, Gabriella
643;Dietschi
644;Digitalreprint
645;Dillmann Verlag
646;Diogenes
647;Diotima Verlag
648;Dirk-Laker-Verlag
649;Distillery
650;Dittrich
651;Docupoint-Verlag
652;Doering
653;Dokumentationsstelle für Neuere Österr. Literatur
654;Dominikanerkloster Prenzlau
655;Dominoplan
656;Domowina-Verlag
657;Donat Verlag
658;Donauschwäbische Kulturstiftung
659;Donny-Stieven-Verl.
660;DoplPack
661;Dorante Edition
662;Dorferneuerungsverein Prigglitz
663;Dorise Verlag
664;Dortmund Verlag
665;Dortmunder Buch
666;Dosse-Verl.
667;Dover Publications, Inc.
668;Dr. Constantin Pana Buchverlag
669;Dr. Gisela Lermann Verlag
670;Dr. Jürgen Oberle
671;Dr. Martin Bethke Storyvents
672;Dr. Ziethen Verlag
673;Drachen-Verl.
674;DrachenStern Verlag
675;Drachenhaus Verlag
676;Drachenmond Verlag
677;Draconis Books
678;Draksal Fachverlag GmbH
679;Draufhau-Verl.
680;Draupadi Verlag
681;Draupadi-Verl.
682;Draupadi-Verlag
683;Drava Verlag
684;Dreambook-Verl.
685;Drei Birken Verlag
686;Drei Kastanien Verlag
687;Drei-Eichen-Verl.
688;Drei-Punkte-Verlag
689;Dresdner Verlag
690;Drey-Verl.
691;Driesch Verlag
692;Droemer
693;Droemer Knaur
694;Droemer Taschenbuch
695;Dromos-Verl.
696;Droste
697;Druck-Team
698;Druckerei Odenwälder
699;Druckerpresse-Verlag UG
700;Druckmedienzentrum
701;Druckwerkstatt-Kollektiv-Verl.
702;Dryas-Verl.
703;Dt. Literaturverl.
704;Dt. Rotes Kreuz, Ortsverein Hameln
705;Dt. Schillerges.
706;Dt. Taschenbuch-Verl. 5106842
707;DuMont
708;DuMont Buchverlag
709;Duensing
710;Duktus-Verl.
711;Duncker & Humblot
712;Dup
713;Durchblick-Siegen Information und Medien
714;Dutschke-Verl.
715;Dörfler
716;Dörlemann
717;E. Weber Verlag
718;EDITION SIGNAThUR
719;EDITION XXL
720;EDITION digital
721;EDITION, S.M.
722;EDUTAINMENT GmbH, VISUAL
723;ELMAR Verlag
724;ELV, Eifeler Literaturverlag
725;ELfA-Verlag
726;EOS
727;EPLA Verlag
728;EPV Elektronik-Praktiker-Verlagsgesellschaft mbH
729;EPV, Elektronik-Praktiker Verl.-Ges.
730;ERNi Druck und Media AG
731;EROSTEPOST- Verein für Literatur und Literaturzeitschrift
732;ERZDRUCK GmbH
733;ETAINA
734;EU, Ed. Unbuch
735;EWK-Verl.
736;Easy Readers
737;EasyOriginal Verlag
738;Eberhard Brunier Verlag
739;Eberl
740;Ebersbach & Simon
741;Ebner
742;Echomedia-Buchverl.
743;Echter
744;Echtzeit-Verl.
745;Eckelt Consultants GmbH
746;Eckermann-Verl.
747;Eckhard Bodner
748;Eckhart Schmidt Publishing
749;Eckharts Verlag
750;Eckhaus Verlag
751;Ed.  Büchergilde
752;Ed. 333
753;Ed. 6065
754;Ed. A
755;Ed. ALFA
756;Ed. Alpha-Beta-Verl.
757;Ed. Andrann
758;Ed. Aramo
759;Ed. Art Science
760;Ed. Atelier
761;Ed. Augenblick
762;Ed. Auvidarte
763;Ed. Baes
764;Ed. Binsfeld
765;Ed. Bruder
766;Ed. Buchbar
767;Ed. Buntehunde
768;Ed. Bärenklau
769;Ed. Büchergilde
770;Ed. Ch
771;Ed. Cultura 3,14
772;Ed. Diesbach
773;Ed. Dorante
774;Ed. Dornbrunnen
775;Ed. Dudenhöffer
776;Ed. Ebersbach
777;Ed. Einhorn
778;Ed. Eizenbergerhof
779;Ed. Exil
780;Ed. Fetzer
781;Ed. Filidor
782;Ed. Fünf
783;Ed. Galerie Vevais
784;Ed. Gedankenreise
785;Ed. Gelsen
786;Ed. Godewind
787;Ed. Hartmann, AutorInnenverl.
788;Ed. Howeg
789;Ed. Hü & Hott
790;Ed. Hübscher
791;Ed. Hüne
792;Ed. Innsalz
793;Ed. Isele
794;Ed. Jera
795;Ed. K
796;Ed. Kalliope
797;Ed. Keiper
798;Ed. Ki
799;Ed. KoCheck
800;Ed. Koch
801;Ed. Kopfsalat
802;Ed. Köndgen
803;Ed. Lagarto
804;Ed. Lepidoptera
805;Ed. Leserunde
806;Ed. Libri Kami
807;Ed. Litera
808;Ed. Litera im R.-G.-Fischer-Verl.
809;Ed. Literaturgarten
810;Ed. Lithaus
811;Ed. Lumière
812;Ed. M
813;Ed. M&S
814;Ed. Meerauge
815;Ed. Memoria
816;Ed. Mokka
817;Ed. Musagetes
818;Ed. Märkische Lebensart
819;Ed. Nachtgänge
820;Ed. Narrenflug
821;Ed. Noack & Block
822;Ed. Nord
823;Ed. Nordwindpress
824;Ed. Nove
825;Ed. Oberkassel
826;Ed. Paashaas Verlag
827;Ed. PaperOne
828;Ed. Pongratz
829;Ed. Prowinzling
830;Ed. Punktuell
831;Ed. Pächterhaus
832;Ed. Rester
833;Ed. Roter Drache
834;Ed. Rugerup
835;Ed. SOLAR-X
836;Ed. Saarländisches Künstlerhaus
837;Ed. Schaumberg
838;Ed. Schwarzdr.
839;Ed. Signathur
840;Ed. Silberflügel
841;Ed. Sisyphos
842;Ed. Solitär
843;Ed. Sonnberg
844;Ed. Sonne & Mond
845;Ed. Splitter
846;Ed. Stadtcafé
847;Ed. Subkultur
848;Ed. Tandem
849;Ed. Temmen
850;Ed. Terra
851;Ed. Text und Media
852;Ed. Thaleia
853;Ed. Thurnhof
854;Ed. Tintenfaß
855;Ed. Trèves
856;Ed. Va Bene
857;Ed. Wartenau
858;Ed. Wendepunkt
859;Ed. Wilderermuseum
860;Ed. Winddruck
861;Ed. Winkler-Hermaden
862;Ed. Wort
863;Ed. Wort Werk
864;Ed. Zweihorn
865;Ed. Zwiefach
866;Ed. Zwischen Wetterstein und Bodensee
867;Ed. altavilla
868;Ed. an der Spree
869;Ed. artexlibris
870;Ed. fotoTAPETA
871;Ed. lex liszt 12
872;Edel
873;Eden Books
874;Edika
875;Edita Gelsen
876;Edition 6065
877;Edition 8
878;Edition A.B. Fischer
879;Edition AV
880;Edition AVL
881;Edition AVRA
882;Edition Abel
883;Edition Allgäu im Verlag HEPHAISTOS
884;Edition Altlasten im Schreibgarten bei Lulu
885;Edition Art Science
886;Edition Aurum Verlag
887;Edition Ausblick
888;Edition Avra
889;Edition Baes
890;Edition Benu
891;Edition Blaes
892;Edition Blau, Rotpunktverlag
893;Edition Blaue Feder
894;Edition Blume
895;Edition Bücher Beckwermert
896;Edition Büchergilde
897;Edition Calamus
898;Edition Combes
899;Edition Combes im Verlag Frank de la Porte
900;Edition Contra-Bass
901;Edition Denzstraße, Frank Osthoff
902;Edition Dichtungsring
903;Edition Dornbrunnen
904;Edition Dr. Strahalm
905;Edition Eigenfarben
906;Edition Epoca
907;Edition Exovo
908;Edition Falkenberg
909;Edition Faust
910;Edition Fichter
911;Edition Flaschenpost
912;Edition Forsbach
913;Edition Freiberg
914;Edition Garamond
915;Edition Geheimes Wissen
916;Edition Groschengrab
917;Edition Hamouda
918;Edition Heinemann
919;Edition Irrsee
920;Edition J.J. Heckenhauer
921;Edition JP
922;Edition Jo Strauß
923;Edition Kalk
924;Edition Karl H. Pfob
925;Edition Kinemathek im Ruhrgebiet
926;Edition Kleine Zeitung
927;Edition Korrespondenzen
928;Edition Krautgarten
929;Edition Kürbis
930;Edition LASENECA
931;Edition LEU
932;Edition Laurin
933;Edition Lempertz
934;Edition Lükk Nösens
935;Edition MOTOR
936;Edition Marbuelis
937;Edition Maulhelden
938;Edition Michel Forêt
939;Edition Miromente
940;Edition Monhardt
941;Edition Märkische Reisebilder
942;Edition NarrARE
943;Edition Nautilus
944;Edition Octopus
945;Edition Osiris MIC GmbH
946;Edition Outbird
947;Edition Pauer
948;Edition Pommern
949;Edition QVV
950;Edition Raetia
951;Edition Regensburg
952;Edition Region + Geschichte
953;Edition Reichlin
954;Edition Roesner
955;Edition SOLAR-X
956;Edition Schlitzohr
957;Edition Schreibkraft, Graz
958;Edition Sprach-Los
959;Edition Spörlstein
960;Edition Staub
961;Edition TIAMAT
962;Edition Thomas Seng in der Werkstattgalerie & Verlag
963;Edition Thurnhof
964;Edition Tintenfass
965;Edition Tirol
966;Edition Trailer Spot
967;Edition Töpfl
968;Edition Virgines
969;Edition Vorgelweide
970;Edition W
971;Edition Wasserburg
972;Edition Weinviertel / Edition Neue Wege / Regionalverlag.at
973;Edition Weserhaus
974;Edition Widar
975;Edition Winterwork
976;Edition Wittchen
977;Edition Wundergrün
978;Edition Zeitblende
979;Edition anderswo
980;Edition fabrik.transit
981;Edition soziologie heute
982;Edition, Althea S.M.
983;Edition, Trio Infernale
984;EditionArtScience
985;Editionnova
986;Editions Leonis
987;Editora Girabrasil
988;Effecteve-Verl.
989;Effekt! - Buchverlag
990;Ehe Familie Buch
991;Ehrenberg-Verl.
992;Eichborn
993;Eichenspinner Verlag
994;Eifelbildverlag
995;Eigen-Verlag, J.-C. Sermond
996;Eigenart-Verlag
997;Eigenverlag
998;Eigenverlag (Kindle Direct Publishing)
999;Eigenverlag Bernd Michael Hanel
1000;Eigenverlag Karl Mader
1001;Eigenverlag Manfred Strolz
1002;Eigenverlag Max und Ruth Künzi-Frauchiger
1003;Eigenverlag Micha Fuchs
1004;Eigenverlag Rolf Barkhorn
1005;Eigenverlag S. Philipp
1006;Eigenverlag Wolfgang Domma
1007;Eigenverlag-Liweitari Publishing
1008;Einbuch Buch- und Literaturverlag
1009;Einfach Lesen
1010;Einhorn Verlag
1011;Eire Verlag
1012;Eisenhut-Verl.
1013;El Faro Verlag
1014;ElIbiary
1015;Elbaol Verlag
1016;Elbufer Verlag
1017;Elbverlag
1018;Eldur Verlag
1019;Elf-Uhr-Verl.
1020;Elfenbein
1021;Elif Verlag
1022;Eligia Goroncy Verlag
1023;Ellert & Richter Verlag
1024;Ellie Harding c/o Steffen TextArt
1025;Elmar Langenbacher Verlag
1026;Elsengold
1027;Elsinor Verlag
1028;Elster Verlag
1029;Elvea Verlag
1030;Elysion Books
1031;Em Huisken Musik und Wort
1032;Emmerich Books & Media
1033;Emons Verlag
1034;Endres-Editionshaus
1035;Engeler Verlag
1036;Engelportal-Verl.
1037;Engelsdorfer Verlag
1038;Engstler
1039;Ennsthaler
1040;Entenpress
1041;Epospresse-Verl.
1042;Eppe
1043;Epubli
1044;Erata-Literaturverl.
1045;Erfurter Herbstlese e.V.
1046;Ergon
1047;Ergon-Verl.
1048;Erich Weiß Verlag
1049;Eridanus Verlag
1050;Erika Hörzer
1051;Ernst Reinhardt Verlag
1052;Ernst-Moritz-Arndt-Gymnasium
1053;Esch Verlag
1054;Espenlaub-Verl.
1055;Espero-Verlag
1056;Esras.net
1057;Ess
1058;Esslinger
1059;Etaina
1060;Etaina-Verl.
1061;Eulenspiegel Verlag
1062;Europ. Univ.-Verl.
1063;Europa Buch
1064;Europa Verlagsgruppe
1065;Europäischer Hochschulverlag
1066;Europäischer Literaturverlag
1067;Europäischer Universitätsverlag
1068;Evang. Ges.
1069;Evangelische Verlagsanstalt
1070;Evangelischer Presseverband
1071;Even Terms Press
1072;Exchange and Dialogue
1073;F.W. Becker GmbH
1074;FABW Verlag
1075;FAW-Verlag
1076;FELiCiTARiS
1077;FH Joanneum, Studiengang Informationsdesign
1078;FHL-Taschenbuch-Verl.
1079;FRED & OTTO - Der Hundeverlag
1080;FV, FahnauerVerlag
1081;Faber & Faber
1082;Fabuloso Verlag
1083;Fabylon
1084;Factum Coloniae
1085;Facultas
1086;Fagulon-Verlag
1087;Fahner
1088;Fakriro GbR
1089;Fantastic Shades
1090;Fantasy-Welt-Zone-Verl.
1091;Faro
1092;Fechner-Sabo
1093;Feder & Schwert
1094;Feder-Ed.
1095;Federblau-Verl.
1096;Federfrei
1097;Fehnland Verlag
1098;Feiyr
1099;Fel!x
1100;Feldhaus Verlag GmbH & Co. KG
1101;Feldmann
1102;Festa
1103;Feuertanz-Verlag
1104;Filidor-Verl.
1105;Fink
1106;Fireflies Press
1107;First-Minute-Taschenbuchverl.
1108;Fischer Digital
1109;Fischer Krüger
1110;Fischer Taschenbuch
1111;Fischer Verlag
1112;Fischer-&-Fischer-Medien
1113;Fischerinsel-Eigenverl.
1114;Fischern
1115;Flying Grandpa
1116;Fohrmann Verlag
1117;Folio Verlag
1118;Fondation Servais pour la littérature luxembourgeoise
1119;Fontaine Verlag
1120;Fontana Edizioni
1121;Fontis
1122;Format
1123;Format Druckerei & Verlagsgesellschaft mbH
1124;Forum Gundernhausen
1125;Forum Stadtkirche Wunstorf
1126;Forumhelden GmbH
1127;Fotolia
1128;Fouqué-Literaturverl.
1129;Francke
1130;Frank
1131;Franke Verlag
1132;Frankfurter Allg.  Buch
1133;Frankfurter Literaturverlag
1134;Frankfurter Societäts-Medien
1135;Frankfurter Verl.-Anst.
1136;Franz Greno
1137;Franzbrötchen-Verlag
1138;Frauenmuseum
1139;Frauenzimmer Verlag
1140;Free Pen Verlag
1141;Freiburger Echo Verlag
1142;Freiwillige Feuerwehr Haiterbach, Abt. Haiterbach
1143;Frenzongs Publ.
1144;Freunde der Literatur in Bayern e.V.
1145;Freundeskreis des Literaturhauses Schleswig-Holstein
1146;Freundeskreis, Botanischer Garten
1147;Freya Verlag
1148;Frick
1149;Friedenauer Presse
1150;Friedmann
1151;Friedrich
1152;Friedrich Reinhardt Verlag
1153;Friedrich-Bödecker-Kreis in Sachsen-Anhalt
1154;Frieling Verlag
1155;Friesische Philologie/Nordfriesische Wörterbuchstelle, Christian-Albrechts-Universität zu Kiel
1156;Fritzsche
1157;Fuchs
1158;Fundus-Verl.
1159;Fölbach
1160;Förderverein Amtliche Vermessung im Kanton Bern
1161;Förderverein Stadtmuseum Hattingen
1162;Förderverein für das Erich-Kästner-Museum
1163;Förderwerk Elbinseln
1164;Förster
1165;G-Medien GmbH
1166;G. Braun Buchverlag
1167;GDruck-Verl.
1168;GEDOK Brandenburg
1169;GEROJOKO
1170;GEV
1171;GGSV
1172;GNN Verlag
1173;GOYA
1174;GPW-Medienverl.
1175;GRÄV, Verlag der GRÄGS
1176;GUC
1177;Gabriele Schäfer Verlag
1178;Gala-Ed.
1179;Galiani
1180;Galiani Berlin
1181;Galli
1182;Gallimard
1183;Gangan Verlag
1184;Gans Verlag
1185;Ganymed Edition
1186;Garant
1187;Gardez!-Verl.
1188;Gareis Marketing
1189;Garnies
1190;GartenWEden Verlag
1191;Gebr. Nadelmann
1192;GedankenReich
1193;Geest Verlag
1194;Gehrke
1195;Geiger Verlag
1196;Geistkirch Verlag
1197;Gelsing & Hoch Literaturverlag GbR
1198;Gemeinde Kemmern
1199;Gemeinde Wardenburg
1200;Gemeinnütziger Verein zur Förderung des Literaturschaffens und des kulturellen Austauschs zwischen Deutschen und Polen e.V.
1201;Gemma
1202;Genniges
1203;Gentner
1204;Georg Olms Verlag
1205;Georg-Britting-Stiftung
1206;Georg-von-Toyberg-Verl.
1207;Gerhard, Johanna
1208;Gerhard-Hess-Verlag
1209;Gerlinger, Stefan
1210;Gernot Kröger
1211;Gerth Medien
1212;Gesellschaft Hessischer Literaturfreunde
1213;Gietl
1214;Gilgamesch-Verlag
1215;Gilles & Francke
1216;Gipfelbuch-Verl.
1217;Girgis Verlag
1218;Gisler Medien, Gisler 1843 AG
1219;Glaré
1220;Glentorf Verlag
1221;Glossabooks
1222;Glückskindverl.
1223;Gmeiner Verlag
1224;Gmünder
1225;Goa Kana & Waratfy Ztaia
1226;Goedeke
1227;Goethe Universität Frankfurt
1228;Goethe-Werkstatt
1229;Goki Verlag
1230;Goldegg Verlag
1231;Golden Luft Verlag
1232;Goldene Rakete Verlag für Belletristik
1233;Goldmacher
1234;Goldmann
1235;Goldschmidt GmbH
1236;Goldstadt-Autoren e. V., Verein
1237;Goldstaub Verlag
1238;Goldwaage-Verl.
1239;Golkonda Verlag
1240;Gollenstein Verlag
1241;Gollenstein-Verl.
1242;Golos-Press
1243;GolubBooks
1244;Goskonzept
1245;Graf
1246;Grafische Anstalten Hassa & Karl GbR
1247;Grafit
1248;Grafotlac Soltys
1249;Grafotlač Šoltys
1250;Gralsverl.
1251;Graph. Werkstätten
1252;Graphiti
1253;Grass Publishers
1254;Greifenverl.
1255;Greifenverlag
1256;Grenda
1257;Gretus Verlag
1258;Greven
1259;Groh Verlag
1260;Grolitsch
1261;Grote
1262;Grubbe
1263;Grubbe Media
1264;Gruber
1265;Grundblick-Verl.
1266;Grupello
1267;Gryphon-Verl.
1268;Gräfe und Unzer Verlag GmbH
1269;Gröls Verlag
1270;Größenwahn Verlag
1271;Grünberg
1272;Grüne Aue
1273;Grünkreuzverl.
1274;Gudruns Töchter
1275;GuideMedia Verlag GbR
1276;Gulde Druck
1277;Gunda-Werner-Institut
1278;Gyadu - Ed. Isis
1279;Górnośląskie Centrum Kultury i Spotkań im. Eichendorffa
1280;Göttert
1281;Günther Emigs Literatur-Betrieb
1282;Gütersloher Verlagshaus
1283;H. W. Fichter Kunsthandel und Ed.
1284;H. Weisenfeld
1285;HILLE Druckerei & Verlag
1286;HKL-Verlag
1287;HR-Verl.
1288;HS-Literaturverl.
1289;HW-Verl.
1290;Haag + Herchen
1291;Haffmans Verl. bei Zweitausendeins
1292;Haffmans Verlag bei Zweitausendeins
1293;Haffmans bei Zweitausendeins
1294;Haffnitz Verlag
1295;Hagebutte Verlag
1296;Hager
1297;Hager, Wolfgang
1298;Hai-tec Verlags- und Autorenservice
1299;Haileiht-Verlag vom Hai-tec Verlags- und Autorenservice
1300;Halbhoch Verlag
1301;Hamburger Elbsommer
1302;Hamburger Haiku-Verl.
1303;Hamburger Lesehefte Verlag
1304;Hammer
1305;Hamsah-Verl.
1306;Hanani-Verl.
1307;Hands Art, Four
1308;Hanno Herbst Musik & Buch
1309;Hans-Werner Kulinna c/o Autorenglück.de
1310;Hansa-Verl.
1311;Hanser
1312;Hanser Berlin
1313;Hansisches Dr.- und Verl.-Haus
1314;Hardt & Wörner
1315;Harenberg, KV&H-Verl.
1316;Harrassowitz
1317;Harrassowitz,
1318;Hartmann
1319;Hartmut Krüpe-Silbersiepe
1320;Hartung-Gorre
1321;Hasenverl.
1322;Hassa & Karl Grafische Anstalten
1323;Hatje Cantz
1324;Hauptverband des Österreichischen Buchhandels
1325;Haus am Nepomuk
1326;Haus für Poesie
1327;Hawkify Books
1328;Haymon Verlag
1329;Heel
1330;Hegarda-Verl.
1331;Heiber
1332;Heike Rosa Maria Gaudenti
1333;Heimann-Stiftung, für Völkerverständigung
1334;Heimat- u. Geschichtsverein
1335;Heimat- und Kulturverein Dahme
1336;Heimat- und Museumsverein Thayaland
1337;Heimat- und Verschönerungsverein Bad Salzuflen e.V.
1338;Heimatbote Schwalmtal
1339;Heimatfreunde Winterbach
1340;Heimatkundlicher Verein für Südböhmen e.V.
1341;Heimatverein der Grafschaft Bentheim e.V.
1342;Heimatverl. Schrage
1343;Heimdall Verlag
1344;Hein-Verlag
1345;Heiner Labonde Verlag
1346;Heinrich Tüffers Verlag GmbH
1347;Heinrichs-Verl.
1348;Heinz-Willi Dammers
1349;Helios
1350;Hellinger Publ.
1351;Hellinger Publications
1352;Hellmund
1353;Helmer
1354;Helms
1355;Helmut Schlaiß Verlag
1356;Helmut-Maletzke-Stiftung
1357;Hemmer
1358;Henrich-Ed.
1359;Henss
1360;Hentrich & Hentrich
1361;Herausgeber Verlag
1362;Herausgeber.ch
1363;HerausgeberInnengemeinschaft Irrliche
1364;Herbst Medien
1365;Herder
1366;Herkules-Verl.
1367;Hermagoras
1368;Herramhof Verlag
1369;Herta Ahrenzmann c/o AutorenServices.de
1370;Herzensmenschen
1371;Herzsprung Verlag
1372;Herzstückverlag
1373;Hess Verlag
1374;Hesse & Becker
1375;Hessel
1376;Hessisches Literaturforum im Mousonturm e. V.
1377;HeuwägelchenBücher
1378;Heydär Äliyev Stiftung
1379;Heyn
1380;Heyne
1381;Heyne, W
1382;Hibarios
1383;Hierax Medien
1384;Hierophant Verlag
1385;Hierreth
1386;Hildegard Tölke
1387;Hildesheimer Literaturverl.
1388;Hille Verlag
1389;Himmel-Erde-Mensch-Verl.
1390;Himmelstürmer Verlag
1391;Hinstorff
1392;Hinterländer Geschichtsverein
1393;Hippomonte Publishing e.K.
1394;Hirmer
1395;Hirn Kastl & Herz
1396;Hirnkost KG
1397;Hirschberger
1398;Hirt
1399;Hober Verlag
1400;Hoepli
1401;Hoermann
1402;Hoffe Markenmanufaktur, WOLL Selbstverlag
1403;Hoffmann und Campe
1404;Hofmann-Buch
1405;Hohe-Dorst, Inka Maria
1406;Hohenheim-Verl.
1407;Holder
1408;Hollitzer
1409;Holzheimer Verlag
1410;HomeBooks
1411;Homo Littera
1412;Hora-Verl.
1413;Horizont Media Verlag
1414;Horlemann
1415;Hottenstein Buchverlag
1416;House of the Poets
1417;Huber
1418;Hummelshain Verlag
1419;Hunold, Konstanze
1420;Hunter Verlag
1421;Husum Druck- und Verlagsgesellschaft
1422;Hybrid Verlag
1423;Hydre Éditions
1424;Hydre éditions
1425;Häusser-Media-Verl.
1426;Höchlerbach
1427;Höll Verlag
1428;Hüsch & Hüsch GmbH
1429;I. Reen Bow
1430;IATROS-Verlag und Services GmbH
1431;IDEA
1432;IDV AG
1433;IFB Verlag Deutsche Sprache
1434;IKGS Verlag
1435;IKGS-Verl.
1436;IKOS Verlag
1437;IL-Verlag
1438;IMT-Verlag der SIMB e.U.
1439;INKAS
1440;IO-Verl.
1441;ISB-Verl.
1442;Iatros Verlag
1443;Ibera Verlag
1444;IchZwei-Verlag
1445;Ida Universum
1446;Idea, Ed. Pega
1447;Idee & Produkt Verlag
1448;Ideenbrücke Verlag
1449;Ideos
1450;Igel Verlag Literatur & Wissenschaft
1451;Ikon-Verl.-GesmbH
1452;Ille & Riemer
1453;Ilona Bürgel
1454;ImPrint Verlag
1455;In Farbe und Bunt
1456;Incubus Verlag
1457;Independent Bookworm
1458;Indian-Summer-Edition
1459;Infinite Monkeys' Press
1460;Info & Idee Medien-Verlag
1461;Info Verlag
1462;Inform-Verl.
1463;Ingo Koch Verlag
1464;Initiative DarkSky Nord
1465;Inkitt Inc.
1466;Innerhofer, Agnes
1467;Innings, Ava
1468;Innsalz
1469;Innsbruck Univ. Press
1470;Input-Verlag
1471;Insel
1472;Insel Verlag
1473;Institut für Digitale Ethik
1474;Institut für deutsche Sprache und Literatur I, Universität zu Köln
1475;Interforum e.V.
1476;Internationale Buchverlage
1477;Internationaler Literatur- und Lyrik-Verlag
1478;Internet-Buchverl.
1479;Ioma-Verl.
1480;Irisiana
1481;Isensee Verlag
1482;Iskopress
1483;Iudicium
1484;Izdatelstvo Vesi
1485;J. Flume
1486;J. Kissel
1487;J. Münch
1488;J.F. Hagenlocher Verlag
1489;J.H. Röll
1490;J.S. Klotz Verlagshaus
1491;JFF
1492;JKH-Verlag
1493;JOJO
1494;JRP Ringier
1495;JUDITH DESIGN VERLAG
1496;JUHR Verlag
1497;JVA Hannover
1498;JWV Wiemann
1499;Jacoby & Stuart
1500;Jagd- und Kulturverl.
1501;Jahreszeiten Verlag GmbH
1502;Jaja Verlag
1503;Jaja-Verl.
1504;Jan Deichmohle c/o AutorenServices.de
1505;Janson
1506;Jaron Verlag
1507;Jean Verlag
1508;Jeetzelbuch
1509;Jens Quedens Verlag
1510;Jerkov Verlag
1511;Jerry Media
1512;Jes Schön  c/o WirFinden.Es Naß und Hellie GbR
1513;Jes Schön c/o WirFinden.Es Naß und Hellie GbR
1514;Jo-Strauß-Ed.
1515;Joanmartin Literaturverlag
1516;Johannis
1517;Jokers
1518;Jos-Fritz-Verl.
1519;Joy Edition
1520;JuLl – Junges Literaturlabor
1521;Jud
1522;Jumbo
1523;Junfermann
1524;Jung und Jung
1525;Junges Literaturforum Hessen-Thüringen
1526;Juno Editions
1527;Juppus Bücher
1528;JustTales Verlag
1529;Justinus-Kerner-Verein und Frauenverein
1530;Justus von Liebig Verlag
1531;Jürgen Höller Academy
1532;K & S
1533;K & W
1534;KBV Verlag
1535;KCM-Verl.
1536;KEHI-Verl.
1537;KJM Buchverlag
1538;KKF Buchecke
1539;KLAK
1540;KSB-Media GmbH
1541;KUNSTUNDWERK - Sachbuchverlag
1542;KUNTS e.V.
1543;KUUUK-Verl.
1544;KVHS
1545;KW Thörmer
1546;KaMeRu Verlag
1547;Kaden
1548;Kadera Verlag
1549;Kaisermühlenverlag
1550;Kalt Medien AG
1551;Kalt-Zehnder
1552;Kaltenmeier
1553;Kampa Verlag
1554;Kampenwand Verlag
1555;Kannemann
1556;Karin Fischer Verlag
1557;Karina Verlag
1558;Karjas-Verl.
1559;Karl-Lappe Verlag
1560;Karl-May-Bücherei
1561;Karl-May-Verlag
1562;Karolinger
1563;Kassandra-Verl.
1564;Kastel, Theodor
1565;Kastner
1566;Kater Literaturverlag
1567;Kath. Akad.
1568;Katharina-Verl.
1569;Kaufmann Verlag
1570;Kava-Pech
1571;Kawe8
1572;Kawohl Verlag
1573;Kein & Aber
1574;Kein & Aber AG
1575;Kein und Aber
1576;Kelebek Verlag
1577;Kelkel Verlag
1578;Kellner Verlag
1579;Kelm
1580;Kempen, Sarah M.
1581;Kern
1582;Ketteler
1583;Khorshid-Verl.
1584;Kid Verlag
1585;Kidemus
1586;Kidnap Music
1587;Kiepenheuer & Witsch
1588;Killroy Media
1589;Kindermund Verlag
1590;Kinzel
1591;Kinzelbach
1592;Kirchschlager
1593;Kitab
1594;Klarant Verlag
1595;Klartext
1596;Klatschmohn-Verl.
1597;Klaudia Zotzmann-Koch c/o Bianca Kronsteine, impressumservice.net
1598;Klaus Becker Verlag
1599;Klecks Verlag
1600;Klemm + Oelschläger
1601;Klett-Cotta
1602;Klever Verlag
1603;Klever-Verl.
1604;Klimpke
1605;Kloft
1606;"Klub Ljubitelja Knjiga ""Majdan"""
1607;"Klub Ljubitelja Knjige ""Majdan"""
1608;Klöpfer
1609;Klöpfer & Meyer
1610;Knapp
1611;Knaur Verlag
1612;Knaus
1613;Kniphof-Verl.
1614;Knürr
1615;Kobold Books
1616;Koehler
1617;Koha
1618;Koinonia-Oriens e.V.
1619;Kolchis Belletristik
1620;Kolme-K-Verl.
1621;KommPlot, Autorinnengruppe
1622;Kommode Verlag
1623;Kommunal- und Schul-Verl.
1624;Komplett-Media
1625;Konserve Verlag
1626;Kontrasp
1627;Kontrast Verlag
1628;Kontrast-Verl.
1629;Konzepta, Agentur und Werbemittel
1630;Kooperative Dürnau
1631;Kopf & Kragen
1632;KopfKino-Verl.
1633;KopfKino-Verlag
1634;Korbinian Verlag
1635;Kosmos
1636;Kovar, R
1637;Krachkultur Verlag
1638;Kral Verlag
1639;Kranich-Verl.
1640;Kratzke, Verl. für Kunst- und Kulturgeschichte
1641;Krauß
1642;Kreativ-Verlag
1643;Kreativrat der Schreibwerkstatt Feldkirch
1644;Krebs
1645;Kreisausschuss Odenwaldkreis, Kreisausschuss
1646;Kremayr & Scheriau
1647;Kremser Literaturforum
1648;Kreuz
1649;Kruse
1650;Krüger
1651;Kuckuck & Straps im Lichtung-Verl.
1652;Kulmbacher Literaturverein
1653;Kulturbuchverlag
1654;Kulturbuchverlag Herausgeber
1655;Kulturland Niederösterreich
1656;Kulturleben Marktgemeinde Grassau
1657;Kulturmaschinen Verlag
1658;Kulturstammtisch
1659;Kulturverein Möhnsee e.V.
1660;Kulturverein Schloss Homburg am Main e.V.
1661;Kulturverl. Kadmos
1662;Kulturverlag Kadmos
1663;Kulturzone e.V.
1664;Kunst und Alltag
1665;Kunst- und Textwerk-Verl.
1666;KunstSinn-Verlag
1667;Kunstanstifter-Verl.
1668;Kunstforum Salzkammergut
1669;Kunsthaus-Verl.
1670;Kunsthochschule für Medien Köln
1671;Kunstmann Verlag
1672;Kunstverl. Fink
1673;Kunze
1674;Kuqi-Institut für Sprachwissenschaft, Adrian Kuqi
1675;Kurierverlags GmbH & Co. KG
1676;Kurznachzehn Verlag
1677;Kuschelgang
1678;Kwalae Verlag
1679;Kynos-Verl.
1680;Kyrene
1681;Königshausen & Neumann
1682;Kösel
1683;Köthe
1684;Külzer-Schröder
1685;Künstler-Gilde e.V.
1686;Künstlernische-Verl. Singer
1687;Kürbis
1688;L & L Verlag
1689;L.S.D.
1690;L100 Verlag
1691;LAHA-Dr.
1692;LAUNENWEBER
1693;LCERC
1694;LEU
1695;LHDL Self Publ.
1696;LIBRAS Shqipe Sylejmani
1697;LIJEPA RIJEČ
1698;LINCOM GmbH
1699;LIWI Literatur- und Wissenschaftsverlag
1700;LOTUS PRESS
1701;LV-Buch
1702;LVZ
1703;Labonde
1704;Lach
1705;Lago Imago
1706;Lagrev
1707;Lahn Verlag
1708;Lamago-Verl.
1709;Lamuv
1710;Landbeck
1711;Landenberg
1712;Landeshauptstadt Klagenfurt
1713;Landhausverl.
1714;Landhege-Verl.
1715;Landkreis Barnim
1716;Landtwing
1717;Landverlag
1718;Langen Müller
1719;Langenscheidt
1720;Langlhofer
1721;Language Practice Publishing
1722;Lappan
1723;Lardon Media
1724;Larimar Verlag
1725;Latos Verlag
1726;Laudatio-Verl.
1727;Lauerskreuzer Sommertage
1728;Laufen
1729;Laugwitz Verlag
1730;Lauinger Verlag
1731;Laumann Verlag
1732;Laurence King Verlag
1733;Lauterblätter-Verl.
1734;Lava
1735;Lavori
1736;Laßleben
1737;Lebensgeschenke-Verl.
1738;Lebenshilfe Bremen e.V.
1739;Lebenskind Publishing
1740;Lebensweichen-Verl.
1741;Leffotraks Labyrinthe
1742;Legionarion
1743;Lehmstedt
1744;Lehmweg Verlag
1745;Lehnert Verlag
1746;Lehr, Jennifer
1747;Leim
1748;Leinbergland-Verl.
1749;Leinpfad Verlag
1750;Leipziger Literaturverlag
1751;Leipziger Univ.-Verl.
1752;Leipziger Universitätsverlag
1753;Lektora Verlag
1754;Lemming-Verl.
1755;Lennestrand. Verlag für Südwestfalen
1756;Lenos Verlag
1757;Lentner
1758;Leonhard-Thurneysser-Verlag
1759;Leonidas
1760;Lerato-Verl.
1761;Lermann
1762;Lese-Zeichen e.V.
1763;Leseratten Verlag
1764;Leseratten-Verl.
1765;Lesereich-Verlag
1766;Lesewuth
1767;Lesezeichen, Schreibzirkel
1768;Letterotik
1769;Lettre International Verlags-GmbH
1770;Leuenhagen & Paris
1771;Levia Ortega c/o Papyrus Autoren-Club
1772;Lexikus Verlag
1773;Leykam
1774;LiDi EuropEdition
1775;Libelle Verlag
1776;Libretto
1777;Librikon Verlag
1778;Liccaratur Verlag
1779;Lichtland
1780;Lichtschlag Medien und Werbung
1781;Lichtung Verlag
1782;Lichtungen – Verein für Literatur & Kunst
1783;Lichtwanderer Verlag
1784;Liebe
1785;Liebhaber Verlag
1786;Liebig
1787;Lilienfeld Verl.
1788;Liliom-Verl.
1789;Lilly M. Beck c/o Autorenglück.de
1790;Limbus Verlag
1791;Limmat Verlag
1792;Lindemanns
1793;Lindenstruth
1794;Lindwurm Verlag
1795;Lippe Verlag
1796;List Verlag
1797;Lit
1798;LitArt-World
1799;Litac Verlag
1800;Litera Eurasia
1801;LiteraFreakPress
1802;Literareon
1803;Literaricum GmbH
1804;Literarische Gesellschaft St. Pölten
1805;Literarischer Verlag Edition Contra-Bass UG
1806;Literarisches Kolloquium Berlin
1807;Literates
1808;Literatones Verlag e.K.
1809;Literatur Quickie
1810;Literatur Verein e.V., Linzgau
1811;Literatur der Zukunft
1812;Literatur und Bildende Kunst Bad Salzdetfurth und Umgebung e.V.
1813;Literatur-Planet
1814;LiteraturWissenschaft.de
1815;Literaturca Verlag
1816;Literaturedition Niederösterreich
1817;Literaturhaus  und  Museumsges.
1818;Literaturhaus Berlin
1819;Literaturhaus Hamburg
1820;Literaturhaus Salzburg
1821;Literaturhaus Zürich
1822;Literaturhaus e.V
1823;Literaturinstitut Hildesheim
1824;Literaturkreis PromOtheus
1825;Literaturpodium
1826;Literaturverein EDIT e. V.
1827;Literaturverlag Droschl
1828;Literaturwerkstatt Berlin
1829;Litopian e.V., Literarischer Förderverein
1830;Littera-Autoren-Verl.
1831;LizzyNet gGmbH
1832;Llux Datenverarbeitung
1833;Loeven
1834;Loewenzahn
1835;Logbuch Verlag
1836;Logo-Verl. Erfurth
1837;Logophon
1838;Longinus
1839;Lontar
1840;Lorbeer-Verlag
1841;Lore-Verl.
1842;Lovemoon Verlag
1843;Low
1844;Luchterhand Literaturverlag
1845;Ludwig
1846;Luftschacht Verlag
1847;Lumpeter & Lasel
1848;Lunares Selbstverlag
1849;Lusatia-Verl.
1850;Luther Verlag
1851;Lutherische Verlagsgesellschaft
1852;Lutrina Verlag
1853;Lux, Christian
1854;Luxbooks
1855;Luzifer-Verl.
1856;Lychatz Verlag
1857;Lyrika Verlag
1858;Lysandra Books
1859;Lyx Egmont
1860;Längert Verlag
1861;Löcker Verlag
1862;LöwenStern Verlag
1863;Lößnitz : GUC
1864;Lübbe
1865;Lütte Verlag
1866;M+N-Medienverl.
1867;M. K. E. Brandl
1868;M. Porta
1869;M. Schreckenberg, K. @Völlmicke und M. @Lamprecht
1870;M. Zaffarana
1871;M.-G.-Schmitz-Verlag
1872;M.A.C Medien Agentur Czellnik
1873;M.A.D. Music & Art Department Verlag
1874;MA-Verlag
1875;MAGENTA Verlag
1876;MAIN Verlag
1877;MAM
1878;MBS (Mijnbestseller Nederland B.V.)
1879;MCC
1880;MCE Verlag
1881;MONS
1882;MRAV, ein Kleiner Verl.
1883;MRM-Verl.
1884;MSC
1885;MTA
1886;MZ Buchverlag
1887;Machandel Verlag
1888;Machiavelli Edition
1889;Macholdt - der Verlag
1890;Machtwortverlag
1891;Mackingerverlag
1892;Magazin SchreibRÄUME
1893;Magic-Buchverl.
1894;Magma-Verl.
1895;Magoria Verlag
1896;Mainz
1897;Mairisch-Verl.
1898;Maiwald
1899;Make a Book
1900;Malandro Verlag
1901;Manesse Verlag
1902;Manhattan
1903;Mantikore Verlag
1904;Manuela Kinzel Verlag
1905;Manuscriptum
1906;Maracuja GmbH
1907;Marianne Kaindl
1908;Marianne Leim Verlag
1909;Marina Gesser Verlag
1910;Maringo Verlag
1911;Mariposa Verlag
1912;Marix-Verl.
1913;Marixverlag
1914;Marlies Kalbhenn Verlag
1915;Marmilin-Verl.
1916;MaroVerlag
1917;Marsam
1918;Marsilius
1919;Marta Press
1920;Marterpfahl Verlag
1921;Martin Werhand Verlag
1922;Martina und Thorsten Meier GbR - Buchverlag und Verlagsauslieferung
1923;Martini & Loersch Verlag
1924;Marzellen Verlag
1925;Masou-Verlag
1926;Matera Verlag
1927;Mattes
1928;Matthes & Seitz Berlin
1929;Matthias-Grünewald-Verl.
1930;Matussek
1931;Mauer Verlag
1932;Mauerverlag Wilfried Kriese
1933;Maximilian Dietrich Verlag
1934;Mayer
1935;McGinley Verlag
1936;Mecke Verlag
1937;Mecklenburger Buchverlag
1938;Media Service Stuttgart
1939;Medien Agentur Czellnik
1940;Medienhaus Rösemeier
1941;Medu Verlag
1942;Medusenblut
1943;Megalit-Verl.
1944;Mein Verl.
1945;Memoiren-Verlag
1946;Memoranda Verlag
1947;Mentis
1948;Mephistopheles-Verlag
1949;Mercator
1950;Merkur Verlag
1951;Merlin´s Bookshop
1952;Merquana
1953;Merquana-Verl.
1954;Merz & Solitude
1955;Merziger-Pleban
1956;MetaGIS-Verl.
1957;MetaPol Verlag & Medien
1958;Methusalem
1959;Metrolit
1960;Meyer & Meyer
1961;Meyer & Meyer Verlag
1962;Michael Düthorn
1963;Michael, Schneider
1964;Michaels-Verl.
1965;Michason & May
1966;Michel-Verlag GmbH
1967;Mick Verlag
1968;Micks-Verl.
1969;Midas
1970;Miko-Verl.
1971;Milena Verlag
1972;Militzke
1973;Milke, Natalie
1974;Milltown Media Verlag
1975;Mini-Verlag Meisterburg
1976;Minimal Trash Art
1977;Ministère de l'education nationale et de la formation professionnelle
1978;Mirabilis Verlag
1979;Mironde-Verl.
1980;Mischwesen
1981;Mission Ost-West
1982;Misti-Verl.
1983;Mitteldeutscher Verlag
1984;Mitten im Dorf
1985;Mitter Verlag
1986;Mitzkat
1987;MobB e.V. c/o Jenaer Sprachverwender
1988;Modestia-Verl.
1989;Moenus-Verlag
1990;Moerser Gesellschaft zur Förderung des literarischen Lebens e.V.
1991;Moewig
1992;Mohito Verlag
1993;Mohl
1994;Mohland Verlag
1995;Mohorjeva Hermagoras
1996;Mokka
1997;Moloko Print
1998;Momberger
1999;Mondwolf
2000;Monia-Verl.
2001;Monolith Verlag
2002;Monsenstein & Vannerdat
2003;Mont Jacques Buchclub & Verlag UG
2004;MontAurum
2005;Montabella-Verl.
2006;Morgana-Ed.
2007;Morio Verlag
2008;Moritzberg Verlag
2009;Morlant Verlag
2010;Morre
2011;Morsak Verlag
2012;Moserbauer
2013;Mosers Büro GmbH
2014;Motibooks.de
2015;MuSingal
2016;Muc Verlag
2017;MundoNet Publishers
2018;Muravidék Baráti Kör Kulturális Egyesület
2019;Muschel
2020;Museum.BL
2021;MyStory-Verl.
2022;Mylinfalklaem
2023;Mymorawa von Morawa Lesezirkel GmbH
2024;Männerschwarm Verlag
2025;Möcker
2026;Möllmann
2027;Mönnig Verlag
2028;Mösche
2029;Mövenort Verlag
2030;Müller
2031;Münster Verlag
2032;N. Mayr
2033;NIMBUS
2034;NOEL-Verlag
2035;NORA Verlag
2036;NOTschriften Verlag
2037;NWM
2038;Nacke
2039;Nada-Autorenverl.
2040;Nagel & Kimche
2041;Napoleon Film & Verlag
2042;Narr
2043;Narthex-Buch
2044;Natalie Rabengut, Black Umbrella Publishing
2045;Naumann & Göbel
2046;Neisse Verlag
2047;Neisse-Verl.
2048;Neißemünde-Verl.
2049;Neofelis-Verl.
2050;Neopubli
2051;Nepa-Verl.
2052;Neptun-Verl.
2053;Net-Verlag
2054;Netteverlag
2055;Neue Erde
2056;Neues Buch
2057;Neues Leben
2058;Neukirchener Aussaat
2059;Neukirchener Verlag
2060;Neumann-Neudamm
2061;Neun9zig
2062;Nica-Verl.
2063;Niebank-Rusch-Fachverl.
2064;Niederland Verlag
2065;Niederlausitzer Verlag
2066;Niedersachsen-Dr.
2067;Niemeyer
2068;Nikol
2069;Nitzsche
2070;NoRa
2071;Noel-Verlag
2072;Nomen-Verl.
2073;NordStern
2074;Nordleuchten-Verlag
2075;Nordpark Verlag
2076;Not Yet Media LTD
2077;Notopolis Ed.
2078;Nova MD
2079;Nußrainer
2080;Nünnerich-Asmus Verlag & Media
2081;O.W. Barth
2082;OCM GmbH
2083;OE, Offenbacher Ed.
2084;OFFIZIN Zürich Verlag
2085;OSL
2086;OSTASIEN Verlag
2087;OVIS Deutschland GmbH
2088;Oase-Verl.
2089;Oberbaum
2090;Oberlausitzer Verlag
2091;Oberpfalzverlag Laßleben
2092;Oberschlesisches Eichendorff-Kultur- und Begegnungszentrum
2093;Oculus Kreativ
2094;Odenwald-Verlag
2095;Odenwaldkreis, Kreisausschuss
2096;Oeverbos Verlag
2097;Offizin Verlag
2098;Ogham Verlag
2099;Ohetaler Verlag
2100;Ohetaler-Verl.
2101;Oktober-Verl.
2102;Oldenburg e.V., Leseforum
2103;Oldigor-Verl.
2104;Oliver Walter Verlag
2105;Olms
2106;Olms-Weidmann
2107;Omniara
2108;Omnino Verlag
2109;Omnium-Verl.
2110;Op der Lay
2111;Opferkuch Verlag
2112;Opus Magnum
2113;Orange Cursor Verlag
2114;Ornament
2115;Ortsmuseum Binningen
2116;Osburg Verlag
2117;Oschinger, Wolfgang
2118;OsirisDruck
2119;Ostendorf Verlag
2120;Ostfalia-Verl.
2121;Ostfriesland Verlag
2122;Osttiroler Bote Medienunternehmen Ges.m.b.H.
2123;Otto
2124;Otto Lach Verlagsanstalt
2125;Otto Müller Verlag
2126;Otto-Johann-Verlag
2127;P & B
2128;P & L Edition
2129;PEN Austria
2130;PIDAX
2131;PMLakeman-Verlag
2132;PODIUM – Literaturkreis Schloss Neulengbach
2133;POSS Verlag
2134;PRO LYRICA
2135;PRONG PRESS
2136;PROOF Verlag
2137;PROverbis
2138;PRovoke Media
2139;Paarl Rock Publishers
2140;Palabros de Cologne
2141;Palatinum-Verl.
2142;Pallina, B.
2143;Pallotti
2144;Palm und Enke
2145;PalmArtPress
2146;Palmyra
2147;Pandion Verlag
2148;Pandämonium-Verlag
2149;Panga-Misi Verlag
2150;Panther Power Publ.
2151;Papageienzeit Verlag
2152;Papermoon
2153;Papierflieger
2154;Papierfresserchens MTM-Verlag
2155;Papierverzierer
2156;Paracelsus Buchhandlung & Verlag
2157;Paramon Verlag
2158;Paranus-Verl.
2159;Parlez
2160;Parthas
2161;Parzellers Buchverlag
2162;Passage-Verlag
2163;Passanten Verlag
2164;Passion Publ.
2165;Pastis-Verl.
2166;Patmos Verlag
2167;Patris-Verl.
2168;Pattloch Verlag
2169;Pauerstoff
2170;Paul Zsolnay Verlag
2171;Paulinus
2172;Paulo Freire Verlag
2173;Paulusverlag
2174;Pax et Bonum
2175;Pectus
2176;Pegasus Verein für kreatives Schreiben e.V.
2177;Pegasus-Verl.
2178;Pendo
2179;Pendragon
2180;Penguin Verlag
2181;Penn-Club 2000 e.V.-Verlag
2182;Pensieri&Confronti Editore
2183;Pep + No-Name-Verl.
2184;PerNi Publishing Unlimited
2185;Pereprava
2186;Periplaneta
2187;Pernobilis Edition im Engelsdorfer Verlag
2188;Persimplex-Verlag
2189;Petama-Project-Verl.
2190;Peter Hammer Verlag
2191;Peter Rathke Verlag
2192;Petri
2193;Petrus
2194;Pfeifenberger
2195;Pferdoman
2196;Philipp von Zabern
2197;Phillip Schmidt Verlag
2198;Picus Verlag
2199;Piepmatz-Verl.
2200;Pigmentar Verlag
2201;Pilgerverlag
2202;Pilum Literatur Verlag
2203;Pingpong-Verl.
2204;Pinguletta Verlag
2205;Piper
2206;Pirrot
2207;Plaggenhauer
2208;Plan9
2209;Playtime Verlag
2210;Plaza
2211;Plöchl
2212;PoCul-Verlag
2213;Poetenladen
2214;Pohlmann Verlag
2215;Polamedia-Verl.
2216;Polarise
2217;Pomaska-Brand
2218;Pop Verlag
2219;Port-Royal-Verl.
2220;Portmann
2221;Post-Verlag
2222;Praesens
2223;Praesens Verlag
2224;Preface Book
2225;Premio-Verl.
2226;Pressel
2227;Pretty Print
2228;Preußler
2229;Primero-Verl.
2230;Primär Verlag
2231;Principal-Verl.
2232;Printhaus Druck GmbH
2233;Printsystem Medienverlag
2234;Privated. Der Brunnen
2235;Priwet Litera
2236;Pro BUSINESS
2237;Pro Libro
2238;Pro Lyrica Grundversorgung
2239;Pro Mente Edition
2240;Pro Message
2241;ProKunde-Verl.
2242;ProMÖLLTAL - Initiative für Bildung, Kultur, Wirtschaft und Tourismus
2243;Progressing-Your-Ideas-GmbH
2244;Projekt Verlag
2245;Prolibris Verlag
2246;Promedia
2247;Prospero
2248;Provinz-Verl.
2249;Proyect Wogama
2250;Präsenz Medien & Verlag
2251;Pubbles
2252;Publ.-Textgemeinschaft
2253;Public book media Verlag
2254;Publishing, TORRO Kids
2255;Puntas Reportagen
2256;Puppen und Masken
2257;Puput Books
2258;Puregraphik
2259;Pustet
2260;Pädagogische Forschungsstelle beim Bund der Freien Waldorfschulen
2261;Péter Pál Meleghy
2262;Q5 Verlag
2263;Qindie
2264;Quadrate TV Evelyn und Hans-Georg Sandmann
2265;Quadratkreis-Autorenverl.
2266;Quadriga
2267;Quartierverein Riesbach
2268;Queich Verlag
2269;Quermarken-Verl.
2270;Querverlag
2271;Quetsche, Verl. für Buchkunst
2272;Quickborn Verlag
2273;Quickborn-Verlag
2274;Quintus-Verlag
2275;Quiqueg
2276;R & W Verlag der Editionen
2277;R. Hartmann
2278;R. Schley
2279;R.G. Fischer Verlag
2280;RDI-Verl.
2281;REGIA Verlag
2282;REGIA-CO-WORK
2283;RISSE e.V.
2284;RMd-Verlag
2285;ROPO-Verl.
2286;ROWOHLT Repertoire
2287;RS-Verlag
2288;Radius Verlag
2289;Raiffeisenbank Baden
2290;Raimund Fellner Verlag
2291;Ramlow
2292;Randexistenz
2293;Raposa Verlag
2294;Rasch
2295;Rathke
2296;Ratio-Books
2297;Rauch
2298;Rauhreif-Verl.
2299;Raum Italic
2300;Rautenberg
2301;Razamba
2302;Reader's Digest
2303;Reche
2304;Reclam
2305;Red Rabbit
2306;Redaktion Phantastik
2307;Redieck & Schade
2308;Rediroma Verlag
2309;Regelverlag
2310;Regia
2311;Regia Verlag
2312;Regina Mars c/o Block Services
2313;Regio Energie Solothurn
2314;Regionalia Verlag
2315;Regioverl. Südwest
2316;Reichert
2317;Reiffer
2318;Reimer
2319;Reimheim-Verlag
2320;Reimo-Verlag
2321;Reinecke & Voß
2322;Reinhardt
2323;Reischl Roland Verlag
2324;Reise-Know-How Verlag Erika Därr u. Klaus Därr
2325;Reise-Know-How-Verl. Hermann
2326;Reisebuch Verlag
2327;RenMai Verlag
2328;Renaissance-Verl. Marburg
2329;Rendezvous Verlag
2330;Renneritz Verlag
2331;Renáta Baumann-Chybová
2332;Residenz Verlag
2333;Residenzkaufhaus
2334;Resistenz-Verl.
2335;Rhein Wörtlich
2336;Rhein-Mosel-Verlag
2337;Rheingauer Mundartverein e. V.
2338;Rheinischer Landwirtschafts-Verl.
2339;Rheinlandia-Verl.
2340;RiWei-Verl.
2341;Richmond-Verl.
2342;Richter
2343;Rimbaud Verlag
2344;Ring of light
2345;Ringelberg Verlag
2346;Ringelbergverlag
2347;Ripperger & Kremers
2348;Ripperger & Kremers Verlag
2349;Ritschel
2350;Ritter
2351;Ritter Klagenfurt
2352;Riverfield Verlag
2353;RoRo Hand & Kopfwerkstatt
2354;Rockstuhl
2355;Roderer
2356;Rodneys Underground Press
2357;Rohans Verlag c/o Block Services
2358;Roki-Art VSH Verlag Schönrock & Heikamp
2359;Roland Klöpfer Verlag
2360;Roland Reischl Verlag
2361;RomanVerl.
2362;Romantruhe - Buchversand
2363;Rombach
2364;Romeon Verlag
2365;Romowe
2366;Rosamontis-Verl.
2367;Rosenfluh Publikationen AG
2368;Rosner
2369;Rosspoint
2370;Rostocker Frauenkulturverein Die Beginen e.V.
2371;Rot und Licht
2372;Rotabene Medienhaus
2373;Rotary-Verl.
2374;Rotblatt, Kater
2375;Rotbuch-Verl.
2376;Rotenbach-Verl.
2377;Rotpunktverlag
2378;Rotten Verlag
2379;Rowohl Polaris
2380;Rowohlt
2381;Rowohlt Berlin
2382;Rowohlt Hundert Augen
2383;Rowohlt Repertoire
2384;Rowohlt Taschenbuch Verlag
2385;Rowohlt Verlag GmbH
2386;Roßdorf : Wolfbach
2387;Rudolph
2388;Ruhland Verlag
2389;Ruhrkrimi-Verlag
2390;Ruhrliteratur
2391;Ryckschau
2392;Röll
2393;Röser-Presse
2394;Rübenberger Verl. Weiß
2395;Rüger
2396;S. Fischer Verlag
2397;S. Hirzel Verlag
2398;S. Roderer Verlag
2399;S. Sell Heimat-Verlag
2400;S.Fischer
2401;SCALA Verlag
2402;SCM
2403;SCRATCH Verlag
2404;SCW Auer-Sällef
2405;SE Stengel
2406;SELLBERG Verlag
2407;SIGNUM e. V. Dresden
2408;SJM-Verl.
2409;SJW
2410;SP-Verlag
2411;SPRACHFLECHTWERK
2412;SSE-Verl.
2413;SUKULTUR
2414;SWB-Verl.
2415;SWR Media Services GmbH
2416;Saarländisches Künstlerhaus
2417;Sabrina Kossel, Milchbart Company Leipzig
2418;SadWolf
2419;SadWolf Verlag
2420;Safari-Discoverer-Verlag
2421;Sagner
2422;Salier Verlag
2423;Salis
2424;Salon-LiteraturVerl.
2425;SalonPresse
2426;Salonlöwe-Verl.
2427;Salsa Verlag
2428;Salzgitter, Print & Lettershop
2429;Samenkorn e.V.
2430;Samples
2431;Sand
2432;SaniVal
2433;Sankt-Ulrich-Verl.
2434;Saphir im Stahl
2435;Sarastro
2436;Sarganserländer Verl.
2437;Sarturia Verlag e.K. Autoren Service
2438;Sascha Eysoldt Verlag
2439;Sassafras
2440;Satyr-Verl.
2441;Satz und Druck Herrmann AG
2442;SatzZeichen, Autorengruppe
2443;Satzwerk-Verl.
2444;Saunar
2445;Sautter, Verlag für Systemische Konzepte
2446;Schadinsky Verlag
2447;Schalita-Verl.
2448;Schalk-Verl. Scherer
2449;Schaltzeit-Verl.
2450;Schardt Verlag
2451;Schattenlicht-Verl.
2452;Scherz
2453;Schibri-Verlag
2454;Schiermeier
2455;Schiler
2456;Schiler & Mücke
2457;Schiler***5005585
2458;Schiller Verlag
2459;Schillinger Verlag
2460;Schillo-Verlag
2461;Schinken Verlag
2462;Schirner Verlag
2463;Schlosser
2464;Schlütersche
2465;Schmenk
2466;Schmetterling Stuttgart
2467;Schmid
2468;Schmid Otreba Seitz Medien
2469;Schmidt
2470;Schmidt & Klaunig
2471;Schmidt von Schwind
2472;Schmitz
2473;Schmöker-Verl.
2474;Schmöker-Verl. Bienert
2475;Schneider
2476;Schneider Hohengehren
2477;Schneider, Nadine
2478;Schnell
2479;Schnider
2480;Scholastika-Verlag
2481;Scholz
2482;SchreibStimme
2483;"Schreibgruppe ""ausgewundert"""
2484;Schreiblust-Verlag
2485;Schreibstark-Verlag
2486;Schreibwaren Wegmann Inh. Janos Metz e. K.
2487;Schreibwerkstatt Ost bei Edition Howeg
2488;Schreibwerkstatt SCHRIFT:gut
2489;Schroer
2490;Schruf & Stipetic
2491;Schröder Verlag
2492;Schuler
2493;SchumacherGebler
2494;Schuster
2495;Schwab, Jörg
2496;Schwager & Steinlein
2497;Schwalbe
2498;Schwarzbuch Verlag
2499;Schwarze-Zeilen Verlag
2500;Schwarzer Drachen
2501;Schwarzer Drachen Verlag
2502;Schwarzkopf & Schwarzkopf
2503;Schweikert-Bonn-Verl.
2504;Schweitzerhaus-Verl.
2505;Schweizer Literaturgesellschaft
2506;Schäfer
2507;Schöffling & Co.
2508;Schöler
2509;Schöningh
2510;Schönrock & Heikamp
2511;Schünemann
2512;Schütze, Engler, Weber
2513;Scribitur
2514;Scribo Verlag
2515;Secession, Verl. für Literatur
2516;Seeling
2517;Seestern Verlag
2518;Segler
2519;Seh-Weg-Verl.
2520;Seidler
2521;Seifert Verlag
2522;Seilschaft-Verl.
2523;Seitenblick
2524;Seitenstraßen Verlag
2525;Selbstlesebuch
2526;Selbstverlag
2527;Selbstverlag B.R.
2528;Selbstverlag KUBI
2529;Selbstverlag Peter Vogler
2530;Selbstverlag Susi Streichenberg
2531;Selbstverlag des Autors Wolfgang Bornemann
2532;Semann Verlag
2533;Semikolon-Verl.
2534;Semmelroch
2535;Senfkornverlag
2536;Seniorenschreibtisch der Stadt Puchheim
2537;Septime
2538;Septime Verlag
2539;Servitus-Verl.
2540;Servus Verlag
2541;Severus Verlag
2542;Shadodex - Verlag der Schatten
2543;Shaker Verlag
2544;Shakti & Sargam
2545;Shayol
2546;Shoebox House
2547;Shutterstock
2548;Sich
2549;Sieben Verlag
2550;SiebenSchreiber
2551;Siebenstern-Dr.
2552;Sigena-Verl.
2553;Silbenflink-Verl.
2554;Silberburg Verlag
2555;Silberkrone Verlag
2556;SilvForLife Design
2557;Silver-Horse-Ed.
2558;Simon Verlag für Bibliothekswissen
2559;Simonett & Baer
2560;SingLiesel Verlag
2561;Sinnbild-Verlag
2562;Sisyphus
2563;Situationspresse
2564;Siva-Natara Verlag
2565;Skarabäus
2566;Skopus-Verl.
2567;Skyfood Verlag
2568;Smart & Nett
2569;Smart Storys Verlag
2570;Societäts-Verlag
2571;Soeste-Verl.
2572;Sokrates & Freunde GmbH
2573;Solar Plexus
2574;Soli Netz
2575;Solibro-Verl.
2576;Soll-und-Haben-Verl.
2577;Somedia Buchverlag
2578;Sommerfeld
2579;Sonderpunkt-Verl.
2580;Songdog-Verl.
2581;Sonnenberg
2582;SoralPro-Verl.
2583;SpaceNet Verlag
2584;Spaß am Lesen Verlag
2585;Specht, Ulrich
2586;Spector Books
2587;Sperling-Verlag
2588;Sphera-Verl.
2589;Sphinx Agency
2590;Spica-Verl.
2591;Spielberg Verlag
2592;Spirit-Rainbow-Verl.
2593;Spohr
2594;Springer
2595;Sprudelkiste.com Gleißner
2596;Spurbuchverlag
2597;Sputniks Werbeagentur
2598;St. Benno Verlag
2599;St. Johannis-Druckerei
2600;Staackmann
2601;Stadt Erfurt
2602;Stadt Hattingen
2603;Stadt Hilden
2604;Stadt Ostseebad Rerik
2605;Stadt Vechta
2606;Stadtbibliothek Prenzlau
2607;Stadtgemeinde Perg
2608;Stadthaus-Verl.
2609;Stadtlichter-Presse
2610;Stangl & Taubald
2611;Steffen
2612;Steidl
2613;Steidl Verlag
2614;Stein-Medien
2615;Steinmann
2616;Steinverl.
2617;Stekovics
2618;Stellwerck-Verl.
2619;Stephan Moll Verlag
2620;Stephanie Feyerabend Verlag
2621;Stephenson, C
2622;Sternensammler-Verl.
2623;Sternensand Verlag
2624;Stickenbütteler Kreisverl.
2625;Stiftung Kantonsbibliothek Uri
2626;Stocker
2627;Stockwärter Verlag
2628;Storia-Verl.
2629;Stories & Friends
2630;Story Town - Derek Meister & Marion Meister GbR c/o Papyrus Autoren-Club
2631;Storyhouse-Verl.
2632;Storyvents
2633;Strandläufer Verlag
2634;StraussEdition
2635;Streifen-Verl.
2636;Strichpunkt-Verl.
2637;Stroemfeld
2638;Strozpress
2639;Struktur Verlag
2640;Studia Universitätsverlag
2641;StudienVerlag
2642;Studio Raster
2643;Stumpp
2644;Stutz Druck AG
2645;Styria Verlag
2646;Stämpfli
2647;Subkultur
2648;Subrosa-Verl.
2649;Suhrkamp Verlag
2650;Sujet Verlag
2651;Sure-Publishing
2652;Surface Book
2653;Susan Schoch Verlag
2654;Sutton
2655;Sutton Verlag
2656;Sutton Verlag GmbH
2657;Svato
2658;Sylcho Studio
2659;Synergen-Verl.
2660;SüdOst Verlag
2661;Süddt. Zeitung GmbH
2662;Südostschweiz-Buchverl.
2663;Südverl.
2664;Südwest
2665;TAK - Tiroler Autorinnen und Autoren Kooperative
2666;TBT Verlag
2667;TEXT/RAHMEN e.U.
2668;THK-Verlag UG
2669;THW Österreich
2670;TRIGA - Der Verlag
2671;TRUANT UG
2672;TVZ, Theologischer Verlag Zürich
2673;TWENTYSIX
2674;TZ-Verl.
2675;Tagwerke Verlag
2676;Talawah Verlag
2677;Tappeiner
2678;Tauberverlag
2679;Tauriska
2680;Tausendschlau-Verl.
2681;TeGe-Verlag
2682;Teaterverl. Elgg
2683;Tectum-Verl.
2684;Tele Entertainment
2685;Telegramme Verlag
2686;Telescope-Verl.
2687;Telesma
2688;Tennemann
2689;Testudoverl.
2690;Texianer Verlag
2691;Text-Atelier Leipzig
2692;Text-Bild-Ton Verlag Heike Hagenmaier
2693;TextLustVerl.
2694;Textem Verlag
2695;Textgemeinschaft, Anthologie
2696;Textkontor
2697;Textmanufaktur
2698;Thami Verlag
2699;Thanatos Verlag
2700;The Dandy is Dead
2701;The Dreamcatcher
2702;Thekla Verlag GbR
2703;Theodor Boder Verlag
2704;Theologischer Verlag Zürich
2705;Thesis-Verl.
2706;Thiele & Schwarz
2707;Thielmann
2708;Thomas Mann-Gesellschaft Hamburg
2709;Thomas Rüger Verlag
2710;Thomas-Morus-Bildungswerk
2711;Thon
2712;Thurm Verlag
2713;Thurneysser
2714;Tierbuchverlag Irene Hohe
2715;Till Schaap Edition
2716;TimpeTe-Verlag
2717;Tirom-Verlag
2718;ToMa
2719;TonStrom-Verl.
2720;Tonn
2721;Topalian & Milani Verlag
2722;Topp + Möller
2723;Tordenfjord-Verl.
2724;Torner
2725;Totechöpfli
2726;Trabanten Verlag
2727;Traumstunden-Verl.
2728;Traumwelt Verlag
2729;Trauner
2730;Trautmann
2731;Treffen Junger Autoren
2732;Treibgut-Verl.
2733;Treibhaus e.V.
2734;Trierer Autoren Treff, Trierer Autoren
2735;Trikont
2736;Trikont-Duisburg
2737;Trikont-Duisburg, Dialog-Edition
2738;Tropen
2739;Trottoir Noir
2740;Trotz-Verl.
2741;Truso-Verl.
2742;Trägerverein Werkraum Abersee und Kulturhauptstadt 2024 Salzkammergut
2743;Trötsch Verlag GmbH & Co. KG
2744;Turmschreiber-Verl.
2745;Turnshare
2746;Turricula Verlag
2747;Twilight-Line Verlag
2748;Two Books
2749;Typo.M
2750;Typostudio Schumacher-Gebler
2751;Tyrolia-Verlag
2752;TösterKultur e.V.
2753;Tübinger Buchhandlung Wekenmann unter der Schirmherrschaft von Dr. Daniela Hüttig, Erste Landesbeamtin, und in Kooperation mit der Tübinger Museumsgesellschaft
2754;U-Line-Verl.
2755;UBV
2756;UND-Verlag
2757;Ubooks-Verl.
2758;Ulenspiegel-Verl.
2759;Ulisses Spiele
2760;Ulli Verlag
2761;Ullstein Verlag
2762;Ulrich Diehl Verlag
2763;Ulrike Helmer Verlag
2764;Ultimomondo
2765;Ultraviolett Verlag
2766;Umbrella - Fachverl. für Wiss. und Technik
2767;Undercoverbooks
2768;Undine
2769;UniScripta-Verl.
2770;Unionsverlag
2771;Unipress Verlag
2772;United p.c.
2773;Univ. Palackého
2774;Univ.-Verl. Halle-Wittenberg
2775;Universaar
2776;Universal Frame
2777;Universitätsverlag
2778;Universitätsverlag Chemnitz
2779;Universitätsverlag Potsdam
2780;Universo
2781;Unsichtbar Verlag
2782;Unterdruck Verlag
2783;Urachhaus
2784;Ursus-Verl.
2785;Utrata Fachbuchverlag
2786;V. F. Sammler
2787;VAS - Verlag für Akademische Schriften
2788;VAT Verlag
2789;VDG
2790;VEG
2791;VERARA-Verl. an der Rabnitz
2792;VERLAG PH. C.W. SCHMIDT
2793;VEVAIS EDITION's
2794;VF Die Fontäne
2795;VGS Verlagsgenossenschaft St. Gallen
2796;VHV, Literatur & Kultur Verlag
2797;VNA
2798;VNL, Verl. Neue Literatur
2799;VOLLTEXT – Zeitschrift für Literatur
2800;VS
2801;VSA-Verl.
2802;VSH Verlag Schönrock & Heikamp
2803;VTA
2804;VV, Veltener Verl.-Ges.
2805;Valentin
2806;Vallentin
2807;Van Helmont, Verlag  für verborgene Talente
2808;Vantage-Point-World-Verl.
2809;Vehling Verlag
2810;VentVerl.
2811;Ventil-Verl.
2812;Ventura-Verl.
2813;Verband deutscher Schriftstellerinnen und Schriftsteller in ver.di – Landesverband Bayern, Verband deutscher Schriftstellerinnen und Schriftsteller in ver.di –. Landesverband
2814;Verbrecher-Verl.
2815;Verein ALSO (Anno Literatur Sonntag)
2816;Verein Alltag-Verl.
2817;Verein Frauenhäuser Steiermark, Verein Frauenhäuser
2818;Verein Glitter
2819;Verein Gruppe Wespennest
2820;Verein Literaturgruppe Perspektive
2821;Verein Salzburger Literaturforum Leselampe
2822;Verein Zeitschrift delirium
2823;Verein zur Förderung der Raumfahrt e.V.
2824;Verein zur Förderung des Literaturschaffens zwischen Deutschen und Polen
2825;Verein zur Förderung und Vernetzung von Jugendkultur
2826;Verl. 28 Eichen
2827;Verl. 3.0
2828;Verl. APE-Ed.
2829;Verl. Alta Silva
2830;Verl. Antilope
2831;Verl. Art of Arts
2832;Verl. BBB
2833;Verl. Buch + Bild
2834;Verl. BuchJuwel
2835;Verl. Bücherwurm
2836;Verl. Casa
2837;Verl. Das Arsenal
2838;Verl. Das Fünfte Tier
2839;Verl. Das Netz
2840;Verl. Desertina
2841;Verl. Die Furt
2842;Verl. Drei Wege
2843;Verl. Ed. AV
2844;Verl. Einundsiebzig
2845;Verl. Federfrei
2846;Verl. Fun Toy
2847;Verl. Gbp Productions
2848;Verl. Harlekination
2849;Verl. Hephaistos
2850;Verl. Junger Autoren
2851;Verl. Künstlernische
2852;Verl. Make a Book
2853;Verl. Maria zur Ehre
2854;Verl. Mitternachtsblume
2855;Verl. Neue Literatur
2856;Verl. P & B, Bächtold
2857;Verl. Pi
2858;Verl. Pro Business
2859;Verl. Razamba
2860;Verl. RegioKom
2861;Verl. Regionalkultur
2862;Verl. Rotabene-Medienhaus
2863;Verl. Ruppiner Lesezeichen
2864;Verl. S.MO
2865;Verl. SCW Auer-Sällef
2866;Verl. Sankt Michaelsbund
2867;Verl. Schatzsucher
2868;Verl. St. Michaelsbund
2869;Verl. Thusnelda-Kühl-Ges.
2870;Verl. Unibuch
2871;Verl. Vokal
2872;Verl. Vorwerk 8
2873;Verl. Waldkirch
2874;Verl. Wort im Bild
2875;Verl. Wortspiel Literatur
2876;Verl. ZPV
2877;Verl. am Birkenhain
2878;Verl. am Ufer der Schlei
2879;Verl. auf der Warft
2880;Verl. der Ideen
2881;Verl. der Luth. Buchh. Harms
2882;Verl. der Rheinhessischen Druckwerkstätte
2883;Verl. des Arbeitskreises Regionalgeschichte
2884;Verl. für Ethnologie
2885;Verl. für Innovation
2886;Verl. für Kultur und Wiss.
2887;Verl. für Kurzes
2888;Verl. für Ostfriesland, Soltau-Kurier
2889;Verl. im Proberaum 3
2890;Verl. im Spitzdach
2891;Verl. infra-text
2892;Verl. und Ed. DaDa-Research-Center
2893;Verl.-Buchh. Ehm Welk
2894;Verl.-Gemeinschaft Topos Plus
2895;Verl.-Haus El Gato
2896;Verl.-Haus Hernals
2897;Verl.-Haus Monsenstein und Vannerdat
2898;Verl.-Haus Speyer
2899;Verlach
2900;Verlag 28 Eichen
2901;Verlag A. Weger
2902;Verlag Agentur Altepost 2015
2903;Verlag Aichmayr
2904;Verlag Akademie-der-Abenteuer
2905;Verlag Alte Schule Dr. Bechberger
2906;Verlag Andrea Schröder
2907;Verlag Antje Kunstmann
2908;Verlag Atelier im Bauernhaus
2909;Verlag Attenkofer
2910;Verlag Auf dem Ruffel
2911;Verlag BKWiesli
2912;Verlag BS
2913;Verlag Barbara Budrich
2914;Verlag Begegnungen
2915;Verlag Berger
2916;Verlag Bernhard Bayer
2917;Verlag Bild, Text & Mehr
2918;Verlag Blaues Schloss
2919;Verlag Buchschmiede von Dataform Media GmbH
2920;Verlag CCU
2921;Verlag Ch. Möllmann
2922;Verlag Co-Buch
2923;Verlag Delp GmbH & Co. KG
2924;Verlag Der Apfel
2925;Verlag Der Raum
2926;Verlag Dialog-Edition
2927;Verlag Die Auslese
2928;Verlag Die Blaue Eule
2929;Verlag Die Blindschleiche
2930;Verlag Die Büchse
2931;Verlag Die Werkstatt
2932;Verlag Donata Kinzelbach
2933;Verlag Dortmunder Buch
2934;Verlag Dr. Frank GmbH
2935;Verlag Dr. Kovač
2936;Verlag Dr. Thomas Balistier
2937;Verlag Eckhard Bodner
2938;Verlag Edition Bad Wimpfen
2939;Verlag Edition Thaleia
2940;Verlag Einfach Lesen
2941;Verlag Erhard Lemm
2942;Verlag Ernst Vögel
2943;Verlag Expeditionen
2944;Verlag FELIX AG
2945;Verlag Frauenmuseum
2946;Verlag Freies Geistesleben
2947;Verlag Georg D.W. Callwey GmbH & Co. KG
2948;Verlag Gueran
2949;Verlag Hannes Hofinger
2950;Verlag Hans Reiter
2951;Verlag Hans Schiler
2952;Verlag Ingo Munz
2953;Verlag Iris Förster
2954;Verlag Janos Stekovics
2955;Verlag Joachim Pohlmann
2956;Verlag Johannes Heyn
2957;Verlag Jörg Mitzkat
2958;Verlag Jürgen Rietschel
2959;Verlag Kadera
2960;Verlag Karim Pieritz
2961;Verlag Karl Maria Laufen
2962;Verlag Kern
2963;Verlag Klaus Wagenbach
2964;Verlag Kleine Schritte
2965;Verlag Kremayr & Scheriau
2966;Verlag Kurt Roessler
2967;Verlag Külzer-Schröder
2968;Verlag La Quercia
2969;Verlag Lassleben
2970;Verlag Leben in der Sprache
2971;Verlag M. Boerner
2972;Verlag Mainz
2973;Verlag Martina Nell
2974;Verlag Menne & Töchter
2975;Verlag Merzinger-Pleban
2976;Verlag Michaela Naumann
2977;Verlag Mis Buech, Schaub Medien AG
2978;Verlag Momentaufnahme
2979;Verlag Mondwolf
2980;Verlag Märchenhaft leben
2981;Verlag Nadine Baumann
2982;Verlag Nina Roiter
2983;Verlag Nina Roiter, der oberösterreichische Verlag
2984;Verlag Peter Grohmann Nachfolger
2985;Verlag Peter Hopf
2986;Verlag Plaggenhauer
2987;Verlag Ploder
2988;Verlag Ralf Ave
2989;Verlag Ralf Liebe
2990;Verlag Raven
2991;Verlag Redieck & Schade
2992;Verlag Reinhard Marheinecke
2993;Verlag Renate Brandes
2994;Verlag Rockstuhl
2995;Verlag Roloff
2996;Verlag Roswitha Neumann
2997;Verlag Rote Zahlen
2998;Verlag SE Stengel
2999;Verlag SPIEL
3000;Verlag Sami
3001;Verlag Schnell
3002;Verlag SchriftStella
3003;Verlag Schönrock & Heikamp
3004;Verlag Seelenberührungen Eva-Maria Klöhr
3005;Verlag Tasten & Typen
3006;Verlag Thomas Tonn
3007;Verlag Tobias Dannheimer
3008;Verlag Torsten Low
3009;Verlag Traugott Bautz GmbH
3010;Verlag UMWELTBILD
3011;Verlag Uwe Krebs
3012;Verlag Waldkirch
3013;Verlag Walter Leimeier
3014;Verlag Weisse Drei
3015;Verlag Wolfau-Druck AG
3016;Verlag Xvarnah
3017;Verlag am Dom
3018;Verlag am Eschbach
3019;Verlag am Rande
3020;Verlag am Schloss
3021;Verlag am Sipbach
3022;Verlag an der Ruhr
3023;Verlag beim Augarten
3024;Verlag d'Harfleur
3025;Verlag der 9 Reiche
3026;"Verlag der Brandenburgischen Genealogischen Gesellschaft ""Roter Adler"" e. V."
3027;Verlag der Buchhandlung Matussek
3028;Verlag der Donauschwäbischen Kulturstiftung
3029;Verlag der Heimatstube Altenau-Schulenberg
3030;Verlag der Nation
3031;Verlag der Ostwestfalen-Akademie
3032;Verlag der Schatten
3033;Verlag der Theodor Kramer Gesellschaft
3034;Verlag der Villa Fledermaus
3035;Verlag der neun Reiche
3036;Verlag des Biographiezentrums
3037;Verlag des Landkreises Roth
3038;Verlag deutex
3039;Verlag edition viva
3040;Verlag fischueberalles.ch
3041;Verlag freiheitsbaum, edition Spinoza
3042;Verlag für Geschichte und Kultur
3043;Verlag für Geschriebenes und Druck A.L. Dudov
3044;Verlag für Moderne Phantastik Gehrke
3045;Verlag für fremdsprachige Literatur
3046;Verlag im Institut Drachenhaus
3047;Verlag und Buchhandlung der Evangelischen Gesellschaft GmbH
3048;Verlag und Offsetdruck Eppe GmbH
3049;Verlag von Schröter + Mieg GbR
3050;Verlag, Mondschein Corona
3051;Verlagsgemeinschaft topos plus
3052;Verlagsgruppe Verlagshaus Schlosser
3053;Verlagshaus Hernals
3054;Verlagshaus Schlosser
3055;Verlagshaus el Gato
3056;Verleysdonk
3057;Verrai-Verlag
3058;Versus
3059;Verweiledoch-Verl.
3060;Vesi
3061;Veste-Verl. Roßteutscher
3062;ViCON-Verlag
3063;Via Regia Verlag
3064;ViaTerra-Verl.
3065;Vidal Verlag
3066;Vielfalt Verlag
3067;Vier-JahreszeitenHaus, Verl. im Münsterland
3068;Vindobona Verlag
3069;Violet Truelove
3070;Vitalis
3071;Vitolibro
3072;Vja
3073;VoG - Verlag ohne Geld
3074;VoG Verlag ohne Geld e.K.
3075;Vogelgesang Verlag
3076;Vogelherd-Verl.
3077;Vohodi
3078;Voland & Quist
3079;Volk Verlag
3080;Von Herzen Verlag
3081;Von-Loeper-Literaturverl.
3082;Vonderheit
3083;Voodoo Press
3084;Vögel
3085;W3-Verl.-Ges.
3086;WDL-Verlag
3087;WDS-Verl.
3088;WESER-KURIER, Kulturredaktion, Dr. Hendrik Werner
3089;WFB-Verlagsgruppe
3090;WHB Verlag
3091;WHK-Verl.
3092;WHK-Verlag
3093;WHV Wolfgang Hager Verlag
3094;WIFA Druck und Verlag
3095;WOA-Verl.
3096;WOLL Verlag
3097;WORTSCHAU Verlag
3098;WaRo-Verlag Heidelberg
3099;Wachholtz
3100;Wado-Verl.
3101;Wage-Verl.
3102;Wagenbach
3103;Wagner Verlag
3104;Walde + Graf Verlagsagentur und Verlag
3105;Waldgut Verlag
3106;Waldkirch Verlag
3107;Wallimann
3108;Wallstein Verlag
3109;WandelWerk Publishing
3110;Wanner Publishing
3111;Wartberg Verlag
3112;Wartburg Verlag
3113;Wasserburg Rindern
3114;WattLiteraten, Autorengemeinschaft
3115;Wattpad corp.
3116;Waxmann
3117;Web-Site-Verl.
3118;Weber
3119;WeberVerlag.ch
3120;Weerts Verlag
3121;Weg und Ziel
3122;Weger
3123;Wehrhahn Verlag
3124;Weidler
3125;WeimarArt
3126;Weimarer Schiller-Presse
3127;Weimarer Verlagsgesellschaft
3128;Weishaupt Verlag
3129;Weiss-Verl.
3130;Weisz auf Schwarz – Literatuzeitschrift
3131;Weitschat
3132;WelkenVerlag
3133;Wellhausen & Marquardt
3134;Wellhöfer Verlag
3135;Weltbild
3136;Weltbuch
3137;Weltklasse Miteinander Verlag e.U.
3138;Wendepunkt Verlag
3139;Wendorf Verlag
3140;Wenn Nicht Jetzt-Verlag
3141;Wenner
3142;Wenng
3143;Wenz
3144;Werd & Weber Verlag
3145;Werd Verlag
3146;Werdewelt Verlags- und Medienhaus
3147;WerkdruckEDITION
3148;Werkkreis Literatur der Arbeitswelt - Werkstatt Wien
3149;Werkstätten-Verl.
3150;Werner A. Prochazka
3151;Werner Schüller
3152;Westarp BookOnDemand
3153;Westermann
3154;Westflügel Verlag
3155;Westfälische Wilhelms-Universität Münster, Zentrale Kustodie
3156;Westkreuz-Verlag
3157;WeyTeCon Förlag
3158;WeyTeCon Förlag (WF)
3159;Weyand
3160;WiderWort-Verl.
3161;Wiebers Verlag
3162;Wieden-Verl.
3163;Wiedenverlag
3164;Wiener Volkshochsch.
3165;Wiesenburg Verlag
3166;Wiesengrund Verlag
3167;Wieser Verlag
3168;Wifa Verlag GmbH
3169;Wilhelm Heyne Verlag
3170;Wind Child Publishing
3171;Wind und Sterne
3172;Windhauch Verlag
3173;Windsor Verlag
3174;Windspiel
3175;WirFinden.Es Naß und Hellie GbR
3176;Wirtschaftsverl. N. W., Verl. für Neue Wiss.
3177;Wirtschaftsverlag W.V. GmbH
3178;Wiss. Buchges.
3179;Wiss. Verl. Bachmann
3180;Wiss.-Verl.
3181;Wissenmedia
3182;Wittaverl.
3183;Wittgenstein Verlag
3184;Wißner-Verlag
3185;Wohlrab
3186;Wolbern
3187;Wolf
3188;Wolf Präsente GmbH
3189;Wolfbach
3190;Wolff Verlag
3191;Wolfgang Hager Verlag
3192;Wolfgang Pfeifenberger Verlag
3193;Wolkenreiter-Verl.
3194;Woll Verlag
3195;Worms Verlag
3196;Wort-und-Mensch-Verl.
3197;Wortfeger Media
3198;Worthandel-Verl.
3199;Wortspieler
3200;Wortvergnügen
3201;Wunderhorn
3202;Wunderlich
3203;Wunderraum
3204;Wunderwaldverl.
3205;Wunderwaldverlag
3206;Wurdack Verlag
3207;Wydawnictwo Tadeusz Serocki
3208;Wörterseh
3209;XOXO Verlag
3210;XS-Verl.
3211;Xanthippe
3212;Xuxelia Verlag
3213;Yantra
3214;Yara-Ed.
3215;Yellow King Productions
3216;Yeotone
3217;Youcanprint
3218;Young Stories, Frankfurt
3219;ZIEL
3220;Zaunkönigin-Verl. Müller
3221;Zeitschnur-Verl.
3222;Zenker, Jan M.
3223;Zenkert
3224;Zenos-Verl.
3225;Zero Verlag
3226;Ziebarth Verlag
3227;Ziethen
3228;Zoppelberg-Verl.
3229;Zweitausendeins
3230;Zwiebelzwerg Verlag
3231;Zytglogge Verlag
3232;Zürcher Kantonalbank
3233;[SIC] – Literaturverlag
3234;[kon] Paper e.V.
3235;ab Edizioni Alpha Beta Verlag
3236;adakia Verlag
3237;adeo
3238;alit - Verein Literaturstiftung
3239;alit - Verein Literaturstiftung Zürich
3240;allbärn-verlag
3241;amardi verlag
3242;amarto
3243;art & words
3244;artkonzeptkörner
3245;assoverlag
3246;audimax Medien
3247;aws Literatur
3248;axel dielmann verlag
3249;be.bra wissenschaft verlag
3250;beTHRILLED
3251;beingoo
3252;belkastudio
3253;bene! Verlag
3254;blackanist publications by Marco Neumann Verlag
3255;blue rhino verlag
3256;blv
3257;boox-verlag
3258;brennt! GmbH
3259;btb
3260;bu-bu der bunte buchladen
3261;buch+musik ejw-Service gmbh
3262;buch.ome - Offsetzdruckerei Karl Grammlich GmbH
3263;buchwerft-verlag.de
3264;burgart-presse
3265;c/o autorenglück.de, Stina Milner
3266;cW-Nordwest-Media-Verl.-Ges.
3267;camino
3268;cap-books
3269;capybarabooks
3270;cbm verlag
3271;ch. falk-verlag
3272;chiliverlag
3273;comediantes
3274;container press
3275;creomira
3276;cri-ki-Verl.
3277;crimetime
3278;custos verlag
3279;dahlemer verlagsanstalt
3280;danube books
3281;de La Porte
3282;debux-Verl.
3283;denkhaus Verlag
3284;der VHS-Baar, Kreative Schreibwerkstatt
3285;der blaue reiter
3286;destinatio Verlag
3287;disadorno edition
3288;dissertation.de
3289;dt-Verl.
3290;dtv Verlagsgesellschaft
3291;duotincta
3292;dup, düsseldorf university press
3293;dvg, Digitalverl.
3294;düsseldorf university press
3295;eFeF-Verlag
3296;ebersbach & simon
3297;echomedia buchverlag
3298;echt EMF
3299;edition AZUR
3300;edition Friedenauer Brücke
3301;edition assemblage
3302;edition bodoni
3303;edition bücherlese
3304;edition chrismon
3305;edition dreiklein
3306;edition editka
3307;edition federleicht
3308;edition fza
3309;edition fünf
3310;edition grundrisse
3311;edition imaginär
3312;edition k&s
3313;edition keiper
3314;edition libica
3315;edition libica Simone Stefanie Klein
3316;edition lichtung
3317;edition maya
3318;edition mosaik
3319;edition naundob
3320;edition petit
3321;edition promenade
3322;edition q im bebra verlag
3323;edition sanderling
3324;edition silbenreich
3325;edition sine
3326;edition sonne und mond
3327;edition talpa mundum ferens
3328;edition wohlwill
3329;edition worte&werke
3330;edition zebra
3331;edition.inspiration
3332;edition_aixact
3333;editionmevinapuorger
3334;editionsmueller
3335;editionwort
3336;editum
3337;elfundzehn
3338;enPunto
3339;erscheint jährlich in der Edition Angewandte bei De Gruyter
3340;es-Verlag
3341;eta Verlag
3342;fabrik.transit
3343;fabula Verlag Hamburg
3344;fallen star
3345;fe-medienverlag
3346;felu Verlag
3347;fhl Verlag
3348;fibre
3349;fineBooks
3350;fortfolgendes
3351;frechverlag GmbH
3352;freiraum-verlag
3353;für neues bewusst-sein
3354;ggverlag
3355;guhl glaser, st.
3356;hendrik Bäßler verlag
3357;hkk Krankenkasse
3358;hochroth
3359;hockebooks
3360;holapress
3361;homunculus verlag
3362;hy-buchedition
3363;ib-lyric, artfactory
3364;ibidem-Verlag
3365;ideaFactory Geiler, Thiessen & Uhlig GbR
3366;ihleo verlag
3367;in-Cultura.com
3368;indayi Edition
3369;irrgarten Verlag
3370;jmb-Verlag
3371;kbw bibelwerk
3372;klausur-verlag
3373;konkursbuch verlag
3374;kuk
3375;kukma - Kunst- und Kulturverein
3376;kunstanstifter
3377;kurz & bündig Verlag
3378;laurin
3379;lebema.ch
3380;lectorbooks, ein Imprint der Torat GmbH
3381;lehmanns media
3382;lila-verlag.ch
3383;literatur:vorarlberg
3384;luv Verlag
3385;mXpro
3386;mainbook
3387;mandelbaum verlag
3388;manggei verlag
3389;manitu-books
3390;manuskripte-Literaturverein
3391;mare
3392;mariprosa
3393;marixverlag
3394;maudrich
3395;mbassador GmbH
3396;mediaKern
3397;medimont
3398;meinbesteller.de
3399;menani GmbH
3400;mgo Fachverlage
3401;mikrotext
3402;modo
3403;morgenroth media
3404;moses Verlag
3405;muc Verlag
3406;mvg verlag
3407;myMorawa
3408;myshow Verlag
3409;münstermann
3410;münstermitte medienverlag
3411;neobooks
3412;netzbuchladen.de
3413;nicolai
3414;novum Verlag
3415;octOpus
3416;ohneohren verlag
3417;onomato verlag
3418;ostbooks
3419;outlook Verlag
3420;p.l.o.t. e.V.
3421;p.machinery
3422;parasitenpresse
3423;pavée - peter appeltauer vélo edition
3424;pdk-Verl.
3425;peppair GmbH
3426;pkp Verlag
3427;plV-Media
3428;plattform
3429;pro MESSAGE
3430;pro Monstein
3431;pro mente edition
3432;product verlag
3433;projektverlag
3434;public book media verlag
3435;pudelundpinscher
3436;pyjamaguerilleros
3437;pünktchen Kinderbuchverlag
3438;quartus-Verlag
3439;radio 3
3440;ratio-books
3441;rbb
3442;re:sonar verlag
3443;read4joy
3444;riki
3445;riva
3446;rohumedia
3447;rosenheimer
3448;rulSuspense Verlag
3449;rüffer & rub
3450;scius
3451;scribaria
3452;scridelio
3453;skript-Verlag
3454;smp, swb media publishing
3455;sonderzahl
3456;sonne & mond
3457;spree-books (spree-media.net GmbH)
3458;steinbach sprechende bücher
3459;stirnholz Verlag
3460;story.one
3461;sujet verlag
3462;swiboo.ch
3463;synergenVerlag
3464;telegonos-publishing
3465;thrillercriminal.com Community
3466;tolino media
3467;tosa
3468;tpk-Verlag
3469;trafo
3470;tredition
3471;tunkan
3472;tvd-Verl.
3473;uli-jungbluth-press
3474;unartproduktion
3475;vHVerlag
3476;vabaduse.de
3477;van Aaken
3478;van Eck Verlag
3479;vbb, Verlag für Berlin-Brandenburg
3480;verlag am park
3481;verlag die brotsuppe
3482;verlag heil.reisen
3483;verlag honigbauch
3484;verlag.marless.de
3485;verlageinundsiebzig
3486;verlagsallianz
3487;via Pho.to-Tool/ Made by Photo Lab, Fritz
3488;viademica.verlag berlin e. Kfm.
3489;vomhörensehen medienagentur
3490;von Bockel
3491;von Reeken
3492;von Zabern
3493;von dem Knesebeck GmbH & Co. Verlag KG
3494;wbg Edition
3495;weissbooks.w
3496;wek-Verl.
3497;wesText Verlag
3498;wespen-kontor
3499;wir sind lesenswert – Verein für Literatur
3500;wirschreibenfürahrweiler, Autorengemeinschaft
3501;wortbau e.V.
3502;worttransport.de
3503;wtp-verlag
3504;wtv
3505;www.hairfashionplus.ch
3506;www.ideenteufel.de
3507;www.stejnar-verlag.com
3508;xenomoi
3509;xlibri
3510;zebra bw
3511;zepp.text Verlag
3512;zocher & peter
3513;zu Klampen!
3514;zwiebook
3515;Çizgi Kitabevi
3516;Èditions à la Carte
3517;Éd. L'Oreille du Loup
3518;Éd. Saint-Paul
3519;Éditions Guy Binsfeld
3520;Írott Szó Alapítvány
3521;ÖBB Personenverkehr AG, Personalmanagement Kärnten
3522;Österr. Kunst- u. Kulturverl.
3523;Österreichische Literaturgesellschaft
3524;Österreichischer Schriftsteller/innenverband
3525;Österreichisches Literaturforum
3526;ß Verlag
