zeitschrift_id;issn;zeitschrift_name;creator;zeitschriftverlegtvon;erstveroeffentlichung;zyklus;auflagenhöhe;Quelle
;;& Radieschen;"Plammer, Andreas;Anders, Robert";Verein ALSO (Anno Literatur Sonntag);2006;viermal jährlich;?;
;0721-0493;[kon]-paper;"Lobodzinski, Pia;Hell, Julia";[kon] Paper e.V.;2015;jährlich;1000;
;1618-1727;[SIC];"Wenzel, Christoph;Ketteler, Daniel";[SIC] – Literaturverlag;2005;unregelmäßig etwa alle drei Jahre;?;
;2199-6636;Abwärts;"Mießner, Robert;Papenfuß, Bert;Pehlemann, Alexander;Pohl, Kai;Ret, Stefan;Schreier, Andreas;Schulz, Kristin;Velarde, Hugo;Wolf, Dietmar;Wildange, Karsten";BasisDruck Verlag;2014;3-4 mal pro Jahr;?;https://zdb-katalog.de/title.xhtml?idn=1050007816&view=brief
;0002-3957;Akzente;"Krüger, Michael;Lendle,  Jo";Carl Hanser Verlag;1954;vierteljährlich;2000;https://zdb-katalog.de/title.xhtml?idn=01000193X&view=full
;0720-3098;Allmende – Zeitschrift für Literatur;Schmidt-Bergmann, Hansgeorg;Mitteldeutscher Verlag;1981;halbjährlich;2000;
;0721-0493;Am Erker;"Deggerich, Georg;Feldmann, Joachim;Funk, Gerald;Heckmann, Andreas;Jensen, Marcus;Lingnau, Frank";Daedalus Verlag;1977;halbjährlich;?;https://www.literaturport.de/literaturzeitschriften/register/zeitschrift/am-erker/
;2960-4281;apostrophe;"Hengstberger, Anna;Arbinger, David;Baumgartner, Katharina;Zeller, Maximilian";Verein zur Förderung und Vernetzung von Jugendkultur;2020;halbjährlich;?;https://www.proberaumscheibbs.com/product-page/ausgabe-5
;2518-3583;ausreißer - die Grazer Wandzeitung;Schalk, Evelyn;;2004;vier bis fünfmal jährlich;?;https://portal.issn.org/resource/ISSN/2518-3583
;1613-6713;außer.dem;"Mund, Pega;Steigenberger, Armin;Steigenberger, Christel;Steiner, Thomas";p.l.o.t. e.V.;1999;jährlich;?;https://portal.issn.org/resource/ISSN/1613-6713
;1618-1727;BELLA triste ;"Briks, Lina;Bullerdiek, Lisa;Busch, Tilman;Dönicke, Clara;Galm, Jonas;Hecken, Nina;Kuppen, Lara;Pfeiffer, Agnes";BELLA triste e.V.;2001;dreimal jährlich;2.400;https://www.bellatriste.de/impressum
;;DAS GRAMM;Sielemann, Patrick;DAS GRAMM e.K.;2021;alle zwei Monate;?;
;2409-0222;Das Magazin;;Kurznachzehn Verlag;1924;monatlich;46000;
;nur ISBNs pro Ausgabe;Das Narr;"Frauchiger, René;Gloor, Lukas";Das Verlag;2011;dreimal jährlich;?;
;;Das WETTER;Ehlert, Sasha;Das Wetter – Magazin für Text und Musik;2013;viermal jährlich;6000;
;;Delfi ;"Aydemir, Fatma;Ippolito, Enrico;Schellbach, Miryam;Yaghoobifarah, Hengameh";Ullstein Verlag;2023;halbjährlich;?;
;2624-7372;delirium – Zeitschrift gegen Literatur ;"Basso, Laura;Prenner, Samuel;Weidmann, Cédric;Grohé, Daniel;de l'Horizon, Kim;Hofstetter, Julia;Unternährer, Erika;Grieser, Niki;Huber, Patrizia";Verein Zeitschrift delirium;2013;halbjährlich;?;https://zdb-katalog.de/title.xhtml?idn=1072381516&view=full
;;Der Schnipsel;"Brexendorf, Dara;Kotetzki, Maline;Kruse, Elena;Noß, Katharina;Pansegrau, Kaspar;Woronow, Alisa;Ziemer, Nikolai;Zerbe, Zara";stirnholz Verlag;2012;jährlich;?;
;0724-6412;Dichtungsring;wechselnd;Edition Dichtungsring;1981;halbjährlich;?;https://zdb-katalog.de/title.xhtml?idn=013567985&view=full
;0018-4942;Die Horen;"Erb, Andreas;Hamann, Christof;Krätzer, Jürgen;Tammen, Johann P.";Wallstein Verlag;1955;vierteljährlich;4000;https://zdb-katalog.de/title.xhtml?idn=011252006&view=brief
;1562-8272;Die Rampe;;Adalbert-Stifter-Institut des Landes Oberösterreich / StifterHaus;1975;viermal jährlich;?;https://portal.issn.org/resource/ISSN/1562-8272
;1618-8098;dO!PEN;"Steffens, Michael;Tonn, Thomas";Verlag Thomas Tonn;2000;unregelmäßig (anfangs dreimal pro Jahr, dann immer weniger, teils gar keine Ausgabe für mehrere Jahre) ;120;https://portal.issn.org/resource/ISSN/1618-8098
;2195-4410;Drecksack - Lesbare Zeitschrift für Literatur;Günther, Florian;Edition Lükk Nösens;2010;vierteljährlich;?;
;;DUM;Kühn, Wolfgang;;1992;vierteljährlich;1000 (Stand: Jahr 2000);
;0943-8645;Edit;Ferretti, Giorgio;Literaturverein EDIT e. V.;1993;dreimal jährlich;2000;
;;erostepost;"Hollaus, Christian;Krug, Franziska";EROSTEPOST- Verein für Literatur und Literaturzeitschrift;1987;halbjährlich;500-800;
;1682-9107;etcetera;Riebler, Eva;Literarische Gesellschaft St. Pölten;1999;vierteljährlich;?;https://portal.issn.org/api/search?search%5B%5D=MUST=default=etcetera+st.+pölten&search_id=41618744#
;1860-675X;Exodus Magazin;"Moreau, René;Wipperfürth, Heinz;Kemmler, Olaf";;1975 (Pause von 1980-2003);halbjährlich;?;https://www.exodusmagazin.de/exodus-ausgaben.html
;1865-5661;Experimenta;"Andreotti, Mario;Heins, Rüdiger";Die experimenta erscheint bei EDITION MAYA;2010;monatlich;?;https://experimenta.de/archiv/2019/experimenta-05_19_Mai_DS.pdf
;2626-4226;Glitter;"Blum, Donat;von Dassel, Johannes;Do, Huy;Brdjanociv, Ivona;Maurer, Kathrin;Kosanke, Elias";Verein Glitter;2017;alle 1 bis 2 Jahre;?;https://glitter-online.org/uber-glitter/
;;Jenny: Denken, Glänzen, Text;Studierende des Instituts für Sprachkunst an der Universität für angewandte Kunst in Wien;erscheint jährlich in der Edition Angewandte bei De Gruyter;2013;jährlich;?;
;;Johnny ;Student*innen der Goethe-Universität;Goethe Universität Frankfurt;2014;jährlich;?;
;2196-3835;kalmenzone;van Alsum, Cornelius;;2013;halbjährlich;nur online;https://www.kalmenzone.de/wordpress/hefte/
;;kassiber;Hofbauer, Christopher;;2023;?;?;
;2698-5160;Kliteratur;"Franke, Bo;Linnebank, Jonas";KUNTS e.V.;2018;ein- bis zweimal jährlich;500;https://portal.issn.org/resource/ISSN/2698-5160
;1560-6775;Kolik;"Ernst, Gustav;Fleischanderl, Karin";;1997;vierteljährlich;?;https://www.kolik.at/impressum.php
;0179-0676;Konzepte;Langer, Christine;Bundesverband junger Autoren und Autorinnen (BVjA);1987;jährlich;800;http://www.konzepte-zeitschrift.de/index.php?id=6
;0947-0697;Krachkultur;"Brinkmann, Martin;Reimann, Fabian";Krachkultur Verlag;1993;jährlich;1000;http://www.krachkultur.de/krachkultur-literaturmagazin.html
;;Landpartie;Studierende des Fachbereichs Literatur;Literaturinstitut Hildesheim;2005;jährlich;?;
;0945-5167;Lettre International;Berberich, Frank;Lettre International Verlags-GmbH;1988;vierteljährlich;22000;https://www.lettre.de/kontakt
;1012-4705;Lichtungen;"Stift-Laube, Andrea;Kury, Astrid;Brunner, Helwig";Lichtungen – Verein für Literatur & Kunst;1979;vierteljährlich;1.100-1.400;https://lichtungen.at/impressum/
;2700-5399;Literarische Blätter;Bernewitz, Paul;Bernewitz, Paul;2019;monatlich;?;https://portal.issn.org/resource/ISSN/2700-5399
;2663-8940;Literarisches Österreich;wechselnd;Österreichischer Schriftsteller/innenverband;2007;zweimal jährlich;?;https://www.oesv.or.at/publikationen.html
;0178-6857;Literatur in Bayern;Holzheimer, Gerd;Freunde der Literatur in Bayern e.V.;1985;vierteljährlich;1000;https://www.literaturinbayern.de/about/
;0024-466X;Literatur und Kritik;"Kleibel, Arno;Marwan, Ana";Otto Müller Verlag;1966;fünfmal jährlich;?;https://www.onb.ac.at/oe-literaturzeitschriften/Literatur_und_Kritik/Literatur_und_Kritik.htm
;1617-6871;Literaturbote;"Jager, Björn;Dinger, Christian";Hessisches Literaturforum im Mousonturm e. V.;1985;zweimal jährlich;?;https://portal.issn.org/resource/ISSN/1617-6871
;0025-2638;manuskripte;Unterweger, Andreas;manuskripte-Literaturverein;1960;vierteljährlich;?;https://zdb-katalog.de/title.xhtml?idn=012650889&view=full
;1861-8006;Matrix;Pop, Traian;Pop Verlag;2005;vierteljährlich;?;https://zdb-katalog.de/title.xhtml?idn=978930509&direct=true&view=full
;;MAULhURE (Magazin);"Böke, Urs;Götterwind, Jerk;Borgerding, Hermann";Rodneys Underground Press;2010;wechselnd;?;
;0941-3138;metamorphosen;"Müller-Schwefe, Moritz;Watzka, Michael";Verbrecher-Verl.;2013;vierteljährlich;?;https://www.literaturport.de/literaturzeitschriften/register/zeitschrift/metamorphosen/
;1816-711X;miromente;Mörth, Wolfgang;unartproduktion;2005;vierteljährlich;500 Abos;https://zdb-katalog.de/title.xhtml?idn=981084915&view=full
;2409-0220;mosaik - Zeitschrift für Literatur und Kultur;Biller, Felicitas;edition mosaik;2012;dreimal jährlich;1250;https://www.literaturport.de/en/literaturzeitschriften/register/zeitschrift/mosaik/
;0028-3347;Neue Rundschau;Lektor*innen des S. Fischer Verlags;S. Fischer Verlag;1890;vierteljährlich;?;https://www.literaturport.de/en/literaturzeitschriften/register/zeitschrift/neue-rundschau/
;;Oda - Ort der Augen;Friedrich-Bödecker-Kreis in Sachsen-Anhalt;Dr. Ziethen Verlag;mind. 1999;vierteljährlich;?;
;2752-0697;Open Sewers;"Heißenbüttel, Mirek;Sappler, Marz";;2022;zweimal jährlich;?;https://www.dla-marbach.de/find/opac/id/AK01793172/?tx_find_find%5Baction%5D=detail&tx_find_find%5Bcontroller%5D=Search&cHash=1015c7736ac773af455985db3b591617
;;orte;Ranft-Rehfeldt, Annekatrin;Appenzeller Verlag;1974;fünfmal jährlich;1000 Leserinnen und Leser;
;1021-9242;Perspektive;"Korte, Ralf B.;Schmitzer, Stefan";Verein Literaturgruppe Perspektive;1979;vierteljährlich;1000 (siehe Paul Pechmann: Die Zeitschrift perspektive im österreichischen Literaturbetrieb. In: reveu nach neunundvierzig nummern perspektive. Wien: Sonderzahl, 2006. S. 12.);https://www.literaturport.de/literaturzeitschriften/register/zeitschrift/perspektive/
;1616-8437;phantastisch!;Bollhöfener, Klaus;;2001;vierteljährlich;?;https://portal.issn.org/resource/ISSN/1616-8437#
;;Podium;Jensen, Nils;PODIUM – Literaturkreis Schloss Neulengbach;1971;halbjährlich in zwei Doppelnummern;?;
;2791-464X;Prozess*in;"Eisele, Raoul;Engelhorn, Marlene;Goldschmidt-Lechner, Simoné;Johannsen, Martin;Madreiter, Armela;Tharayil, Sarina";;2021;jährlich;?;https://www.literaturport.de/literaturzeitschriften/register/zeitschrift/default-22fdd82eb27aa4ab37f3c7ef6d7f05ac/
;0949-7994;Risse;"Blaudzun, Anne;Foth, Juliane;Guth, Dietmar;Lippert, Jens";RISSE e.V.;1998;halbjährlich;?;https://www.dla-marbach.de/find/opac/id/AK00092387/?tx_find_find%5Baction%5D=detail&tx_find_find%5Bcontroller%5D=Search&tx_find_find%5BqParam%5D=1&cHash=f76c2220f5babf2662dd47b00348faf7
;1682-8992;SALZ;;Verein Salzburger Literaturforum Leselampe;1975;viermal jährlich;1100;https://www.onb.ac.at/oe-literaturzeitschriften/Salz/Salz.htm
;2510-4403;Schliff;Schuchmann, Kathrin;Institut für deutsche Sprache und Literatur I, Universität zu Köln;2014;zweimal jährlich;?;https://www.literaturport.de/literaturzeitschriften/register/zeitschrift/schliff/
;0174-2132;Schreibheft;Wehr, Norbert;;1977;zweimal jährlich;?;https://schreibheft.de/service/impressum
;1606-7169;schreibkraft;"Luxbacher, Hannes;Peternell, Andreas R.;Götz, Hermann";Edition Schreibkraft, Graz;1998;zweimal jährlich;?;https://www.literaturport.de/literaturzeitschriften/register/zeitschrift/schreibkraft/
;2567-1138;SCHREIBTISCH;Lotz, Katharina;edition federleicht;2017;jährlich;?;https://portal.issn.org/resource/ISSN/2567-1138#
;1438-9355;Signum;Weiß, Norbert;SIGNUM e. V. Dresden;1999;zweimal jährlich;?;https://www.literaturport.de/literaturzeitschriften/register/zeitschrift/signum/
;0037-5756;Sinn und Form;"Kleinschmidt, Sebastian;Weichelt, Matthias";Akademie der Künste;1949;sechsmal jährlich;3000;https://portal.issn.org/api/search?search%5B%5D=MUST=default=sinn+und+form&search_id=41622503#
;0038-8475;Sprache im technischen Zeitalter (Spr.i.t.Z.);"Geiger, Thomas;Miller, Norbert;Sartorius, Joachim;Literarisches Kolloquium Berlin";Böhlau-Verlag;1961;viermal jährlich;?;https://zdb-katalog.de/title.xhtml?idn=011172622&view=full
;1869-8301;Streckenläufer;Dury, Andreas;PoCul-Verlag;1990;etwa jährlich;?;https://portal.issn.org/resource/ISSN/1869-8301#
;2960-5326;Syltse;Tikatsch, Stephan;;?;ein bis zweimal jährlich;250-500;https://portal.issn.org/resource/ISSN/2960-5326#
;2075-5031;Triedere;;sonderzahl;?;zweimal jährlich;?;https://portal.issn.org/resource/ISSN/2075-5031#
;;V: Vorarlberger Zeitschrift für Literatur;;literatur:vorarlberg;?;ein bis zweimal jährlich;?;
;;VOLLTEXT;"Keul, Thomas;Naqvi, Fatima;Reder, Christian";VOLLTEXT – Zeitschrift für Literatur;2002;viermal jährlich;15000;
;1866-8607;Weisz auf Schwarz;Dürre, Steffen;Weisz auf Schwarz – Literatuzeitschrift;2007;unregelmäßig;?;https://portal.issn.org/resource/ISSN/1866-8607#
;1012-7313;wespennest;"Roedig, Andrea;Zederbauer, Andrea";Verein Gruppe Wespennest;1969;zweimal jährlich;5000 Mindestauflage;https://www.chbeck.de/buecher/zeitschriften/wespennest/
;2519-7401;Words and Worlds;"Husain, Aftab;Jenamani, Sarita";;2016;halbjährlich;?;https://www.wordsandworldsmagazine.com
;;WORTSCHAU;"Allinger, Wolfgang;Hansen, Johanna";WORTSCHAU Verlag;2007;dreimal jährlich;?;
;2365-824X;zugetextet.com;Stonet, Walther;;2015;jährlich im Print ;?;http://www.zugetextet.com
