literaturzeitschrift_ausgabe_id;ausgabevonliteraturzeitschrift;literaturzeitschrift_id;heftnummer;erscheinungsjahr;ke_beitraege;verfasser_ke_beitraege
LZA1;Sinn und Form;LZ68;1;2008;Machwerk oder das Schichtbuch des Flick von Lauchhammer;Braun, Volker
LZA2;Sprache im technischen Zeitalter (Spr.i.t.Z.);LZ69;185;2008;"Rumgehen; Mit der Strömung";"Selge, Albrecht;Kaminski, Volker"
LZA3;Sprache im technischen Zeitalter (Spr.i.t.Z.);LZ69;186;2008;"Nachbar und Schreckgespenst. Eine lange Geschichte missglückter Integration kurz erzählt; Adam und Evelyn";"Fatah, Sherko;Schulze, Ingo"
LZA4;Sprache im technischen Zeitalter (Spr.i.t.Z.);LZ69;187;2008;Aussichten;Meierfrankenfeld, Beate
LZA5;Sprache im technischen Zeitalter (Spr.i.t.Z.);LZ69;188;2008;Unterwegs mit Rumen;Lewitscharoff, Sibylle
LZA6;Sinn und Form;LZ68;3;2008;Erinnerungen an meine Mutter;Lange, Hartmut
LZA7;Sinn und Form;LZ68;4;2008;"Lord Nicht; Fast ein Märchen; 5:30 Auftritt; 6:10 Das Traumschiff; 7:20 Öffnen Ausnehmen Hacken";"Kronauer, Brigitte;Schulze, Ingo;Hofmann, Patrick;Hofmann, Patrick;Hofmann, Patrick"
LZA8;Sinn und Form;LZ68;6;2008;Mein See;Bärwinkel, Roland
LZA9;Sprache im technischen Zeitalter (Spr.i.t.Z.);LZ69;Sonderheft;2008;"Das Deutschlandleben eines harmlosen orientalischen Banditen; Mit der Metro in Kiew";"Hvorecky, Michael;Kröhnke, Friedrich"
LZA10;Sinn und Form;LZ68;1;2009;So sag Jerusalem, welches Tor;Hünger, Nancy
LZA11;Sprache im technischen Zeitalter (Spr.i.t.Z.);LZ69;189;2009;"Ventimiglia di Sicilia; Meine anderen Leben. Sieben Erzählungen aus einer Serie; Der Wolf; Pipihendi; Das Tier; Die Münzen; Der Turm; Die Ernte; Die Käsehändlerin";"Dröscher, Daniela;Heissenberger, Michaela;Heissenberger, Michaela;Heissenberger, Michaela;Heissenberger, Michaela;Heissenberger, Michaela;Heissenberger, Michaela;Heissenberger, Michaela;Heissenberger, Michaela"
LZA12;Sprache im technischen Zeitalter (Spr.i.t.Z.);LZ69;190;2009;"Kalendergeschichten; Am Ball; Nichts umsonst!; Die Stille danach; Einer, der sich getraut; Nichts geschenkt!; Stille Verlierer; Volkes Gesänge";"Theobaldy, Jürgen;Theobaldy, Jürgen;Theobaldy, Jürgen;Theobaldy, Jürgen;Theobaldy, Jürgen;Theobaldy, Jürgen;Theobaldy, Jürgen;Zaimoglu, Feridun"
LZA13;Sprache im technischen Zeitalter (Spr.i.t.Z.);LZ69;191;2009;Die Tränen des Feuervogels;Messmer, Matthias
LZA14;Sprache im technischen Zeitalter (Spr.i.t.Z.);LZ69;192;2009;"Blaue Klinge; Beerdigung; Das Geheimnis der Siedlung";"Anmar, Angelica;Loschütz, Gert;Kaminski, Volker"
LZA15;Sinn und Form;LZ68;3;2009;"Der Mörder meines Bruders; Flickwerk";"Lange, Hartmut;Braun, Volker"
LZA16;Sinn und Form;LZ68;6;2009;Das Motorrad;Hürlimann, Thomas
LZA17;Sprache im technischen Zeitalter (Spr.i.t.Z.);LZ69;193;2010;Kaprun;Radl, Monika
LZA18;Sprache im technischen Zeitalter (Spr.i.t.Z.);LZ69;194;2010;"""Sie haben Ihr Ziel erreicht!""";Schulze, Ingo
LZA19;Sprache im technischen Zeitalter (Spr.i.t.Z.);LZ69;195;2010;Münchner Strategien;Pleschinski, Hans
LZA20;Sprache im technischen Zeitalter (Spr.i.t.Z.);LZ69;196;2010;"28; Perpetuum mobile";"Kurzeck, Peter;Meißnitzer, Hans-Peter"
LZA21;Sinn und Form;LZ68;5;2010;"Wenn alle ist, ist alle; Im Museum";"Cziesla, Wolfgang;Lange, Hartmut"
LZA22;Sinn und Form;LZ68;6;2010;Notturno;Wodin, Natascha
LZA23;Sprache im technischen Zeitalter (Spr.i.t.Z.);LZ69;197;2011;"Schwund; the perfect mystery cannot be written; VII (Die Lebenden)";"Hartwell, Katharina;Schönthaler, Philipp;Wemme, Eva Ruth"
LZA24;Sprache im technischen Zeitalter (Spr.i.t.Z.);LZ69;198;2011;Die schönen Häuser;Fatah, Sherko
LZA25;Sprache im technischen Zeitalter (Spr.i.t.Z.);LZ69;199;2011;Übers Feld;Iwanowski, Sarah
LZA26;Sprache im technischen Zeitalter (Spr.i.t.Z.);LZ69;200;2011;"Trainee Max; Sans Soleil";"Spinnen, Burkhard;Dröscher, Daniela"
LZA27;Sinn und Form;LZ68;3;2011;"Die hellen Haufen; Russische Zone; Begegnung mit dem Oktopus";"Braun, Volker;Meckel, Christoph;Wolfram, Gernot"
LZA28;Sinn und Form;LZ68;6;2011;"Das Ausland des Alters; Schwarzes Licht";"Wodin, Natascha;Döring, Bianca"
LZA29;Sprache im technischen Zeitalter (Spr.i.t.Z.);LZ69;Sonderheft;2011;"Materialien zu einem Bericht; Fear and Loathing in Sofia; Ganz unten - Istrien undercover";"Popp, Steffen;Hennig, Falko;Krampitz, Karsten"
LZA30;Sinn und Form;LZ68;2;2012;"Das große Gehege; Capriccios";"Grünbein, Durs;Böhme, Thomas"
LZA31;Sprache im technischen Zeitalter (Spr.i.t.Z.);LZ69;201;2012;"Fortgehen, indem man dableibt; Zerflackert; Ingeneure der Zeit; Sommer mit Roxie; Die Feindseligkeit lebenswichtiger Organe an sich; Postkarte; Das Deutschlandgerät";"Cusanit, Kenah;Dietrich, Enrico;Ehrlich, Roman;Friedrich, Jan;Lappert, Simone;Sprung, Kati;Schulze, Ingo"
LZA32;Sprache im technischen Zeitalter (Spr.i.t.Z.);LZ69;202;2012;"Die Wasser der Zeit; Ich fliege mit dem Wind";"Weißenborn, Theodor;Weißenborn, Theodor"
LZA33;Sprache im technischen Zeitalter (Spr.i.t.Z.);LZ69;203;2012;"Durch die Fliege betrachtet; Im Hotelzimmer; Im Zug";"Göttfert, Constantin;Göttfert, Constantin;Göttfert, Constantin"
LZA34;Sinn und Form;LZ68;3;2012;Der Herr des Berges. Eine Geschichte.;Buselmeier, Michael
LZA35;Sinn und Form;LZ68;5;2012;Die Ewigkeit des Augenblicks;Lange, Hartmut
LZA36;Sinn und Form;LZ68;1;2013;"Fischwaren; Die Musiker; Das Salzschloss; Die Nonne";"Grünbein, Durs;Meiners, Eibe;Meiners, Eibe;Meiners, Eibe"
LZA37;Sprache im technischen Zeitalter (Spr.i.t.Z.);LZ69;205;2013;"Der eigentliche Wollaffe; Die Unternehmerin";"Angermann, Franziska;Angermann, Franziska"
LZA38;Sprache im technischen Zeitalter (Spr.i.t.Z.);LZ69;208;2013;"Wie ich mit meiner Zunge begann; Nasenhörner";"Präauer, Teresa;Kim, Anna"
LZA39;Sinn und Form;LZ68;3;2013;Die Farben der Wörter;Glasser, Marianne
LZA40;Sinn und Form;LZ68;4;2013;Die Insel;Seiler, Lutz
LZA41;Sprache im technischen Zeitalter (Spr.i.t.Z.);LZ69;209;2014;"Der Hungerverlust; Pärchenabend; Vermächtnis der Tiere; Eulen; Die Wiegemaschine";"Kluth, Carsten;Lemke, Hanna;Obexer, Maxi;Seydlitz, Lisa-Maria;Widder, Roman"
LZA42;Sinn und Form;LZ68;3;2014;Allwurzler;Klein, Georg
LZA43;Sinn und Form;LZ68;4;2014;Das Dorf der blauen Frauen;Winkler, Katharina
LZA44;Sinn und Form;LZ68;5;2014;Ins Nachtbuch;Sayer, Walle
LZA45;Sinn und Form;LZ68;1;2015;"Die Kellnerin; Der Torweg";"Herrmann-Neiße, Max;Vesper, Guntram"
LZA46;Sinn und Form;LZ68;2;2015;Es musste sein;Jirgl, Reinhard
LZA47;Sprache im technischen Zeitalter (Spr.i.t.Z.);LZ69;213;2015;"Raus aufs Land; Sandalen; Das Röhrchen; Wense";"Dröschel, Thomas;Iwanowski, Sarah;Marfutova, Yulia;Schulteisz, Christian"
LZA48;Sprache im technischen Zeitalter (Spr.i.t.Z.);LZ69;214;2015;"Das leicht fransige Orange des Seils; Dinge der Liebe";"Pletzinger, Thomas;Stichmann, Andreas"
LZA49;Sprache im technischen Zeitalter (Spr.i.t.Z.);LZ69;215;2015;"Das Universum des Menschen; Der Mensch ist seine Legende; Es steht geschrieben; Und es ward Abend und es ward Morgen; Spuren; Leben ist Erinnerung an das Leben";"Forte, Dieter;Forte, Dieter;Forte, Dieter;Forte, Dieter;Forte, Dieter;Forte, Dieter"
LZA50;Sinn und Form;LZ68;3;2015;"Das erfüllte Leben; Wenn der Vater nicht stirbt";"Schoch, Julia;Bettinger, Martin"
LZA51;Sinn und Form;LZ68;5;2015;"Ich war nie in Mariupol; Eine Völkerfriedensstiftung";"Wodin, Natascha;Margwelaschwili, Giwi"
LZA52;Sprache im technischen Zeitalter (Spr.i.t.Z.);LZ69;Sonderheft;2015;Verwandelte Formen;Jackson, Hendrik
LZA53;Sinn und Form;LZ68;2;2016;Das Dorf;Scherer, Marie-Luise
LZA54;Sprache im technischen Zeitalter (Spr.i.t.Z.);LZ69;217;2016;"Alessandro; Drei Erzählungen. Alles Gute; Echos; Senke; Die Zerstörung; Mit einem Fuß draußen; Namors Nebel; Die Lauschenden; Lucia; Dickicht";"Kaminski, Volker;Lehmann, Andreas;Lehmann, Andreas;Lehmann, Andreas;Macht, Sascha;Meier, Anaïs;Schloyer, Christian;Schibli, Barbara;Sigmund, Corinna;Sonnentag, Jule"
LZA55;Sprache im technischen Zeitalter (Spr.i.t.Z.);LZ69;218;2016;"Der verlorene Abschied; WinterLand; Wald, Juni";"Schünemann, Peter;Schünemann, Peter;Meierfrankenfeld, Beate"
LZA56;Sinn und Form;LZ68;3;2016;"Aufzeichnungen eines Lehrlings; Begegnung; Eine Frau allein";"Pitschmann, Siegfried;Rohr, Angela;Meckel, Christoph"
LZA57;Sinn und Form;LZ68;5;2016;Paulkes letzter Tag;Borchardt, Rudolf
LZA58;Sinn und Form;LZ68;6;2016;Seestück;Georgi, André
LZA59;Sinn und Form;LZ68;2;2017;"Die Geschichte von Lydia und Behn; Meine Wohnung";"Scherer, Marie-Luise;Seiler, Lutz"
LZA60;Sprache im technischen Zeitalter (Spr.i.t.Z.);LZ69;221;2017;"Milchzähne; Die Dörfer von gestern";"Bukowski, Helene;Hulpe, Marius"
LZA61;Sprache im technischen Zeitalter (Spr.i.t.Z.);LZ69;224;2017;"Mein erstes richtiges Buch; Fählüna. Wie Thöny, Hilty, Frick und Wachter ein Jahrzehnt zu früh den Punk erfanden";"Spinnen, Burkhard;Sprenger, Stefan"
LZA62;Sinn und Form;LZ68;3;2017;Von der Kunst eine Kurzgeschichte lang erscheinen zu lassen;Estis, Alexander
LZA63;Sinn und Form;LZ68;5;2017;Die dichte Welt;Fioretos, Aris
LZA64;Sprache im technischen Zeitalter (Spr.i.t.Z.);LZ69;Sonderheft;2017;"Post aus Jyväskyla; Bloß ein Mensch";"Pelny, Marlen;Klüssendorf, Angelika"
LZA65;Sinn und Form;LZ68;2;2018;Der Neandertaler von Darmstadt;Geiser, Christoph
LZA66;Sprache im technischen Zeitalter (Spr.i.t.Z.);LZ69;226;2018;Die Nacht in Riom;Weißenborn, Theodor
LZA67;Sprache im technischen Zeitalter (Spr.i.t.Z.);LZ69;227;2018;"Tagebuch einer jungen Frau, die am Fall beteiligt war; LAUTE: STILLE";"Nolte, Jakob;Fritsch, Werner"
LZA68;Sinn und Form;LZ68;3;2018;"Die Hand; Arbeit am Blasator";"Georgi, André;Klein, Georg"
LZA69;Sinn und Form;LZ68;4;2018;Der Künstlerbesuch;Lehr, Thomas
LZA70;Sinn und Form;LZ68;5;2018;Einer muß wachen. Nachtstück;Kempker, Kerstin
LZA71;Sinn und Form;LZ68;1;2019;"Der einzige Weg; Junger Pfau in Aspik";"Seiler, Lutz;Klein, Georg"
LZA72;Sinn und Form;LZ68;2;2019;Kakoj Kaschmar oder You are welcome;Schulze, Ingo
LZA73;Sprache im technischen Zeitalter (Spr.i.t.Z.);LZ69;229;2019;"Miniquidi; Die Rinne; Der Bulle";"Behr, Sebastian;Lunghuß, Marc;Wintterlin, Lea"
LZA74;Sinn und Form;LZ68;3;2019;Geschichte meines Autos;Steinkopf, Leander
LZA75;Sinn und Form;LZ68;4;2019;Zurück;Haring, Roswitha
LZA76;Sinn und Form;LZ68;5;2019;Nach Split;Kinsky, Esther
LZA77;Sinn und Form;LZ68;6;2019;"Der Blaubart aus Küsnacht; Theo";"Arquint, Tatjana;Arquint, Tatjana"
LZA78;Sprache im technischen Zeitalter (Spr.i.t.Z.);LZ69;233;2020;"Der Gipfel von allem; Als ich einmal fast berühmt wurde; Saturn ohne Ringe; Sie nennen ihn auch Atlas";"Altmann, Kristin;Pelny, Marlen;Schulz, Andrej;Sommer, Philipp"
LZA79;Sprache im technischen Zeitalter (Spr.i.t.Z.);LZ69;236;2020;"grenze; Playhouse";"Dündar, Özlem Özgül;Böhm, Philipp"
LZA80;Sinn und Form;LZ68;4;2020;"Der Wächter; Die Glut; Im Innern des Berges; Mikroben; Wo keine Frage ist; Zartplastik; Die Liste; Die Abkürzung; Die leere Seite im Reisetagebuch";"Lehner, Christian;Lehner, Christian;Lehner, Christian;Lehner, Christian;Lehner, Christian;Steinkopf, Leander;Asgari, Marjan;Schock, Ralph;Sayer, Walle"
LZA81;Das GRAMM;LZ12;1;2021;Die Übungen;Setz, Clemens J.
LZA82;Das GRAMM;LZ12;2;2021;Grünge Orangen;Krusche, Lisa
LZA83;Sinn und Form;LZ68;1;2021;Ohne Form sind wir Staub;Kempker, Kerstin
LZA84;Sinn und Form;LZ68;2;2021;Der Türke;Georgi, André
LZA85;Sprache im technischen Zeitalter (Spr.i.t.Z.);LZ69;237;2021;"Mein Sohn hält mich in seiner Hand; Die Briefe meiner Mutter; Eierfrauen; you";"Hoang, Hieu;Schmeller, Rina;Steiner, Paula;Tidén, Frederik"
LZA86;Sprache im technischen Zeitalter (Spr.i.t.Z.);LZ69;238;2021;"Der Umzug; Der Zwiebelfisch";"Loschütz, Gert;Skármeta, Antonio"
LZA87;Sprache im technischen Zeitalter (Spr.i.t.Z.);LZ69;239;2021;"Würgeengel, 90er Jahre; Rosi; Das Milch & Honig-Notizbuch; Amok; Bruder Klaus; (Notate, 4. Januar 2017); Ungegenwart";"Hettche, Thomas;Schulze, Ingo;Grünbein, Durs;Lenze, Ulla;Lüscher, Jonas;Bazyar, Shida;Bulucz, Alexandru"
LZA88;Sprache im technischen Zeitalter (Spr.i.t.Z.);LZ69;240;2021;Erde Liebe Chaos;Just, Lorenz
LZA89;Das GRAMM;LZ12;3;2021;Ein großes Dankeschön;Loß, Lennardt
LZA90;Das GRAMM;LZ12;4;2021;Tamina Blue;Fallwickl, Mareike
LZA91;Das GRAMM;LZ12;5;2021;Ein verlängertes Wochenende;De Weck, Margaux
LZA92;Das GRAMM;LZ12;6;2021;Rote Asche;Sipal, Akin Emanuel
LZA93;Sinn und Form;LZ68;3;2021;Am Osloer Fjord oder der Fremde;Lange, Hartmut
LZA94;Sinn und Form;LZ68;4;2021;Das japanische Palais;Deckert, Renatus
LZA95;Sinn und Form;LZ68;6;2021;"Der Polyp Polymat; Dreh dich nicht um";"Margwelaschwili, Giwi;Haring, Roswitha"
LZA96;Sinn und Form;LZ68;1;2022;Das Zusammenfalten der Zeit;Seyer, Walle
LZA97;Das GRAMM;LZ12;10;2022;John Belushi;Stahl, Alexandra
LZA98;Das GRAMM;LZ12;11;2022;Poolparty;Winkler, Philipp
LZA99;Das GRAMM;LZ12;12;2022;Immer die Liebe;Grigorcea, Dana
LZA100;Sprache im technischen Zeitalter (Spr.i.t.Z.);LZ69;241;2022;"Quinn; mutterfremd; tänzeln; Manner: Sturm der Triebe";"Kaiser-Mühläcker, Roman;Karrasch, Ferial Nadja;Milsch, Charlotte;Osagiobare"
LZA101;Sprache im technischen Zeitalter (Spr.i.t.Z.);LZ69;242;2022;Es reicht doch, das Matterhorn zu bestaunen;Lehr, Thomas
LZA102;Sprache im technischen Zeitalter (Spr.i.t.Z.);LZ69;243;2022;"Einige Landesgrenzen weiter östlich, von hier aus gesehen; A Gringo Like Me";"Bulucz, Alexandru;Kordež, Klemen"
LZA103;Sinn und Form;LZ68;3;2022;Der Jenseits-Baedeker;von Kieseritzky, Ingomar
LZA104;Das GRAMM;LZ12;7;2022;Die Aussicht;Engler, Leon
LZA105;Das GRAMM;LZ12;8;2022;Abendbrot;Hermann, Judith
LZA106;Das GRAMM;LZ12;9;2022;Stock und Kopf;Özdogan, Selim
LZA107;Sinn und Form;LZ68;1;2023;"Nachtwege; Onkel hast du Feuer?";"Weinholz, Erhard;Kohlhaase, Wolfgang"
LZA108;Das GRAMM;LZ12;13;2023;Gehen oder Bleiben;"Poznan, Judith;Lukas, Clint"
LZA109;Das GRAMM;LZ12;14;2023;Alles wird heller;Hirschl, Elias
LZA110;Das GRAMM;LZ12;15;2023;Glitzer;Thomas, Ruth Maria
LZA111;Das GRAMM;LZ12;16;2023;Die Sterne über der Wüste;Lupert, Rick
LZA112;Das GRAMM;LZ12;17;2023;Liebe Grüße;Gawrisch, Dmitrij
LZA113;Das GRAMM;LZ12;18;2023;Lady-Mücken;Nandi, Jacinda
LZA114;Sinn und Form;LZ68;2;2023;"Man tut nichts anderes dort; Vierhundertfünfundsechzig";"Steinkopf, Leander;Schock, Ralph"
LZA115;Sprache im technischen Zeitalter (Spr.i.t.Z.);LZ69;245;2023;"Ferhat; Verdrängungen ersten Grades; Winterschlaf; Peter Papierflieger; Oh well; Familienkur; Oh, Sunny";"Aktay, Eser;Engler, Leon;Petuzzi, Mario;Philippi, Emily;Putz, Tom Jan;Schumacher, Florentin;Yun, Ta-Som"
LZA116;Sinn und Form;LZ68;3;2023;Weiße Stellen, schwarze Löcher, blinde Flecken;Schulze, Ingo
LZA117;Sinn und Form;LZ68;4;2023;Einfache Rezepte;Weinholz, Erhard
LZA118;Sinn und Form;LZ68;5;2023;Leonor rückwärts;Kempker, Kerstin
