literaturzeitschrift_ausgabe_id;ausgabevonliteraturzeitschrift;literaturzeitschrift_id;heftnummer;erscheinungsjahr;ke_beiträge;verfasser_ke_beiträge
;Sinn und Form;;1;2008;Machwerk oder das Schichtbuch des Flick von Lauchhammer;Braun, Volker
;Sprache im technischen Zeitalter (Spr.i.t.Z.);;185;2008;"Rumgehen; Mit der Strömung";"Selge, Albrecht;Kaminski, Volker"
;Sprache im technischen Zeitalter (Spr.i.t.Z.);;186;2008;"Nachbar und Schreckgespenst. Eine lange Geschichte missglückter Integration kurz erzählt; Adam und Evelyn";"Fatah, Sherko;Schulze, Ingo"
;Sprache im technischen Zeitalter (Spr.i.t.Z.);;187;2008;Aussichten;Meierfrankenfeld, Beate
;Sprache im technischen Zeitalter (Spr.i.t.Z.);;188;2008;Unterwegs mit Rumen;Lewitscharoff, Sibylle
;Sinn und Form;;3;2008;Erinnerungen an meine Mutter;Lange, Hartmut
;Sinn und Form;;4;2008;"Lord Nicht; Fast ein Märchen; 5:30 Auftritt; 6:10 Das Traumschiff; 7:20 Öffnen Ausnehmen Hacken";"Kronauer, Brigitte;Schulze, Ingo;Hofmann, Patrick;Hofmann, Patrick;Hofmann, Patrick"
;Sinn und Form;;6;2008;Mein See;Bärwinkel, Roland
;Sprache im technischen Zeitalter (Spr.i.t.Z.);;Sonderheft;2008;"Das Deutschlandleben eines harmlosen orientalischen Banditen; Mit der Metro in Kiew";"Hvorecky, Michael;Kröhnke, Friedrich"
;Sinn und Form;;1;2009;So sag Jerusalem, welches Tor;Hünger, Nancy
;Sprache im technischen Zeitalter (Spr.i.t.Z.);;189;2009;"Ventimiglia di Sicilia; Meine anderen Leben. Sieben Erzählungen aus einer Serie; Der Wolf; Pipihendi; Das Tier; Die Münzen; Der Turm; Die Ernte; Die Käsehändlerin";"Dröscher, Daniela;Heissenberger, Michaela;Heissenberger, Michaela;Heissenberger, Michaela;Heissenberger, Michaela;Heissenberger, Michaela;Heissenberger, Michaela;Heissenberger, Michaela;Heissenberger, Michaela"
;Sprache im technischen Zeitalter (Spr.i.t.Z.);;190;2009;"Kalendergeschichten; Am Ball; Nichts umsonst!; Die Stille danach; Einer, der sich getraut; Nichts geschenkt!; Stille Verlierer; Volkes Gesänge";"Theobaldy, Jürgen;Theobaldy, Jürgen;Theobaldy, Jürgen;Theobaldy, Jürgen;Theobaldy, Jürgen;Theobaldy, Jürgen;Theobaldy, Jürgen;Zaimoglu, Feridun"
;Sprache im technischen Zeitalter (Spr.i.t.Z.);;191;2009;Die Tränen des Feuervogels;Messmer, Matthias
;Sprache im technischen Zeitalter (Spr.i.t.Z.);;192;2009;"Blaue Klinge; Beerdigung; Das Geheimnis der Siedlung";"Anmar, Angelica;Loschütz, Gert;Kaminski, Volker"
;Sinn und Form;;3;2009;"Der Mörder meines Bruders; Flickwerk";"Lange, Hartmut;Braun, Volker"
;Sinn und Form;;6;2009;Das Motorrad;Hürlimann, Thomas
;Sprache im technischen Zeitalter (Spr.i.t.Z.);;193;2010;Kaprun;Radl, Monika
;Sprache im technischen Zeitalter (Spr.i.t.Z.);;194;2010;"""Sie haben Ihr Ziel erreicht!""";Schulze, Ingo
;Sprache im technischen Zeitalter (Spr.i.t.Z.);;195;2010;Münchner Strategien;Pleschinski, Hans
;Sprache im technischen Zeitalter (Spr.i.t.Z.);;196;2010;"28; Perpetuum mobile";"Kurzeck, Peter;Meißnitzer, Hans-Peter"
;Sinn und Form;;5;2010;"Wenn alle ist, ist alle; Im Museum";"Cziesla, Wolfgang;Lange, Hartmut"
;Sinn und Form;;6;2010;Notturno;Wodin, Natascha
;Sprache im technischen Zeitalter (Spr.i.t.Z.);;197;2011;"Schwund; the perfect mystery cannot be written; VII (Die Lebenden)";"Hartwell, Katharina;Schönthaler, Philipp;Wemme, Eva Ruth"
;Sprache im technischen Zeitalter (Spr.i.t.Z.);;198;2011;Die schönen Häuser;Fatah, Sherko
;Sprache im technischen Zeitalter (Spr.i.t.Z.);;199;2011;Übers Feld;Iwanowski, Sarah
;Sprache im technischen Zeitalter (Spr.i.t.Z.);;200;2011;"Trainee Max; Sans Soleil";"Spinnen, Burkhard;Dröscher, Daniela"
;Sinn und Form;;3;2011;"Die hellen Haufen; Russische Zone; Begegnung mit dem Oktopus";"Braun, Volker;Meckel, Christoph;Wolfram, Gernot"
;Sinn und Form;;6;2011;"Das Ausland des Alters; Schwarzes Licht";"Wodin, Natascha;Döring, Bianca"
;Sprache im technischen Zeitalter (Spr.i.t.Z.);;Sonderheft;2011;"Materialien zu einem Bericht; Fear and Loathing in Sofia; Ganz unten - Istrien undercover";"Popp, Steffen;Hennig, Falko;Krampitz, Karsten"
;Sinn und Form;;2;2012;"Das große Gehege; Capriccios";"Grünbein, Durs;Böhme, Thomas"
;Sprache im technischen Zeitalter (Spr.i.t.Z.);;201;2012;"Fortgehen, indem man dableibt; Zerflackert; Ingeneure der Zeit; Sommer mit Roxie; Die Feindseligkeit lebenswichtiger Organe an sich; Postkarte; Das Deutschlandgerät";"Cusanit, Kenah;Dietrich, Enrico;Ehrlich, Roman;Friedrich, Jan;Lappert, Simone;Sprung, Kati;Schulze, Ingo"
;Sprache im technischen Zeitalter (Spr.i.t.Z.);;202;2012;"Die Wasser der Zeit; Ich fliege mit dem Wind";"Weißenborn, Theodor;Weißenborn, Theodor"
;Sprache im technischen Zeitalter (Spr.i.t.Z.);;203;2012;"Durch die Fliege betrachtet; Im Hotelzimmer; Im Zug";"Göttfert, Constantin;Göttfert, Constantin;Göttfert, Constantin"
;Sinn und Form;;3;2012;Der Herr des Berges. Eine Geschichte.;Buselmeier, Michael
;Sinn und Form;;5;2012;Die Ewigkeit des Augenblicks;Lange, Hartmut
;Sinn und Form;;1;2013;"Fischwaren; Die Musiker; Das Salzschloss; Die Nonne";"Grünbein, Durs;Meiners, Eibe;Meiners, Eibe;Meiners, Eibe"
;Sprache im technischen Zeitalter (Spr.i.t.Z.);;205;2013;"Der eigentliche Wollaffe; Die Unternehmerin";"Angermann, Franziska;Angermann, Franziska"
;Sprache im technischen Zeitalter (Spr.i.t.Z.);;208;2013;"Wie ich mit meiner Zunge begann; Nasenhörner";"Präauer, Teresa;Kim, Anna"
;Sinn und Form;;3;2013;Die Farben der Wörter;Glasser, Marianne
;Sinn und Form;;4;2013;Die Insel;Seiler, Lutz
;Sprache im technischen Zeitalter (Spr.i.t.Z.);;209;2014;"Der Hungerverlust; Pärchenabend; Vermächtnis der Tiere; Eulen; Die Wiegemaschine";"Kluth, Carsten;Lemke, Hanna;Obexer, Maxi;Seydlitz, Lisa-Maria;Widder, Roman"
;Sinn und Form;;3;2014;Allwurzler;Klein, Georg
;Sinn und Form;;4;2014;Das Dorf der blauen Frauen;Winkler, Katharina
;Sinn und Form;;5;2014;Ins Nachtbuch;Sayer, Walle
;Sinn und Form;;1;2015;"Die Kellnerin; Der Torweg";"Herrmann-Neiße, Max;Vesper, Guntram"
;Sinn und Form;;2;2015;Es musste sein;Jirgl, Reinhard
;Sprache im technischen Zeitalter (Spr.i.t.Z.);;213;2015;"Raus aufs Land; Sandalen; Das Röhrchen; Wense";"Dröschel, Thomas;Iwanowski, Sarah;Marfutova, Yulia;Schulteisz, Christian"
;Sprache im technischen Zeitalter (Spr.i.t.Z.);;214;2015;"Das leicht fransige Orange des Seils; Dinge der Liebe";"Pletzinger, Thomas;Stichmann, Andreas"
;Sprache im technischen Zeitalter (Spr.i.t.Z.);;215;2015;"Das Universum des Menschen; Der Mensch ist seine Legende; Es steht geschrieben; Und es ward Abend und es ward Morgen; Spuren; Leben ist Erinnerung an das Leben";"Forte, Dieter;Forte, Dieter;Forte, Dieter;Forte, Dieter;Forte, Dieter;Forte, Dieter"
;Sinn und Form;;3;2015;"Das erfüllte Leben; Wenn der Vater nicht stirbt";"Schoch, Julia;Bettinger, Martin"
;Sinn und Form;;5;2015;"Ich war nie in Mariupol; Eine Völkerfriedensstiftung";"Wodin, Natascha;Margwelaschwili, Giwi"
;Sprache im technischen Zeitalter (Spr.i.t.Z.);;Sonderheft;2015;Verwandelte Formen;Jackson, Hendrik
;Sinn und Form;;2;2016;Das Dorf;Scherer, Marie-Luise
;Sprache im technischen Zeitalter (Spr.i.t.Z.);;217;2016;"Alessandro; Drei Erzählungen. Alles Gute; Echos; Senke; Die Zerstörung; Mit einem Fuß draußen; Namors Nebel; Die Lauschenden; Lucia; Dickicht";"Kaminski, Volker;Lehmann, Andreas;Lehmann, Andreas;Lehmann, Andreas;Macht, Sascha;Meier, Anaïs;Schloyer, Christian;Schibli, Barbara;Sigmund, Corinna;Sonnentag, Jule"
;Sprache im technischen Zeitalter (Spr.i.t.Z.);;218;2016;"Der verlorene Abschied; WinterLand; Wald, Juni";"Schünemann, Peter;Schünemann, Peter;Meierfrankenfeld, Beate"
;Sinn und Form;;3;2016;"Aufzeichnungen eines Lehrlings; Begegnung; Eine Frau allein";"Pitschmann, Siegfried;Rohr, Angela;Meckel, Christoph"
;Sinn und Form;;5;2016;Paulkes letzter Tag;Borchardt, Rudolf
;Sinn und Form;;6;2016;Seestück;Georgi, André
;Sinn und Form;;2;2017;"Die Geschichte von Lydia und Behn; Meine Wohnung";"Scherer, Marie-Luise;Seiler, Lutz"
;Sprache im technischen Zeitalter (Spr.i.t.Z.);;221;2017;"Milchzähne; Die Dörfer von gestern";"Bukowski, Helene;Hulpe, Marius"
;Sprache im technischen Zeitalter (Spr.i.t.Z.);;224;2017;"Mein erstes richtiges Buch; Fählüna. Wie Thöny, Hilty, Frick und Wachter ein Jahrzehnt zu früh den Punk erfanden";"Spinnen, Burkhard;Sprenger, Stefan"
;Sinn und Form;;3;2017;Von der Kunst eine Kurzgeschichte lang erscheinen zu lassen;Estis, Alexander
;Sinn und Form;;5;2017;Die dichte Welt;Fioretos, Aris
;Sprache im technischen Zeitalter (Spr.i.t.Z.);;Sonderheft;2017;"Post aus Jyväskyla; Bloß ein Mensch";"Pelny, Marlen;Klüssendorf, Angelika"
;Sinn und Form;;2;2018;Der Neandertaler von Darmstadt;Geiser, Christoph
;Sprache im technischen Zeitalter (Spr.i.t.Z.);;226;2018;Die Nacht in Riom;Weißenborn, Theodor
;Sprache im technischen Zeitalter (Spr.i.t.Z.);;227;2018;"Tagebuch einer jungen Frau, die am Fall beteiligt war; LAUTE: STILLE";"Nolte, Jakob;Fritsch, Werner"
;Sinn und Form;;3;2018;"Die Hand; Arbeit am Blasator";"Georgi, André;Klein, Georg"
;Sinn und Form;;4;2018;Der Künstlerbesuch;Lehr, Thomas
;Sinn und Form;;5;2018;Einer muß wachen. Nachtstück;Kempker, Kerstin
;Sinn und Form;;1;2019;"Der einzige Weg; Junger Pfau in Aspik";"Seiler, Lutz;Klein, Georg"
;Sinn und Form;;2;2019;Kakoj Kaschmar oder You are welcome;Schulze, Ingo
;Sprache im technischen Zeitalter (Spr.i.t.Z.);;229;2019;"Miniquidi; Die Rinne; Der Bulle";"Behr, Sebastian;Lunghuß, Marc;Wintterlin, Lea"
;Sinn und Form;;3;2019;Geschichte meines Autos;Steinkopf, Leander
;Sinn und Form;;4;2019;Zurück;Haring, Roswitha
;Sinn und Form;;5;2019;Nach Split;Kinsky, Esther
;Sinn und Form;;6;2019;"Der Blaubart aus Küsnacht; Theo";"Arquint, Tatjana;Arquint, Tatjana"
;Sprache im technischen Zeitalter (Spr.i.t.Z.);;233;2020;"Der Gipfel von allem; Als ich einmal fast berühmt wurde; Saturn ohne Ringe; Sie nennen ihn auch Atlas";"Altmann, Kristin;Pelny, Marlen;Schulz, Andrej;Sommer, Philipp"
;Sprache im technischen Zeitalter (Spr.i.t.Z.);;236;2020;"grenze; Playhouse";"Dündar, Özlem Özgül;Böhm, Philipp"
;Sinn und Form;;4;2020;"Der Wächter; Die Glut; Im Innern des Berges; Mikroben; Wo keine Frage ist; Zartplastik; Die Liste; Die Abkürzung; Die leere Seite im Reisetagebuch";"Lehner, Christian;Lehner, Christian;Lehner, Christian;Lehner, Christian;Lehner, Christian;Steinkopf, Leander;Asgari, Marjan;Schock, Ralph;Sayer, Walle"
;Das GRAMM;;1;2021;Die Übungen;Setz, Clemens J.
;Das GRAMM;;2;2021;Grünge Orangen;Krusche, Lisa
;Sinn und Form;;1;2021;Ohne Form sind wir Staub;Kempker, Kerstin
;Sinn und Form;;2;2021;Der Türke;Georgi, André
;Sprache im technischen Zeitalter (Spr.i.t.Z.);;237;2021;"Mein Sohn hält mich in seiner Hand; Die Briefe meiner Mutter; Eierfrauen; you";"Hoang, Hieu;Schmeller, Rina;Steiner, Paula;Tidén, Frederik"
;Sprache im technischen Zeitalter (Spr.i.t.Z.);;238;2021;"Der Umzug; Der Zwiebelfisch";"Loschütz, Gerd;Skármeta, Antonio"
;Sprache im technischen Zeitalter (Spr.i.t.Z.);;239;2021;"Würgeengel, 90er Jahre; Rosi; Das Milch & Honig-Notizbuch; Amok; Bruder Klaus; (Notate, 4. Januar 2017); Ungegenwart";"Hettche, Thomas;Schulze, Ingo;Grünbein, Durs;Lenze, Ulla;Lüscher, Jonas;Bazyar, Shida;Bulucz, Alexandru"
;Sprache im technischen Zeitalter (Spr.i.t.Z.);;240;2021;Erde Liebe Chaos;Just, Lorenz
;Das GRAMM;;3;2021;Ein großes Dankeschön;Loß, Lennardt
;Das GRAMM;;4;2021;Tamina Blue;Fallwickl, Mareike
;Das GRAMM;;5;2021;Ein verlängertes Wochenende;De Weck, Margaux
;Das GRAMM;;6;2021;Rote Asche;Sipal, Akin Emanuel
;Sinn und Form;;3;2021;Am Osloer Fjord oder der Fremde;Lange, Hartmut
;Sinn und Form;;4;2021;Das japanische Palais;Deckert, Renatus
;Sinn und Form;;6;2021;"Der Polyp Polymat; Dreh dich nicht um";"Margwelaschwili, Giwi;Haring, Roswitha"
;Sinn und Form;;1;2022;Das Zusammenfalten der Zeit;Seyer, Walle
;Das GRAMM;;10;2022;John Belushi;Stahl, Alexandra
;Das GRAMM;;11;2022;Poolparty;Winkler, Philipp
;Das GRAMM;;12;2022;Immer die Liebe;Grigorcea, Dana
;Sprache im technischen Zeitalter (Spr.i.t.Z.);;241;2022;"Quinn; mutterfremd; tänzeln; Manner: Sturm der Triebe";"Kaiser-Mühläcker, Roman;Karrasch, Ferial Nadja;Milsch, Charlotte;Osagiobare"
;Sprache im technischen Zeitalter (Spr.i.t.Z.);;242;2022;Es reicht doch, das Matterhorn zu bestaunen;Lehr, Thomas
;Sprache im technischen Zeitalter (Spr.i.t.Z.);;243;2022;"Einige Landesgrenzen weiter östlich, von hier aus gesehen; A Gringo Like Me";"Bulucz, Alexandru;Kordež, Klemen"
;Sinn und Form;;3;2022;Der Jenseits-Baedeker;von Kieseritzky, Ingomar
;Das GRAMM;;7;2022;Die Aussicht;Engler, Leon
;Das GRAMM;;8;2022;Abendbrot;Hermann, Judith
;Das GRAMM;;9;2022;Stock und Kopf;Özdogan, Selim
;Sinn und Form;;1;2023;"Nachtwege; Onkel hast du Feuer?";"Weinholz, Erhard;Kohlhaase, Wolfgang"
;Das GRAMM;;13;2023;Gehen oder Bleiben;"Poznan, Judith;Lukas, Clint"
;Das GRAMM;;14;2023;Alles wird heller;Hirschl, Elias
;Das GRAMM;;15;2023;Glitzer;Thomas, Ruth Maria
;Das GRAMM;;16;2023;Die Sterne über der Wüste;Lupert, Rick
;Das GRAMM;;17;2023;Liebe Grüße;Gawrisch, Dmitrij
;Das GRAMM;;18;2023;Lady-Mücken;Nandi, Jacinda
;Sinn und Form;;2;2023;"Man tut nichts anderes dort; Vierhundertfünfundsechzig";"Steinkopf, Leander;Schock, Ralph"
;Sprache im technischen Zeitalter (Spr.i.t.Z.);;245;2023;"Ferhat; Verdrängungen ersten Grades; Winterschlaf; Peter Papierflieger; Oh well; Familienkur; Oh, Sunny";"Aktay, Eser;Engler, Leon;Petuzzi, Mario;Philippi, Emily;Putz, Tom Jan;Schumacher, Florentin;Yun, Ta-Som"
;Sinn und Form;;3;2023;Weiße Stellen, schwarze Löcher, blinde Flecken;Schulze, Ingo
;Sinn und Form;;4;2023;Einfache Rezepte;Weinholz, Erhard
;Sinn und Form;;5;2023;Leonor rückwärts;Kempker, Kerstin
